rain_1h,rain_3h,rain_6h,rain_24h,forecast_rain_3h,soil_moisture,water_level_m,water_level_rise_rate,slope_deg,elevation_m,distance_to_stream_m,historical_flood_count,historical_landslide_count,flash_flood_score,landslide_score,combined_risk_score,flash_flood_label,landslide_label,lead_time_min
9.39,31.26,69.2,160.41,18.22,87.58,1.26,-0.05,8.71,1603.8,83.3,0,4,0.3363,0.5195,0.5195,0,0,70.0
60.2,155.38,337.4,686.77,73.42,98.0,4.41,1.33,40.17,1553.6,21.0,2,4,0.7918,1.0,1.0,1,1,41.3
26.33,68.12,151.61,270.03,9.89,98.0,1.35,0.2,21.78,1455.0,74.6,0,3,0.431,0.7239,0.7239,0,1,62.1
18.26,54.62,119.79,186.32,32.82,93.47,1.13,-0.01,9.43,1936.1,798.2,2,1,0.2939,0.5136,0.5136,0,0,70.2
3.39,20.29,50.27,113.05,0.0,45.93,1.35,-0.15,37.48,1105.5,140.7,1,2,0.2262,0.5499,0.5499,0,0,77.6
3.39,16.21,30.75,56.09,14.94,59.64,0.75,-0.04,23.05,2027.0,10.0,3,2,0.2774,0.449,0.449,0,0,69.7
1.2,6.86,33.09,103.16,13.4,87.49,1.24,-0.04,14.84,1232.4,155.2,1,0,0.3164,0.4041,0.4041,0,0,64.4
128.89,303.09,560.19,983.6,129.1,98.0,6.2,2.78,36.86,1181.5,12.7,0,3,1.0,1.0,1.0,1,1,24.5
18.38,57.55,101.78,215.99,21.73,86.52,1.64,0.16,24.48,2085.1,59.4,1,4,0.4071,0.6825,0.6825,0,1,62.2
24.63,81.4,136.47,277.98,31.08,98.0,2.25,0.42,29.88,1037.7,185.2,0,1,0.4748,0.7102,0.7102,0,1,55.2
0.42,10.46,34.59,76.8,4.76,45.85,1.72,-0.09,37.63,2173.2,16.4,1,1,0.2569,0.5017,0.5017,0,0,78.8
70.07,190.12,372.26,680.84,72.76,98.0,3.27,0.93,26.81,2363.5,41.6,1,0,0.7132,0.9438,0.9438,1,1,44.9
35.73,87.76,154.7,264.4,16.41,89.88,2.19,0.12,11.98,1277.8,26.1,2,0,0.4932,0.5365,0.5365,0,0,52.9
4.77,15.58,46.19,102.82,8.04,85.75,1.3,-0.03,42.7,2281.0,244.9,3,0,0.3333,0.6381,0.6381,0,1,69.4
4.01,21.63,53.18,87.91,0.0,68.55,1.46,-0.15,18.32,1684.6,19.2,1,2,0.2988,0.4635,0.4635,0,0,69.3
4.05,14.92,36.63,63.65,1.4,64.36,1.95,0.04,43.79,1177.9,92.1,0,1,0.3101,0.6053,0.6053,0,0,73.8
77.2,189.08,350.61,693.91,59.02,98.0,1.74,0.26,8.22,1496.8,38.6,0,0,0.5872,0.7687,0.7687,0,1,58.1
14.88,45.3,109.39,198.8,34.89,96.93,1.33,0.15,25.42,2070.1,84.9,1,1,0.4031,0.6384,0.6384,0,1,57.2
11.31,23.55,58.26,124.06,26.37,62.21,1.32,0.02,33.38,1850.0,22.0,0,3,0.3031,0.6024,0.6024,0,0,70.4
91.81,210.73,324.77,512.32,118.55,98.0,5.15,2.17,40.63,1566.4,170.0,2,1,0.9682,1.0,1.0,1,1,23.5
18.93,50.77,125.61,238.89,24.97,98.0,2.35,0.33,36.09,1174.6,123.6,2,1,0.484,0.7467,0.7467,0,1,50.1
3.0,10.32,33.42,58.22,11.47,54.26,1.8,-0.12,17.2,1947.6,10.0,0,2,0.2731,0.3904,0.3904,0,0,78.7
6.91,19.97,52.08,98.95,21.44,75.49,1.85,-0.06,16.76,1267.0,353.8,1,3,0.3024,0.4991,0.4991,0,0,70.0
139.63,317.79,538.61,1107.44,146.3,98.0,3.93,1.56,20.84,1296.1,268.2,0,1,0.9396,1.0,1.0,1,1,30.7
117.58,274.03,491.73,829.19,99.03,98.0,3.71,0.74,11.98,1982.4,42.4,1,3,0.8325,1.0,1.0,1,1,33.2
30.76,73.29,148.93,282.9,22.51,98.0,2.63,0.55,32.1,1671.4,41.4,1,0,0.5486,0.7133,0.7133,0,1,54.7
4.45,20.48,52.06,91.69,12.03,86.98,1.38,0.05,41.89,1056.6,83.0,1,1,0.3478,0.6723,0.6723,0,1,67.8
153.52,344.97,626.82,984.73,150.0,98.0,6.2,2.65,31.12,1883.7,115.8,0,2,1.0,1.0,1.0,1,1,22.8
17.95,59.34,125.92,266.03,23.96,98.0,1.82,0.22,27.2,1175.8,41.3,1,2,0.4477,0.7059,0.7059,0,1,61.2
108.59,255.11,428.98,790.14,83.31,98.0,4.45,1.59,26.12,2004.8,190.4,1,2,0.9081,1.0,1.0,1,1,42.4
18.71,50.01,84.24,151.48,21.52,80.32,1.59,0.1,29.33,1539.9,10.0,1,1,0.3926,0.5925,0.5925,0,0,61.1
3.74,12.23,27.8,63.05,27.11,69.5,1.89,0.01,33.58,1731.7,60.9,0,2,0.3192,0.5572,0.5572,0,0,68.4
1.35,14.71,41.19,92.96,7.44,73.98,1.61,-0.14,36.62,1741.6,97.4,1,1,0.3004,0.5804,0.5804,0,0,76.7
59.47,147.74,281.84,479.66,53.34,98.0,3.73,1.14,33.14,992.2,192.9,1,0,0.7079,0.884,0.884,1,1,43.7
67.41,138.34,300.52,485.24,75.95,98.0,3.1,1.29,33.38,1823.3,246.5,2,1,0.7184,0.9387,0.9387,1,1,35.7
33.05,65.04,105.96,214.1,50.23,98.0,2.28,0.75,42.26,2180.8,33.6,2,3,0.5701,0.832,0.832,0,1,52.2
7.27,21.66,37.88,75.43,7.47,57.49,1.41,-0.06,40.38,2220.5,33.1,0,1,0.2766,0.5603,0.5603,0,0,63.5
2.06,14.41,41.89,101.14,3.92,52.41,1.9,-0.12,37.66,1886.1,55.1,0,4,0.2655,0.6192,0.6192,0,0,70.8
148.28,358.21,548.82,1104.26,150.0,98.0,3.25,0.68,9.56,2348.8,66.9,1,2,0.88,1.0,1.0,1,1,34.8
11.6,27.23,64.73,138.16,17.33,67.36,1.59,0.11,32.08,1737.2,226.4,0,5,0.3091,0.6744,0.6744,0,1,67.3
2.6,20.59,63.35,135.29,25.11,78.52,1.07,-0.17,24.38,1170.5,10.0,2,1,0.3091,0.5223,0.5223,0,0,71.9
110.41,231.64,402.03,574.82,150.0,98.0,4.57,1.94,30.23,1839.3,138.6,3,3,0.9806,1.0,1.0,1,1,24.5
0.7,16.24,53.17,128.76,3.57,79.64,1.55,-0.01,32.71,2250.1,29.8,2,2,0.3408,0.6096,0.6096,0,0,72.2
48.01,110.08,159.27,261.68,71.35,84.85,2.97,0.75,33.73,1342.1,256.9,1,1,0.5696,0.7321,0.7321,0,1,55.0
5.99,22.71,48.53,103.84,17.9,85.54,1.42,0.01,39.3,1187.0,45.8,2,1,0.3615,0.6432,0.6432,0,1,65.3
21.73,65.11,107.09,196.46,24.49,78.58,2.85,0.27,40.76,2344.7,92.5,3,3,0.4782,0.767,0.767,0,1,54.9
158.13,304.3,621.28,1097.6,150.0,98.0,6.2,2.64,29.85,2014.8,47.9,1,1,1.0,1.0,1.0,1,1,21.8
14.68,46.86,79.96,164.68,13.82,73.7,2.41,0.08,40.19,832.1,66.5,0,3,0.3856,0.7156,0.7156,0,1,66.1
15.82,42.53,97.63,208.1,17.25,98.0,1.73,0.21,35.53,1676.0,88.6,0,1,0.4214,0.7079,0.7079,0,1,63.6
4.09,23.06,49.46,133.68,8.22,98.0,1.48,0.02,15.3,1136.8,165.2,2,3,0.3717,0.5472,0.5472,0,0,68.4
69.86,154.49,256.49,363.98,78.22,98.0,1.67,0.29,9.27,1223.2,15.4,1,0,0.5809,0.6621,0.6621,0,1,53.9
29.84,68.91,132.3,218.11,38.61,98.0,1.67,-0.01,8.36,894.5,52.1,2,2,0.4566,0.5629,0.5629,0,0,63.9
56.1,150.19,258.66,510.78,59.51,98.0,3.15,0.86,29.12,1131.1,122.5,0,2,0.6457,0.8835,0.8835,1,1,44.8
45.04,126.97,241.97,439.89,39.85,98.0,2.04,0.68,26.78,1583.6,106.6,0,0,0.5528,0.7844,0.7844,0,1,54.0
18.22,59.66,140.46,221.44,11.68,92.8,1.62,0.2,33.07,879.6,182.1,2,2,0.4169,0.7561,0.7561,0,1,64.2
50.99,113.33,223.6,337.48,64.16,98.0,3.53,1.0,38.34,2218.0,263.9,1,1,0.6553,0.8844,0.8844,1,1,45.0
1.85,17.76,54.57,145.66,0.0,94.9,1.58,-0.14,13.92,2029.4,11.9,0,0,0.3485,0.4438,0.4438,0,0,59.6
4.36,17.42,47.32,128.68,12.34,86.79,1.68,0.02,38.83,1379.3,150.1,1,2,0.3486,0.6715,0.6715,0,1,67.7
0.93,3.8,24.61,78.69,11.81,81.58,0.98,-0.13,11.53,964.9,40.1,4,2,0.3268,0.4108,0.4108,0,0,66.3
7.87,29.75,68.29,141.28,15.22,86.56,2.01,0.02,39.8,2390.1,78.8,1,2,0.3803,0.7042,0.7042,0,1,58.1
9.84,22.35,46.57,85.18,16.54,71.82,1.23,0.09,38.62,1679.5,118.6,3,1,0.3399,0.597,0.597,0,0,64.1
6.33,17.92,32.7,79.36,0.0,73.0,1.29,0.01,33.09,1447.9,19.6,0,1,0.3121,0.5391,0.5391,0,0,67.7
35.29,73.61,158.38,320.58,31.83,98.0,1.81,0.29,18.8,1077.8,51.1,2,1,0.5066,0.6484,0.6484,0,1,54.6
8.82,19.6,36.39,94.32,35.96,58.89,1.52,-0.09,11.36,1085.3,448.0,2,2,0.2508,0.3603,0.3603,0,0,74.9
6.6,19.39,39.55,76.54,11.38,78.24,0.93,0.05,36.01,2063.7,17.6,0,3,0.3128,0.6455,0.6455,0,1,69.3
15.65,45.0,78.49,167.19,15.12,94.24,2.33,0.11,15.84,1607.8,10.4,2,5,0.4594,0.6365,0.6365,0,1,58.0
3.04,13.34,26.4,76.0,0.0,62.55,1.23,-0.02,23.87,2373.6,217.5,2,4,0.2688,0.5184,0.5184,0,0,76.3
32.41,80.54,146.45,220.27,48.73,98.0,2.69,0.41,27.11,2322.6,67.6,1,1,0.5381,0.7003,0.7003,0,1,59.6
156.39,415.57,602.79,1162.47,150.0,98.0,6.2,2.8,32.68,1091.3,134.8,2,2,1.0,1.0,1.0,1,1,28.6
86.68,229.89,467.72,784.19,118.27,98.0,3.6,1.13,25.55,2399.0,43.8,1,1,0.7894,1.0,1.0,1,1,37.4
29.59,72.43,108.46,224.16,32.9,90.77,2.24,0.35,33.0,2377.9,26.5,1,1,0.4951,0.6807,0.6807,0,1,57.7
4.43,17.26,51.84,119.87,0.0,80.11,0.85,-0.04,37.31,2068.8,28.7,2,2,0.3178,0.6461,0.6461,0,1,73.1
0.11,13.49,38.27,87.42,6.36,71.94,1.13,-0.17,33.67,1395.0,26.1,1,5,0.2783,0.6676,0.6676,0,1,73.9
33.8,72.4,113.7,233.39,39.66,87.51,1.98,0.28,18.78,1119.8,34.0,1,7,0.4787,0.7443,0.7443,0,1,56.1
24.54,55.65,119.46,165.3,5.17,96.31,1.66,0.48,40.19,920.2,30.0,3,2,0.5012,0.7972,0.7972,0,1,56.5
99.62,198.58,353.85,579.49,88.08,98.0,4.58,1.59,27.82,835.8,201.6,1,3,0.89,1.0,1.0,1,1,32.8
29.5,72.44,143.63,318.2,49.34,98.0,3.1,0.4,24.75,2104.3,91.4,0,1,0.5353,0.678,0.678,0,1,57.2
1.54,16.0,47.09,99.41,8.48,94.65,1.62,-0.11,28.7,2310.2,42.2,3,2,0.3778,0.6122,0.6122,0,0,67.2
8.88,32.4,76.09,179.85,19.72,88.57,1.23,0.07,25.4,2024.7,50.8,1,3,0.3621,0.6342,0.6342,0,1,62.6
2.46,6.49,17.9,32.2,17.5,40.0,1.42,-0.09,35.18,2002.4,379.8,2,2,0.1974,0.4754,0.4754,0,0,76.1
39.77,110.16,195.31,340.62,54.86,98.0,2.08,0.53,23.14,1435.0,24.4,2,0,0.557,0.6983,0.6983,0,1,60.3
19.53,51.11,90.11,178.78,23.74,76.15,2.45,0.29,35.96,1807.9,261.4,2,1,0.4193,0.641,0.641,0,1,63.4
8.04,30.82,64.04,95.88,0.0,87.77,2.11,0.09,35.37,1857.5,160.2,0,2,0.3743,0.667,0.667,0,1,66.4
1.31,16.39,35.53,113.24,33.74,64.85,1.53,-0.07,17.97,1174.5,114.1,3,4,0.3019,0.4888,0.4888,0,0,71.6
7.45,15.55,34.42,77.18,18.0,70.89,1.35,-0.01,11.45,1968.8,117.4,1,2,0.3077,0.3922,0.3922,0,0,67.5
7.87,23.89,57.98,105.55,23.72,86.26,1.64,0.01,38.63,991.1,66.0,1,3,0.3648,0.7115,0.7115,0,1,71.3
26.16,49.12,123.01,205.9,34.65,76.14,1.98,0.16,14.08,1234.2,69.3,0,2,0.4074,0.5362,0.5362,0,0,63.6
20.3,58.98,109.63,241.7,32.59,98.0,1.27,-0.0,9.12,1723.0,190.8,2,1,0.3973,0.5114,0.5114,0,0,62.4
43.65,99.15,178.02,300.65,46.91,97.61,2.12,0.57,22.48,1640.3,199.8,1,1,0.5385,0.7008,0.7008,0,1,55.2
149.73,293.09,618.47,1207.32,129.14,98.0,3.9,1.33,17.15,1912.6,101.6,2,1,0.9825,1.0,1.0,1,1,34.7
2.55,12.74,41.57,88.13,5.02,79.59,1.35,-0.11,15.93,1711.8,175.6,2,1,0.3072,0.4311,0.4311,0,0,57.1
24.98,66.34,118.36,194.8,41.81,90.68,1.86,0.06,14.2,831.7,199.3,1,0,0.4135,0.5122,0.5122,0,0,67.6
28.61,76.6,143.63,224.57,40.23,98.0,2.85,0.45,34.97,2363.2,48.4,0,2,0.5319,0.7897,0.7897,0,1,51.7
16.48,43.35,102.46,158.56,28.3,85.97,1.37,0.2,36.2,2009.8,117.2,1,4,0.3856,0.7756,0.7756,0,1,74.6
29.48,79.97,174.58,284.2,43.58,98.0,1.14,0.15,9.67,2202.7,68.7,2,0,0.4455,0.5651,0.5651,0,0,57.9
13.62,34.8,77.01,169.72,35.53,86.3,1.45,0.11,27.69,2076.5,12.4,0,1,0.3779,0.5872,0.5872,0,0,65.9
146.29,281.05,604.03,829.01,150.0,98.0,2.96,0.96,12.87,1100.4,125.5,0,2,0.8716,1.0,1.0,1,1,35.5
11.16,35.66,61.69,91.26,24.39,77.59,1.47,-0.06,25.98,2289.0,106.3,3,3,0.3537,0.5905,0.5905,0,0,66.5
0.51,4.0,6.83,18.88,0.0,40.91,1.2,-0.06,20.53,2373.7,13.0,2,0,0.2371,0.2871,0.2871,0,0,76.7
2.28,7.03,31.89,67.86,9.13,76.05,1.34,-0.11,15.27,879.8,10.0,1,1,0.3101,0.404,0.404,0,0,70.0
0.64,2.55,19.63,80.29,0.0,77.84,1.05,-0.18,42.13,1011.4,34.5,0,1,0.2766,0.609,0.609,0,0,69.7
20.23,48.01,104.48,221.37,24.22,80.94,1.6,0.3,42.44,2384.0,215.1,1,1,0.3912,0.7239,0.7239,0,1,63.8
7.55,24.94,37.7,97.16,11.25,60.09,1.5,-0.08,28.3,1234.2,10.0,0,1,0.2882,0.4708,0.4708,0,0,67.2
14.21,49.01,91.73,178.09,31.93,87.03,1.74,-0.01,14.77,2102.7,74.0,4,2,0.4135,0.534,0.534,0,0,59.6
88.96,247.68,395.38,708.65,63.25,98.0,5.13,1.43,29.0,872.3,23.7,2,3,0.9057,1.0,1.0,1,1,33.6
5.73,13.18,44.16,109.39,15.14,86.76,1.74,-0.01,41.43,1958.5,35.1,1,1,0.3669,0.6583,0.6583,0,1,65.8
10.57,22.88,35.49,84.45,18.54,77.2,1.56,-0.07,21.6,1907.3,176.3,0,3,0.3152,0.5223,0.5223,0,0,70.9
126.19,302.69,636.58,1209.29,150.0,98.0,3.06,0.8,12.96,2297.1,228.1,3,2,0.8273,1.0,1.0,1,1,36.6
5.2,23.15,42.98,95.0,6.67,84.25,1.28,-0.09,32.97,1952.4,104.2,1,2,0.3226,0.6122,0.6122,0,0,65.8
1.6,9.62,18.61,56.4,11.37,78.7,1.87,-0.17,31.63,818.3,238.7,2,2,0.3116,0.5561,0.5561,0,0,65.9
6.84,14.59,26.99,79.24,8.96,74.58,1.47,-0.12,8.05,1493.2,233.3,0,2,0.2831,0.3662,0.3662,0,0,76.3
3.52,9.55,22.05,68.86,0.0,76.58,1.26,-0.11,38.73,1324.0,30.0,1,3,0.3089,0.6412,0.6412,0,1,73.6
53.1,130.43,251.8,412.94,44.21,98.0,2.69,0.94,31.79,1691.7,124.3,2,2,0.6451,0.8965,0.8965,1,1,49.9
33.02,84.74,174.56,348.57,38.48,98.0,1.62,0.26,15.05,1456.7,180.8,3,1,0.4822,0.6381,0.6381,0,1,56.8
20.07,49.33,98.25,209.63,14.11,98.0,1.29,0.02,8.12,1213.4,98.8,2,3,0.4119,0.5494,0.5494,0,0,62.1
41.03,95.45,197.38,340.65,65.35,98.0,3.1,0.98,43.0,1840.7,196.7,1,1,0.6174,0.8897,0.8897,1,1,57.0
32.56,89.06,196.63,317.65,46.04,98.0,2.79,0.59,35.17,1263.4,118.9,0,2,0.5444,0.8561,0.8561,0,1,62.4
4.13,11.16,17.34,38.38,14.77,73.62,1.6,0.01,21.14,2153.6,40.2,2,3,0.3391,0.4865,0.4865,0,0,72.4
44.62,128.56,207.06,381.35,42.77,98.0,3.02,0.53,23.58,1282.9,138.8,1,2,0.5864,0.7761,0.7761,0,1,56.2
15.5,49.99,108.78,188.03,22.95,75.53,2.02,0.03,27.4,1600.3,106.4,1,3,0.3734,0.6536,0.6536,0,1,74.1
76.54,198.31,362.03,626.4,109.16,98.0,4.0,1.51,33.87,2112.9,117.7,2,2,0.8206,1.0,1.0,1,1,38.2
145.3,338.52,564.52,1053.52,116.76,98.0,3.38,1.16,14.23,2107.8,12.0,2,3,0.9439,1.0,1.0,1,1,28.8
85.71,164.7,301.23,452.87,66.78,98.0,2.38,0.68,15.05,1717.1,16.1,2,2,0.7012,0.8229,0.8229,1,1,43.6
2.33,7.35,14.15,47.73,15.16,60.28,1.22,-0.11,9.74,1376.9,202.3,1,4,0.245,0.384,0.384,0,0,75.4
5.17,19.52,60.8,88.69,0.0,55.39,1.43,-0.01,43.49,1670.6,67.7,0,0,0.2679,0.5773,0.5773,0,0,70.5
11.14,23.86,54.63,150.18,4.4,98.0,2.18,0.25,39.52,2152.0,29.1,3,4,0.4717,0.7773,0.7773,0,1,57.8
34.08,69.18,132.96,219.84,36.19,98.0,2.36,0.43,27.91,1111.0,11.7,1,3,0.5373,0.7502,0.7502,0,1,51.7
39.43,95.76,177.89,271.58,34.14,98.0,2.07,0.4,23.49,952.1,36.6,0,1,0.5216,0.7097,0.7097,0,1,60.6
0.14,8.62,39.08,109.45,0.0,58.6,1.13,-0.02,16.55,1710.4,42.0,0,1,0.2517,0.3742,0.3742,0,0,73.2
14.3,45.05,93.03,186.56,15.03,84.79,1.61,0.21,29.42,1697.2,488.7,2,3,0.3498,0.6765,0.6765,0,1,69.0
10.81,25.42,68.19,146.34,34.07,80.14,1.43,0.06,32.86,1233.7,215.9,0,2,0.3243,0.6306,0.6306,0,1,72.5
5.02,14.15,38.3,97.68,3.84,55.64,1.22,-0.12,32.81,1466.9,10.0,3,1,0.2861,0.4951,0.4951,0,0,68.7
2.55,12.16,32.45,74.02,2.38,75.33,1.73,-0.14,8.23,896.1,165.6,0,2,0.2928,0.3764,0.3764,0,0,76.2
76.37,185.0,300.46,529.15,40.82,98.0,4.73,1.39,33.27,965.8,99.6,0,1,0.8228,0.9378,0.9378,1,1,36.0
106.02,241.7,423.56,809.74,80.93,98.0,5.98,2.37,39.19,2116.7,31.1,4,1,1.0,1.0,1.0,1,1,20.0
121.92,302.96,591.01,817.32,144.01,98.0,3.03,0.87,12.14,1516.4,164.7,1,1,0.8097,1.0,1.0,1,1,33.7
14.63,37.61,90.56,206.97,5.07,98.0,2.07,0.15,35.19,914.7,10.0,0,2,0.4375,0.7266,0.7266,0,1,57.8
24.28,63.68,149.17,292.36,43.66,98.0,2.98,0.49,37.64,2337.1,157.8,1,4,0.527,0.8778,0.8778,0,1,67.6
9.04,26.44,54.0,130.45,23.75,87.92,1.51,-0.11,17.94,1096.4,270.8,0,0,0.3157,0.4557,0.4557,0,0,68.9
71.36,192.38,364.53,681.79,72.22,98.0,4.5,1.4,33.64,1272.9,257.1,4,1,0.8192,1.0,1.0,1,1,38.2
65.64,175.41,264.25,510.99,64.31,98.0,1.94,0.27,11.48,2354.7,177.6,1,4,0.5589,0.8092,0.8092,0,1,50.3
5.8,20.24,34.29,94.84,2.37,78.75,1.1,0.04,31.37,1048.5,327.5,3,1,0.3066,0.5434,0.5434,0,0,75.5
146.94,351.81,549.75,860.41,148.54,98.0,6.15,2.1,26.37,2348.4,147.4,1,3,1.0,1.0,1.0,1,1,23.9
7.16,17.05,28.87,61.98,14.2,66.64,0.71,0.02,38.59,1941.7,139.3,2,2,0.2799,0.5906,0.5906,0,0,67.5
6.7,21.57,37.84,99.54,5.99,55.21,1.14,0.01,24.27,1454.4,10.0,2,0,0.2885,0.395,0.395,0,0,67.2
0.75,8.15,26.52,67.97,19.2,60.69,1.37,-0.02,23.41,1731.6,23.0,2,0,0.2916,0.3896,0.3896,0,0,77.0
18.81,47.4,101.34,158.21,18.99,64.1,1.9,0.28,41.62,1588.0,182.5,2,0,0.3759,0.6363,0.6363,0,1,59.6
13.97,39.04,74.02,112.59,20.01,88.44,1.6,0.12,41.63,2077.8,719.1,3,0,0.3267,0.6712,0.6712,0,1,72.6
1.06,2.36,12.99,52.19,30.06,79.71,1.21,-0.05,9.29,853.7,152.7,1,2,0.2963,0.3733,0.3733,0,0,67.3
6.53,32.18,79.34,181.3,19.18,75.57,1.61,-0.12,25.48,2092.1,104.1,0,0,0.3083,0.5124,0.5124,0,0,66.3
47.78,125.06,206.52,379.75,49.22,98.0,1.96,0.22,13.79,2351.5,24.3,2,0,0.5408,0.6372,0.6372,0,1,55.4
5.48,17.32,39.69,107.24,14.53,62.52,1.11,-0.11,17.85,1458.8,354.6,1,0,0.2322,0.3664,0.3664,0,0,71.2
157.68,382.02,582.75,1039.96,150.0,98.0,6.2,2.8,31.98,1065.8,125.9,0,1,1.0,1.0,1.0,1,1,26.7
109.55,234.38,489.72,971.76,143.63,98.0,3.41,0.64,12.65,929.5,80.6,1,4,0.7841,1.0,1.0,1,1,35.3
84.88,156.3,269.88,488.17,99.88,98.0,1.9,0.37,8.41,1322.1,237.1,0,1,0.5979,0.7015,0.7015,0,1,55.5
75.44,193.29,345.76,702.52,98.41,98.0,3.68,1.34,34.18,965.6,367.6,3,2,0.7623,1.0,1.0,1,1,45.9
22.3,59.42,101.47,148.86,41.5,98.0,2.2,0.32,31.09,1129.0,55.7,1,1,0.4835,0.6771,0.6771,0,1,57.8
28.68,81.63,127.99,273.75,29.94,97.47,2.95,0.53,40.5,1829.8,87.0,2,0,0.5583,0.7533,0.7533,0,1,59.2
137.42,295.65,526.85,930.87,150.0,98.0,5.3,2.07,27.52,1436.0,14.7,2,2,1.0,1.0,1.0,1,1,21.2
26.05,64.93,135.43,235.66,39.86,85.64,2.85,0.4,42.03,2236.7,385.8,2,1,0.4685,0.7716,0.7716,0,1,56.7
9.17,31.26,64.27,121.03,16.11,72.82,1.32,0.03,29.94,1515.4,15.4,2,1,0.3429,0.5519,0.5519,0,0,69.5
20.01,43.26,101.21,229.53,34.81,92.61,1.69,0.19,21.94,1004.3,317.5,2,0,0.4058,0.5585,0.5585,0,0,65.7
20.08,49.83,104.21,199.86,17.55,83.94,2.26,0.13,29.9,978.8,25.4,1,2,0.4348,0.6616,0.6616,0,1,57.6
15.35,37.05,64.49,106.23,29.04,72.15,1.88,0.22,34.97,1893.6,287.3,1,3,0.3545,0.6506,0.6506,0,1,67.3
1.89,7.19,35.49,57.49,13.22,66.43,1.01,-0.1,20.51,1795.9,72.2,0,2,0.2562,0.4535,0.4535,0,0,73.0
36.07,100.79,211.03,314.47,53.36,98.0,2.38,0.3,21.41,1918.0,107.6,1,1,0.5173,0.7336,0.7336,0,1,58.2
7.74,20.39,50.79,95.89,17.5,85.27,1.31,-0.05,30.68,1308.9,10.0,1,2,0.3483,0.6062,0.6062,0,0,75.1
4.13,11.43,27.29,50.79,13.44,51.17,0.94,0.01,24.4,2259.8,60.2,1,2,0.2475,0.4318,0.4318,0,0,72.9
120.87,318.05,498.31,936.84,125.63,98.0,4.98,1.82,26.97,937.7,81.6,3,1,1.0,1.0,1.0,1,1,23.6
110.31,221.64,462.29,792.45,74.43,98.0,6.2,2.67,43.35,804.2,10.0,1,1,1.0,1.0,1.0,1,1,24.5
97.83,231.04,370.56,704.46,90.64,98.0,1.65,0.37,9.58,1974.5,129.8,2,4,0.653,0.9239,0.9239,1,1,42.8
0.33,7.33,28.07,59.84,0.0,80.47,1.58,-0.12,31.32,1867.2,219.1,0,4,0.2868,0.6302,0.6302,0,1,76.9
115.22,281.91,472.21,826.84,91.25,98.0,6.2,2.75,41.22,1564.4,10.0,0,0,1.0,1.0,1.0,1,1,30.2
5.14,27.08,70.14,143.31,0.0,80.21,1.45,0.01,16.5,822.1,81.4,2,2,0.3444,0.5024,0.5024,0,0,70.1
20.72,51.11,109.05,203.62,40.44,89.51,1.34,0.09,15.63,938.4,10.0,1,1,0.4061,0.539,0.539,0,0,63.9
3.83,11.28,36.43,80.04,23.05,55.4,1.19,-0.01,21.07,1072.2,247.9,1,2,0.2406,0.4282,0.4282,0,0,73.3
23.48,75.03,150.54,242.36,32.23,98.0,1.79,0.01,10.67,1803.9,21.0,2,1,0.4518,0.5737,0.5737,0,0,65.4
9.78,27.6,80.12,154.17,5.3,86.63,1.55,0.04,28.17,1844.0,10.0,2,2,0.3865,0.6258,0.6258,0,1,60.5
55.21,119.3,262.92,414.79,52.36,98.0,3.62,0.97,31.24,1866.9,234.0,1,3,0.6698,0.9356,0.9356,1,1,48.4
2.96,9.85,22.04,51.51,1.35,68.43,1.33,-0.08,37.52,2075.0,70.5,1,2,0.2898,0.5787,0.5787,0,0,74.6
8.34,32.72,76.78,150.76,5.14,98.0,1.77,0.03,10.38,790.9,12.0,1,2,0.4069,0.5113,0.5113,0,0,64.7
2.41,18.69,38.05,112.11,20.21,74.0,0.9,-0.1,23.7,1811.4,125.3,1,2,0.272,0.5033,0.5033,0,0,73.4
100.48,190.77,387.19,605.89,123.16,98.0,5.79,2.01,36.23,1165.1,146.7,1,4,0.9952,1.0,1.0,1,1,22.7
41.97,90.08,204.51,337.17,62.0,98.0,3.19,0.88,35.66,1692.2,100.8,0,3,0.6164,0.8996,0.8996,1,1,54.1
138.13,382.51,674.69,942.33,129.29,98.0,2.79,0.73,10.65,1967.5,48.4,2,2,0.8515,1.0,1.0,1,1,34.2
21.58,64.22,128.64,191.45,35.95,94.6,1.71,0.04,8.41,1938.1,66.3,4,3,0.4529,0.5794,0.5794,0,0,54.1
33.99,84.72,161.01,236.5,36.83,92.16,3.17,0.67,36.2,1225.0,371.7,4,2,0.5662,0.8044,0.8044,0,1,51.4
16.2,32.52,65.47,121.2,6.09,76.65,1.11,0.01,12.97,1336.3,91.7,1,3,0.3376,0.4884,0.4884,0,0,68.3
118.95,264.22,554.37,954.09,150.0,98.0,5.1,1.94,28.8,2263.6,60.7,2,3,1.0,1.0,1.0,1,1,24.1
148.92,292.88,498.38,794.1,137.1,98.0,3.67,0.86,11.39,2150.7,147.8,0,0,0.8969,0.9747,0.9747,1,1,34.7
1.95,7.04,12.48,41.41,0.0,67.22,1.24,-0.12,18.64,1174.1,10.0,1,4,0.2841,0.4726,0.4726,0,0,69.8
45.5,127.69,240.53,459.53,47.37,98.0,2.39,0.28,13.69,1718.6,41.1,0,1,0.5379,0.7079,0.7079,0,1,53.0
46.14,128.44,203.21,361.36,57.73,98.0,3.35,0.8,34.51,927.0,30.8,2,4,0.6563,0.9188,0.9188,1,1,43.2
20.05,48.98,110.14,202.81,11.89,78.48,1.3,0.13,32.22,1828.9,136.8,2,0,0.3756,0.6121,0.6121,0,0,60.0
8.28,24.43,59.08,117.98,5.35,78.89,1.79,0.04,12.87,1775.2,111.1,1,1,0.353,0.4261,0.4261,0,0,66.1
8.59,19.64,51.39,140.12,25.74,75.79,1.52,0.01,10.14,1185.5,171.0,1,1,0.324,0.3861,0.3861,0,0,71.7
25.89,67.2,136.26,310.57,10.64,98.0,2.36,0.28,24.79,1446.0,66.8,1,2,0.4948,0.6992,0.6992,0,1,55.5
45.48,104.11,166.48,281.18,60.02,98.0,2.32,0.23,15.04,2040.8,22.9,3,1,0.5627,0.6282,0.6282,0,1,48.0
43.62,92.77,208.44,275.19,63.27,98.0,1.61,0.11,8.29,1171.5,24.2,0,4,0.4843,0.7155,0.7155,0,1,58.3
118.92,244.51,457.24,900.35,150.0,98.0,3.56,1.19,17.51,2017.8,267.4,2,0,0.8542,0.9734,0.9734,1,1,29.2
20.55,56.43,102.87,246.18,20.24,98.0,1.53,0.0,15.75,1272.0,10.0,3,0,0.4435,0.5261,0.5261,0,0,61.6
1.76,11.19,35.0,71.74,14.64,55.96,1.59,-0.03,32.66,2135.3,108.2,0,2,0.2611,0.5207,0.5207,0,0,73.7
3.53,12.67,49.38,100.7,0.0,61.06,1.69,-0.12,38.99,800.3,31.6,1,1,0.2927,0.5733,0.5733,0,0,66.3
45.76,103.64,175.4,341.72,51.84,98.0,2.59,0.25,16.56,1175.9,28.9,2,1,0.5659,0.6512,0.6512,0,1,51.5
91.44,239.85,444.92,673.54,106.47,98.0,2.69,0.74,16.03,1043.1,12.4,1,2,0.7263,1.0,1.0,1,1,48.1
0.18,15.22,45.18,116.59,0.0,94.97,1.01,-0.04,21.96,2219.4,465.2,2,1,0.2886,0.5268,0.5268,0,0,76.0
2.14,13.56,39.95,99.74,29.41,62.83,2.0,-0.09,14.21,1457.1,10.0,4,1,0.3423,0.3685,0.3685,0,0,72.7
21.78,51.09,99.63,239.09,28.51,98.0,2.15,0.4,42.09,1650.2,19.2,0,3,0.4834,0.8229,0.8229,0,1,61.3
0.1,5.99,31.91,85.35,12.79,57.2,1.07,-0.03,16.77,1149.4,54.5,2,0,0.2635,0.3333,0.3333,0,0,68.2
146.6,284.01,481.39,741.34,150.0,98.0,2.63,0.78,11.36,961.8,73.0,0,2,0.8475,1.0,1.0,1,1,34.9
15.91,40.6,92.81,214.31,15.28,89.82,1.63,0.05,28.05,1737.1,361.4,5,1,0.3966,0.6193,0.6193,0,0,64.1
120.15,284.58,410.91,641.89,150.0,98.0,5.17,1.83,27.35,1217.4,33.2,0,0,1.0,0.9955,1.0,1,1,23.1
21.11,54.87,124.9,174.99,29.11,94.28,1.74,0.2,30.75,2282.6,153.2,4,0,0.4576,0.6626,0.6626,0,1,61.9
5.08,14.79,28.53,101.78,4.67,84.09,1.18,-0.09,42.8,1536.0,128.2,2,1,0.3241,0.6427,0.6427,0,1,76.8
24.91,59.7,116.53,187.66,35.87,80.43,1.12,0.1,19.65,978.0,87.5,2,2,0.3874,0.5848,0.5848,0,0,70.0
5.42,22.77,52.64,119.63,24.68,66.04,1.04,-0.07,20.94,789.3,37.1,2,3,0.293,0.5068,0.5068,0,0,69.8
7.87,28.27,53.91,120.51,9.71,91.46,2.19,-0.03,20.13,1133.3,20.4,2,3,0.4121,0.573,0.573,0,0,66.3
27.45,67.87,133.45,240.45,43.59,98.0,2.22,0.39,30.63,1277.9,23.3,4,2,0.5387,0.7426,0.7426,0,1,53.2
20.98,39.07,96.54,181.79,37.46,98.0,2.56,0.19,29.75,1091.5,51.0,1,3,0.4837,0.7204,0.7204,0,1,60.2
37.84,74.07,176.82,356.62,34.73,98.0,2.94,0.57,27.04,1353.2,17.7,4,1,0.6157,0.7368,0.7368,1,1,54.3
21.44,63.93,137.71,244.36,23.24,98.0,2.47,0.17,21.12,2200.3,786.9,3,3,0.4011,0.7016,0.7016,0,1,65.7
16.8,44.26,94.38,170.65,0.0,94.35,1.77,0.22,23.4,829.1,70.8,1,4,0.4309,0.6867,0.6867,0,1,65.8
1.97,12.52,40.56,93.12,7.52,90.62,1.52,-0.14,36.53,2072.0,92.9,0,0,0.3256,0.5956,0.5956,0,0,63.6
9.17,31.86,82.32,177.65,20.33,67.12,1.97,0.05,29.93,1452.6,115.0,5,1,0.3778,0.558,0.558,0,0,67.2
88.62,211.24,357.2,648.17,87.6,98.0,4.75,1.67,33.79,2245.6,26.1,3,2,0.9215,1.0,1.0,1,1,24.8
5.59,28.36,52.62,150.54,11.08,93.83,1.02,-0.07,17.96,1850.6,78.9,2,1,0.3481,0.5007,0.5007,0,0,69.4
126.12,254.43,396.44,804.16,108.83,98.0,6.2,2.8,40.81,1022.1,10.0,1,1,1.0,1.0,1.0,1,1,24.1
9.99,27.59,58.47,130.85,18.29,62.45,1.73,-0.12,9.27,2333.2,417.5,1,0,0.262,0.3204,0.3204,0,0,68.9
44.52,97.02,224.11,378.14,37.44,98.0,3.02,0.67,29.45,1005.3,76.8,4,1,0.638,0.8139,0.8139,1,1,45.2
19.95,52.59,99.61,214.05,12.82,98.0,2.04,0.42,37.24,1304.9,10.0,3,3,0.5072,0.7841,0.7841,0,1,60.1
31.68,78.16,170.88,250.41,52.95,98.0,2.37,0.7,39.19,2365.0,109.7,0,2,0.5355,0.8567,0.8567,0,1,51.7
13.97,37.94,73.55,132.33,20.21,85.97,2.01,0.02,19.5,1099.5,12.7,1,4,0.4038,0.6066,0.6066,0,0,60.3
17.2,55.64,102.9,229.36,23.35,96.78,2.11,0.16,24.55,1791.5,187.3,1,2,0.4308,0.6532,0.6532,0,1,67.4
13.57,40.0,78.94,177.7,0.0,67.94,1.72,-0.13,9.26,2362.9,367.8,1,1,0.2877,0.3908,0.3908,0,0,67.6
4.34,8.6,40.44,84.77,14.72,82.52,2.12,-0.05,36.43,1886.7,298.0,4,0,0.3613,0.5719,0.5719,0,0,67.5
25.64,80.25,146.26,252.4,54.53,98.0,1.61,0.07,12.48,1843.6,67.0,0,3,0.4294,0.643,0.643,0,1,60.8
6.59,25.51,68.4,168.3,9.05,82.0,1.79,-0.07,23.41,1775.6,149.6,1,2,0.3395,0.5605,0.5605,0,0,78.0
0.49,15.87,25.93,52.92,0.59,51.35,1.62,-0.1,43.67,1666.5,20.3,1,3,0.2639,0.6148,0.6148,0,0,74.6
20.74,53.34,113.5,207.97,21.2,81.36,1.83,0.32,41.04,2316.1,10.0,1,5,0.433,0.8448,0.8448,0,1,66.1
3.9,18.6,55.83,115.25,8.28,93.02,1.58,-0.15,19.88,1647.2,206.5,1,4,0.3317,0.6077,0.6077,0,0,71.4
56.42,114.6,233.87,458.18,71.92,98.0,2.39,0.35,16.06,1844.4,142.6,1,2,0.5693,0.7487,0.7487,0,1,53.2
102.19,196.17,293.53,503.2,150.0,98.0,3.01,0.99,17.06,1969.1,285.1,0,0,0.7459,0.7696,0.7696,1,1,37.2
49.27,123.75,190.34,392.34,73.14,98.0,2.72,0.91,32.65,1620.7,295.2,0,5,0.5909,0.9183,0.9183,0,1,54.7
9.25,28.84,67.97,119.03,3.52,48.96,1.37,0.04,34.13,2214.7,51.2,0,3,0.2689,0.5832,0.5832,0,0,69.9
0.31,14.08,53.66,128.58,0.0,84.5,1.55,-0.14,15.79,787.6,46.0,1,2,0.325,0.4885,0.4885,0,0,66.8
52.71,131.43,207.0,415.14,71.65,98.0,2.66,0.33,16.64,1402.2,70.0,3,5,0.5991,0.8105,0.8105,0,1,56.1
11.18,41.63,62.04,144.75,22.51,80.53,1.84,0.08,19.64,1767.4,131.5,0,1,0.3575,0.4884,0.4884,0,0,67.5
68.02,146.36,276.13,473.25,84.31,98.0,2.66,0.74,23.59,781.3,10.0,2,1,0.6771,0.8306,0.8306,1,1,53.3
66.27,132.73,235.67,373.43,54.53,98.0,4.9,1.53,41.03,2295.9,91.8,2,4,0.8402,1.0,1.0,1,1,43.7
146.0,264.69,539.02,1033.47,150.0,98.0,3.43,0.7,8.95,2113.5,10.0,4,1,0.9218,1.0,1.0,1,1,30.7
6.98,18.79,45.59,124.38,4.1,83.56,1.25,0.0,30.98,1111.4,71.9,1,2,0.3374,0.5975,0.5975,0,0,63.3
9.73,34.0,72.25,148.56,14.37,51.33,1.12,0.1,39.02,1297.4,10.3,1,2,0.2856,0.6042,0.6042,0,0,72.7
38.09,74.7,153.66,318.0,62.91,98.0,2.69,0.58,34.04,1867.3,99.1,3,2,0.5849,0.7945,0.7945,0,1,47.5
110.8,221.78,424.37,786.24,125.74,98.0,3.09,1.03,15.8,1312.7,45.3,1,1,0.8165,0.9495,0.9495,1,1,44.7
3.71,10.07,16.36,63.04,22.76,52.15,1.54,0.03,25.16,2163.7,78.2,2,2,0.2848,0.4273,0.4273,0,0,77.1
16.27,44.63,106.97,179.47,9.89,64.92,1.64,0.06,40.77,1160.0,379.5,1,4,0.3021,0.7587,0.7587,0,1,69.4
55.03,109.49,218.45,314.6,48.86,98.0,2.26,0.31,12.17,2100.2,50.0,1,2,0.5684,0.6987,0.6987,0,1,56.4
23.82,64.03,114.03,201.99,22.63,93.95,2.53,0.54,43.55,1516.6,152.4,1,5,0.5018,0.9008,0.9008,0,1,61.2
16.88,46.23,102.9,190.01,0.12,82.04,1.44,0.05,13.17,1498.1,138.0,1,2,0.3637,0.5208,0.5208,0,0,64.7
2.04,12.99,43.93,91.28,0.24,71.77,1.58,-0.09,13.13,1027.9,243.8,1,4,0.2819,0.4797,0.4797,0,0,73.6
135.38,257.59,388.15,608.68,127.54,98.0,6.2,2.79,37.26,2372.6,48.9,1,3,1.0,1.0,1.0,1,1,27.3
92.21,204.47,409.96,573.64,106.97,98.0,5.69,1.9,37.82,1319.0,10.0,0,1,0.9677,1.0,1.0,1,1,27.1
3.02,17.33,50.83,118.87,5.47,83.46,1.68,-0.02,9.37,1087.6,423.3,1,1,0.2973,0.4007,0.4007,0,0,69.8
14.61,31.82,61.64,149.66,18.79,98.0,1.3,0.05,14.06,803.5,54.0,2,2,0.4078,0.5222,0.5222,0,0,58.0
41.97,88.43,147.36,252.64,48.97,98.0,3.47,0.96,42.15,1564.3,25.8,4,2,0.687,0.8517,0.8517,1,1,43.9
27.0,63.28,143.66,292.43,31.85,98.0,2.24,0.09,18.06,803.2,294.6,1,1,0.4421,0.6244,0.6244,0,1,54.4
23.88,69.76,117.19,182.12,21.27,92.08,1.5,-0.04,8.44,1501.3,25.4,1,3,0.4111,0.5586,0.5586,0,0,64.2
78.6,190.18,317.71,495.1,83.03,98.0,2.35,0.69,17.15,2239.4,90.3,5,2,0.7041,0.8599,0.8599,1,1,44.2
8.91,33.05,76.85,181.6,21.71,84.33,1.84,0.11,34.48,1571.7,169.0,1,2,0.3677,0.6659,0.6659,0,1,72.2
6.95,18.48,43.61,105.04,15.26,51.77,1.27,0.06,40.99,821.5,157.6,1,0,0.2624,0.5262,0.5262,0,0,74.1
33.15,91.62,163.61,350.19,46.32,98.0,1.75,0.23,13.59,1186.2,10.0,1,4,0.4878,0.7031,0.7031,0,1,59.1
33.23,69.14,129.37,291.04,49.81,98.0,2.37,0.25,16.08,830.4,27.1,2,1,0.5252,0.5912,0.5912,0,0,52.6
105.64,265.53,540.32,804.65,116.41,98.0,4.46,1.38,23.9,2205.4,263.2,3,4,0.8907,1.0,1.0,1,1,28.3
48.89,129.17,282.52,522.27,70.72,98.0,3.98,0.97,34.94,1146.2,96.7,1,2,0.6889,0.9592,0.9592,1,1,41.6
14.32,31.98,75.23,136.4,18.7,86.37,1.38,0.09,31.71,857.3,139.5,0,2,0.3574,0.6475,0.6475,0,1,66.3
13.92,39.51,87.47,189.77,25.3,94.68,1.72,-0.03,19.79,2341.5,61.8,1,5,0.3982,0.6803,0.6803,0,1,68.4
32.02,79.34,169.43,310.09,7.63,98.0,1.54,0.09,10.39,1553.8,164.1,4,1,0.4712,0.5946,0.5946,0,0,55.4
20.99,51.99,108.51,152.79,18.59,56.81,2.07,0.05,17.11,1419.3,40.9,0,1,0.3489,0.4585,0.4585,0,0,66.0
24.21,48.66,98.84,212.24,29.1,86.28,1.57,0.06,15.9,2279.7,31.7,2,1,0.4219,0.5196,0.5196,0,0,64.3
31.77,73.93,144.65,313.58,18.77,98.0,1.51,0.03,8.76,1625.9,701.7,2,0,0.3711,0.5213,0.5213,0,0,74.1
44.15,101.88,187.02,282.48,67.84,98.0,3.73,0.96,43.1,1214.4,20.6,1,3,0.6745,0.9378,0.9378,1,1,50.6
8.25,32.38,73.2,109.73,21.46,64.66,1.7,-0.13,17.19,2056.8,477.9,3,2,0.2716,0.4681,0.4681,0,0,73.9
9.42,35.82,73.33,116.24,10.26,68.73,1.16,0.08,38.12,1198.4,313.3,2,2,0.2925,0.647,0.647,0,1,70.5
1.97,16.16,51.15,124.97,24.93,82.82,1.77,-0.0,25.46,1480.7,150.5,1,3,0.3356,0.5881,0.5881,0,0,68.6
17.27,54.22,127.91,237.13,26.03,98.0,2.85,0.26,43.0,2075.2,104.7,4,1,0.5169,0.8047,0.8047,0,1,56.5
0.73,4.8,23.1,77.59,19.39,70.97,1.44,-0.03,13.38,2286.9,10.0,0,1,0.2975,0.364,0.364,0,0,68.2
12.53,43.53,81.97,178.2,7.55,92.18,1.07,0.01,11.98,1749.7,121.0,1,3,0.3568,0.5442,0.5442,0,0,70.1
15.65,50.65,112.66,160.16,24.58,91.92,0.94,-0.01,8.09,1582.9,177.6,3,0,0.368,0.4598,0.4598,0,0,67.5
6.75,29.15,60.96,96.28,26.0,67.81,1.07,-0.08,33.86,875.7,158.4,1,3,0.2747,0.6253,0.6253,0,1,72.0
17.87,41.46,79.71,170.45,37.46,93.52,1.7,0.07,19.03,1768.1,22.7,0,2,0.4104,0.5715,0.5715,0,0,61.5
158.49,370.49,589.24,918.35,150.0,98.0,6.2,2.8,39.33,1288.9,94.4,3,0,1.0,1.0,1.0,1,1,18.6
0.76,12.01,38.25,93.32,18.48,79.27,1.32,-0.14,30.82,1598.9,95.9,0,4,0.2877,0.6353,0.6353,0,1,70.3
34.59,103.41,194.44,294.22,50.83,98.0,2.26,0.39,28.79,1978.6,127.0,1,2,0.5141,0.8023,0.8023,0,1,55.6
8.93,26.74,57.89,110.95,0.0,80.76,1.17,-0.08,25.53,1806.3,213.3,3,4,0.3252,0.6211,0.6211,0,1,67.1
2.72,11.02,39.39,95.22,2.8,73.85,1.79,-0.01,17.29,909.9,143.8,2,1,0.3289,0.4233,0.4233,0,0,56.8
14.77,39.31,83.9,180.63,4.79,81.68,1.6,-0.12,10.33,1405.5,18.3,0,2,0.3532,0.4739,0.4739,0,0,66.8
29.39,60.38,140.01,282.54,17.75,98.0,2.64,0.27,23.97,1079.2,10.0,2,2,0.5319,0.6973,0.6973,0,1,51.9
142.76,257.92,466.75,703.48,150.0,98.0,3.69,0.84,11.57,999.3,17.6,1,6,0.9086,1.0,1.0,1,1,26.8
19.5,49.1,92.22,144.72,16.88,70.95,1.6,0.26,40.61,1113.6,10.0,1,1,0.3903,0.6662,0.6662,0,1,67.1
1.78,17.08,55.53,111.74,20.4,70.55,1.38,-0.17,37.86,2269.1,68.9,2,2,0.295,0.6283,0.6283,0,1,66.1
1.06,3.35,28.96,94.26,0.0,50.0,1.74,-0.05,30.31,1925.6,40.0,1,0,0.2694,0.4179,0.4179,0,0,78.6
15.16,40.6,86.16,140.4,25.54,76.56,2.34,-0.02,24.29,2248.4,10.0,1,3,0.3968,0.604,0.604,0,0,63.6
15.56,52.27,94.66,207.0,34.45,98.0,2.17,0.15,24.35,1585.7,10.0,1,2,0.4548,0.6449,0.6449,0,1,62.3
20.29,62.29,114.48,218.77,22.68,88.56,2.26,0.24,24.72,751.8,60.8,1,2,0.4517,0.6457,0.6457,0,1,67.8
25.9,80.99,142.84,286.84,42.72,98.0,1.88,0.4,34.84,806.8,337.1,0,3,0.4394,0.8177,0.8177,0,1,61.1
74.47,150.32,286.05,523.68,43.07,98.0,2.4,0.37,12.54,988.7,631.1,0,2,0.5416,0.7844,0.7844,0,1,56.3
14.53,51.58,108.27,193.61,7.96,98.0,1.5,0.04,27.13,2038.2,10.0,0,1,0.4015,0.6537,0.6537,0,1,63.6
7.8,19.31,44.58,136.28,27.49,66.96,1.82,-0.05,37.26,1082.7,213.0,0,1,0.2944,0.57,0.57,0,0,75.1
31.71,73.13,108.08,229.78,37.28,92.44,1.78,0.38,26.36,917.6,78.5,0,2,0.4696,0.6618,0.6618,0,1,61.9
6.32,22.09,51.65,79.19,9.28,76.93,1.08,-0.13,8.49,2170.6,116.4,1,1,0.2947,0.3765,0.3765,0,0,65.9
11.56,34.19,65.97,156.05,36.22,98.0,1.98,0.11,16.81,1127.1,84.6,1,2,0.422,0.5495,0.5495,0,0,54.1
1.63,10.6,16.92,45.67,13.65,37.59,1.12,-0.02,32.07,1579.0,310.0,2,2,0.1929,0.4425,0.4425,0,0,77.2
0.51,3.08,14.17,74.5,0.0,68.06,1.66,-0.11,41.63,1310.1,78.1,2,3,0.3036,0.6309,0.6309,0,1,74.9
65.75,149.97,288.13,412.43,80.2,98.0,4.21,1.5,40.17,2229.3,22.1,1,1,0.8037,0.978,0.978,1,1,34.2
36.16,92.09,185.64,317.27,46.81,98.0,3.12,0.67,37.62,1912.8,181.6,1,3,0.5768,0.8922,0.8922,0,1,52.4
23.81,70.25,120.61,202.45,26.23,98.0,2.63,0.45,42.21,1499.0,86.5,0,3,0.5057,0.8495,0.8495,0,1,51.8
10.52,24.72,51.56,124.31,14.98,62.16,1.31,-0.05,18.08,2174.0,14.9,0,2,0.294,0.4417,0.4417,0,0,65.2
3.81,11.41,27.6,64.15,4.2,46.08,0.88,-0.13,8.45,1949.1,74.3,1,1,0.217,0.2603,0.2603,0,0,71.3
3.4,24.01,59.59,110.21,12.45,61.57,1.22,-0.04,20.76,2084.6,139.5,2,2,0.2759,0.4713,0.4713,0,0,76.5
84.39,222.75,382.41,691.43,94.12,98.0,4.43,1.38,28.77,2363.0,42.1,2,1,0.8564,1.0,1.0,1,1,25.0
15.94,55.98,115.73,238.39,20.45,84.71,1.68,0.15,19.39,1085.2,291.6,0,2,0.3577,0.5938,0.5938,0,0,63.5
25.08,59.48,125.11,188.38,44.51,79.94,1.5,-0.02,9.59,1084.1,227.6,2,0,0.3733,0.4535,0.4535,0,0,59.2
21.59,45.87,99.09,233.32,31.43,98.0,1.69,0.22,26.26,1668.2,100.7,1,4,0.443,0.7256,0.7256,0,1,55.2
6.57,21.8,46.66,76.65,12.61,62.37,0.63,-0.03,15.19,1628.8,10.0,2,4,0.2776,0.4732,0.4732,0,0,76.4
95.0,239.64,473.49,915.56,116.36,98.0,4.53,1.84,34.19,2184.0,105.0,1,3,0.9144,1.0,1.0,1,1,31.6
26.78,53.47,127.03,248.09,39.52,86.91,1.31,0.11,11.21,1007.3,64.5,2,3,0.4194,0.5783,0.5783,0,0,64.1
16.16,44.03,87.67,167.08,20.75,87.73,2.45,0.29,42.49,1451.3,154.5,1,2,0.441,0.7527,0.7527,0,1,61.5
18.92,40.28,96.08,213.39,28.73,98.0,1.81,0.38,39.56,1621.1,37.3,5,5,0.5063,0.8583,0.8583,0,1,56.9
10.88,26.61,57.19,130.02,14.73,84.35,1.54,0.02,39.46,1515.8,111.7,0,1,0.3486,0.6517,0.6517,0,1,67.2
99.68,258.64,387.76,592.59,138.88,98.0,5.25,2.04,36.44,860.7,97.0,1,1,0.9787,1.0,1.0,1,1,26.2
128.53,242.67,435.44,906.16,143.08,98.0,5.96,2.21,30.81,994.0,89.8,0,0,1.0,1.0,1.0,1,1,25.2
28.36,79.19,171.82,344.06,31.85,98.0,1.21,0.16,9.92,1003.4,14.8,1,0,0.4445,0.5638,0.5638,0,0,62.7
0.29,7.99,15.11,56.29,15.12,46.92,1.19,-0.16,31.85,1733.5,80.8,3,0,0.2397,0.4046,0.4046,0,0,72.9
2.47,12.85,31.22,88.33,27.31,71.38,1.03,-0.11,34.89,1457.6,96.0,1,2,0.2748,0.5771,0.5771,0,0,74.3
0.94,4.37,16.41,74.35,30.84,74.09,1.11,-0.1,12.71,1044.0,315.2,0,2,0.2429,0.3892,0.3892,0,0,79.1
0.83,15.95,26.12,72.5,7.17,82.17,2.1,-0.14,30.17,1965.5,74.1,2,1,0.3522,0.5333,0.5333,0,0,67.6
38.68,117.06,211.37,327.95,33.18,98.0,2.08,0.54,25.24,2074.9,122.6,0,1,0.5227,0.7647,0.7647,0,1,61.8
24.32,59.18,120.81,247.37,27.93,98.0,1.67,0.27,25.01,1096.7,101.1,1,0,0.4539,0.6221,0.6221,0,1,54.0
12.86,24.57,66.83,131.05,18.03,90.49,1.57,0.06,15.18,1942.6,26.1,1,3,0.3935,0.5465,0.5465,0,0,68.1
2.06,12.04,18.44,82.73,17.97,76.64,1.17,-0.09,34.62,855.0,24.5,3,2,0.3238,0.5741,0.5741,0,0,70.7
13.53,42.34,96.0,178.49,10.86,98.0,2.24,0.2,41.3,2162.3,161.4,2,1,0.4477,0.7522,0.7522,0,1,58.3
12.83,46.39,72.3,112.28,20.91,72.3,1.47,0.01,36.36,2338.5,88.8,0,1,0.3252,0.6117,0.6117,0,0,67.5
3.8,24.1,54.31,123.33,0.0,68.96,0.89,0.03,21.29,1007.2,271.6,3,3,0.2774,0.5198,0.5198,0,0,74.5
11.38,36.79,79.1,157.78,36.27,82.64,1.35,0.17,43.43,2047.2,286.5,0,2,0.3296,0.7355,0.7355,0,1,66.1
10.17,20.81,41.3,84.67,22.43,72.66,1.21,-0.1,21.11,910.5,42.3,1,1,0.3137,0.4528,0.4528,0,0,76.3
138.13,335.13,526.06,1031.7,118.7,98.0,4.45,1.14,16.44,2336.1,12.8,1,2,0.9612,1.0,1.0,1,1,23.4
20.16,54.26,88.42,179.7,32.0,94.5,2.42,0.38,42.85,1495.9,50.6,0,1,0.4766,0.7455,0.7455,0,1,54.0
0.93,14.29,33.96,105.56,0.0,82.89,1.56,-0.1,36.43,1633.2,10.0,2,3,0.3432,0.6551,0.6551,0,1,72.9
9.39,26.73,59.65,165.13,19.07,86.04,1.55,0.09,35.4,2010.4,182.4,0,1,0.346,0.6271,0.6271,0,1,70.6
19.66,46.18,91.96,174.28,25.91,96.07,1.32,0.08,10.79,1160.5,19.0,1,2,0.4146,0.5277,0.5277,0,0,75.9
137.46,290.68,557.46,1104.45,135.23,98.0,3.6,1.19,14.91,1408.1,241.5,4,6,0.9261,1.0,1.0,1,1,23.6
38.83,79.48,139.08,277.66,33.04,98.0,1.67,0.12,8.67,865.5,64.4,1,1,0.4804,0.5437,0.5437,0,0,57.1
115.89,241.67,496.51,1007.66,141.77,98.0,6.2,2.38,35.96,1764.1,39.2,2,0,1.0,1.0,1.0,1,1,21.8
3.56,19.57,58.15,88.94,6.93,87.6,1.77,-0.08,18.02,2068.9,83.5,2,2,0.3613,0.5205,0.5205,0,0,66.2
1.46,3.66,11.45,60.88,1.68,77.74,1.09,-0.06,12.76,2155.5,111.6,0,4,0.2823,0.4537,0.4537,0,0,71.4
20.57,39.96,66.33,125.67,25.79,88.4,1.17,0.07,14.55,1635.0,145.1,1,1,0.3758,0.475,0.475,0,0,73.0
0.54,2.93,7.13,21.51,19.55,49.3,1.29,-0.12,31.08,2013.6,49.5,1,3,0.2389,0.4854,0.4854,0,0,72.0
17.63,49.62,91.22,194.69,33.09,87.91,0.94,0.08,23.59,997.3,488.7,1,4,0.312,0.6664,0.6664,0,1,72.3
56.35,132.88,229.93,444.41,66.87,98.0,3.65,1.39,41.89,1976.6,65.8,1,3,0.7386,0.9805,0.9805,1,1,45.0
17.14,43.75,86.6,181.48,22.06,98.0,1.86,0.17,21.17,757.5,215.8,2,5,0.4296,0.6996,0.6996,0,1,61.4
142.97,351.78,652.25,1064.63,114.98,98.0,6.2,2.8,38.02,1071.5,10.0,1,0,1.0,1.0,1.0,1,1,28.5
20.62,61.62,130.54,188.55,24.8,78.26,1.51,0.18,27.67,1797.2,180.6,3,1,0.3954,0.6301,0.6301,0,1,64.5
12.26,45.87,89.1,175.07,27.89,96.37,1.49,0.22,33.39,1278.9,96.2,0,2,0.398,0.7059,0.7059,0,1,66.9
15.78,29.19,65.13,144.11,28.71,93.72,2.24,-0.06,14.07,1427.5,122.5,2,1,0.4234,0.4846,0.4846,0,0,61.8
56.76,151.18,240.93,354.01,76.1,98.0,3.77,1.08,34.96,2113.0,56.0,1,1,0.7158,0.8786,0.8786,1,1,37.8
9.76,35.82,59.85,89.78,16.88,66.52,1.45,-0.12,11.08,1692.3,94.5,0,2,0.2901,0.4081,0.4081,0,0,71.0
64.98,178.91,330.99,581.37,65.37,98.0,3.96,1.07,32.88,1408.3,323.0,1,4,0.7083,1.0,1.0,1,1,52.3
47.15,99.42,174.52,251.91,56.79,98.0,2.28,0.65,24.76,1518.5,58.5,2,3,0.5915,0.7758,0.7758,0,1,52.1
4.36,24.0,48.87,92.06,0.0,54.06,1.56,-0.08,16.23,2149.9,13.4,2,3,0.2896,0.4309,0.4309,0,0,71.7
1.44,3.47,18.83,67.38,4.98,60.62,1.51,-0.18,25.29,1551.2,153.0,2,0,0.2657,0.3951,0.3951,0,0,80.3
2.12,8.49,20.89,71.53,0.0,79.1,1.53,-0.13,38.8,2194.3,84.4,1,3,0.3135,0.6474,0.6474,0,1,63.2
0.37,6.85,32.79,98.64,4.53,57.13,1.57,-0.01,13.57,1157.7,66.4,1,6,0.2769,0.4886,0.4886,0,0,72.1
1.98,10.88,47.57,106.18,8.94,81.73,1.21,-0.18,14.11,1630.7,180.5,2,2,0.2963,0.4598,0.4598,0,0,64.9
22.98,66.34,117.29,246.35,23.94,98.0,2.01,0.36,27.22,1358.9,99.1,4,1,0.5054,0.6656,0.6656,0,1,54.0
1.48,11.98,44.03,74.52,3.34,79.94,1.14,0.01,30.51,1725.6,119.8,3,4,0.3258,0.6417,0.6417,0,1,69.0
109.34,238.94,399.38,705.29,136.46,98.0,4.58,1.36,23.13,1699.6,312.6,0,2,0.8664,1.0,1.0,1,1,39.0
37.27,101.85,203.77,363.07,53.12,98.0,1.46,0.26,17.59,1692.7,10.0,1,2,0.4881,0.7242,0.7242,0,1,56.4
0.47,7.42,21.83,59.24,8.22,59.39,0.76,-0.16,10.42,1620.8,36.5,1,2,0.2345,0.3363,0.3363,0,0,76.3
33.69,77.09,144.58,326.38,16.14,98.0,1.29,0.13,9.79,1499.8,274.2,0,3,0.4139,0.6195,0.6195,0,0,62.0
6.62,24.61,48.3,117.81,11.02,70.55,1.65,-0.07,9.47,2252.1,188.8,0,1,0.2929,0.3623,0.3623,0,0,73.9
2.52,14.59,38.91,93.89,22.69,58.07,1.3,-0.14,40.45,1192.1,25.1,2,0,0.275,0.5337,0.5337,0,0,75.6
23.86,65.63,109.77,223.43,22.76,81.05,1.72,-0.0,12.73,1466.0,22.2,0,3,0.3913,0.553,0.553,0,0,70.8
81.15,227.5,371.38,755.6,97.52,98.0,3.12,0.8,18.62,1098.5,209.3,3,2,0.7198,0.9373,0.9373,1,1,45.6
41.99,118.32,228.82,471.94,69.42,98.0,3.05,0.9,43.49,1298.2,96.6,5,2,0.6637,0.962,0.962,1,1,49.2
26.57,61.05,139.63,287.02,18.89,98.0,2.99,0.55,41.39,1160.8,236.2,2,1,0.5386,0.8062,0.8062,0,1,55.3
32.54,80.22,138.57,300.13,21.51,98.0,2.09,0.08,9.54,1855.0,299.7,0,0,0.4374,0.5201,0.5201,0,0,70.5
6.63,24.31,46.38,64.84,0.0,73.26,1.24,-0.04,27.85,1917.6,10.0,2,2,0.328,0.5446,0.5446,0,0,70.1
3.91,20.03,42.13,102.45,15.81,68.36,0.88,-0.03,30.81,1206.6,419.9,1,2,0.2308,0.5493,0.5493,0,0,74.6
27.78,67.8,127.75,203.25,46.7,75.57,1.53,0.07,9.95,2373.0,151.3,2,3,0.3901,0.5373,0.5373,0,0,69.9
32.88,87.49,194.38,281.79,30.27,93.49,2.8,0.5,34.21,1219.0,215.8,3,3,0.543,0.863,0.863,0,1,58.5
120.8,230.02,438.31,770.76,86.83,98.0,6.2,2.8,43.56,2116.8,119.4,3,2,1.0,1.0,1.0,1,1,21.3
10.64,36.53,56.54,147.95,26.59,76.09,1.24,0.01,23.46,1232.8,43.7,1,3,0.3349,0.5598,0.5598,0,0,72.2
9.3,20.86,36.33,91.27,15.43,64.37,1.8,0.02,24.18,1431.8,109.8,3,4,0.3424,0.5381,0.5381,0,0,64.0
29.96,87.58,174.59,349.22,11.1,98.0,2.08,0.48,31.74,1846.8,87.0,3,3,0.5296,0.8317,0.8317,0,1,58.6
8.33,29.17,47.63,74.62,15.35,52.18,1.32,-0.0,34.52,1670.1,322.7,0,1,0.231,0.5104,0.5104,0,0,70.5
53.4,117.87,202.16,358.43,65.03,98.0,3.07,1.1,36.43,1585.2,97.2,3,0,0.6931,0.8129,0.8129,1,1,45.2
39.1,86.23,169.29,282.02,51.95,98.0,1.34,0.15,10.79,2060.5,10.0,1,2,0.4768,0.6277,0.6277,0,1,62.8
11.21,36.82,68.86,143.54,24.17,81.24,1.91,0.05,36.82,1917.7,139.0,3,3,0.3886,0.6962,0.6962,0,1,65.0
27.8,66.19,136.07,234.12,48.54,89.86,2.9,0.54,39.11,2258.4,10.0,0,0,0.5285,0.7308,0.7308,0,1,52.3
28.09,79.09,175.92,343.18,20.21,98.0,2.33,-0.01,9.63,1130.9,345.9,2,2,0.4422,0.6264,0.6264,0,1,52.9
2.18,9.45,34.59,91.04,0.0,86.05,1.14,-0.08,9.41,776.9,80.0,2,0,0.3269,0.3585,0.3585,0,0,68.1
46.57,120.67,240.84,456.8,64.7,98.0,2.63,0.61,27.83,2399.8,413.1,2,1,0.5553,0.8214,0.8214,0,1,56.9
14.07,41.63,73.18,106.6,17.2,68.41,1.6,0.01,25.89,1217.6,10.0,0,2,0.3367,0.5481,0.5481,0,0,71.9
35.03,84.8,163.21,263.9,48.89,98.0,3.54,0.81,43.28,820.9,91.3,1,3,0.6193,0.9101,0.9101,1,1,55.3
155.71,412.63,840.11,1316.46,150.0,98.0,4.49,1.54,18.6,1158.1,30.8,1,1,1.0,1.0,1.0,1,1,25.0
45.18,132.64,243.48,468.95,57.4,98.0,2.4,0.77,29.25,1853.5,122.8,1,6,0.586,0.986,0.986,0,1,54.0
9.86,31.23,71.88,142.33,8.59,83.61,1.85,0.08,26.24,1720.4,82.7,0,2,0.3675,0.5919,0.5919,0,0,63.7
0.22,12.83,46.27,123.77,5.65,88.7,1.3,0.0,27.29,1091.1,100.2,1,0,0.3301,0.5232,0.5232,0,0,65.1
47.16,112.57,190.82,339.13,54.58,98.0,2.83,0.72,31.75,1057.3,53.5,1,2,0.6143,0.8216,0.8216,1,1,44.4
1.91,7.07,25.13,43.36,0.0,47.79,1.68,-0.01,27.35,1483.2,10.0,4,1,0.3023,0.4134,0.4134,0,0,72.1
141.37,340.49,701.92,1320.34,124.14,98.0,2.62,0.6,8.25,772.3,13.5,1,4,0.834,1.0,1.0,1,1,37.5
59.94,140.59,277.18,475.56,84.64,98.0,4.19,1.23,38.37,753.9,234.7,1,1,0.7333,0.9502,0.9502,1,1,41.4
60.16,128.47,214.98,350.05,101.03,98.0,2.69,0.35,15.24,1767.8,145.6,1,0,0.5907,0.6591,0.6591,0,1,57.0
17.04,33.79,66.31,162.77,10.9,69.29,1.86,-0.08,16.32,1286.7,176.0,3,0,0.3558,0.4056,0.4056,0,0,65.1
19.98,59.38,112.57,162.66,28.97,71.97,1.58,0.1,31.33,789.5,15.7,1,1,0.3761,0.6197,0.6197,0,0,74.5
11.9,45.63,69.09,139.05,18.26,64.2,1.09,0.01,25.2,1508.7,10.0,0,1,0.2987,0.4958,0.4958,0,0,67.1
6.94,30.97,56.18,131.09,27.11,95.63,2.05,0.09,28.68,2293.7,10.0,3,2,0.4361,0.6259,0.6259,0,1,61.0
7.97,26.38,42.05,102.51,2.5,73.59,1.69,0.02,25.91,1170.6,88.5,0,2,0.3271,0.5247,0.5247,0,0,67.4
22.33,61.46,99.34,188.86,26.22,92.45,1.87,0.11,23.04,1164.3,83.4,1,2,0.4322,0.6246,0.6246,0,1,64.1
27.92,70.54,131.0,234.17,18.62,98.0,1.85,0.23,25.4,1522.2,14.1,1,0,0.4784,0.6377,0.6377,0,1,58.9
31.36,69.48,124.25,239.88,60.95,98.0,1.62,0.11,13.08,995.0,51.1,1,3,0.4602,0.6209,0.6209,0,1,55.3
31.18,77.98,161.39,305.34,25.26,98.0,3.34,0.63,42.9,1802.6,90.7,1,3,0.5825,0.9048,0.9048,0,1,44.6
122.08,239.49,468.02,886.42,139.72,98.0,5.61,1.9,28.69,2134.8,135.2,2,4,1.0,1.0,1.0,1,1,28.1
13.64,30.82,53.37,122.39,48.48,86.05,1.52,-0.06,18.33,1071.0,199.3,3,3,0.368,0.5428,0.5428,0,0,60.6
1.19,10.64,17.24,61.66,17.96,54.3,1.35,-0.15,33.66,1836.9,123.1,1,3,0.241,0.5324,0.5324,0,0,71.6
15.95,34.52,64.58,133.44,29.06,77.17,2.57,0.22,39.68,2215.2,10.0,3,1,0.4547,0.6425,0.6425,0,1,62.9
11.65,35.34,62.86,149.7,31.86,84.55,1.96,0.02,18.67,2240.1,105.9,0,2,0.3696,0.5229,0.5229,0,0,67.9
43.73,87.23,143.26,303.53,58.04,98.0,2.44,0.46,19.68,1662.3,11.0,2,4,0.5777,0.727,0.727,0,1,47.4
8.64,30.87,79.42,158.66,18.3,78.57,1.59,0.07,23.79,1001.3,99.9,1,3,0.3486,0.5974,0.5974,0,0,65.0
2.49,14.49,36.15,80.52,7.46,49.72,0.99,-0.06,15.82,1837.6,56.6,1,2,0.236,0.37,0.37,0,0,79.7
3.09,21.48,47.94,108.18,6.47,88.94,1.83,-0.07,37.15,1962.4,40.5,1,2,0.362,0.6648,0.6648,0,1,65.8
28.67,72.68,146.17,270.15,31.85,85.85,1.89,0.31,29.03,1994.6,78.9,2,4,0.4651,0.7713,0.7713,0,1,64.3
19.26,62.12,114.08,205.95,34.93,98.0,1.54,-0.04,10.05,2291.7,57.7,1,3,0.4109,0.5843,0.5843,0,0,54.5
2.13,13.13,31.12,71.61,2.05,65.29,1.39,-0.14,43.88,1765.2,212.8,3,3,0.278,0.6619,0.6619,0,1,70.9
1.76,13.23,36.9,88.67,3.88,74.86,1.24,0.01,28.7,1519.1,30.8,3,0,0.3312,0.4843,0.4843,0,0,65.5
24.14,60.64,133.74,249.99,18.09,98.0,2.13,0.52,40.04,1579.2,17.6,2,6,0.5201,0.9382,0.9382,0,1,53.0
1.51,10.47,28.94,80.46,15.35,65.74,1.15,-0.14,26.06,1280.5,217.7,0,2,0.2364,0.4879,0.4879,0,0,72.0
128.21,339.58,598.42,786.08,150.0,98.0,5.06,2.0,28.97,844.5,33.5,1,1,1.0,1.0,1.0,1,1,31.8
153.75,292.56,576.5,1153.1,94.03,98.0,5.69,2.02,24.36,1933.8,10.0,1,1,1.0,1.0,1.0,1,1,25.2
1.7,15.55,27.99,66.46,22.35,67.69,0.81,-0.02,23.22,782.8,58.7,0,4,0.2591,0.5295,0.5295,0,0,65.9
1.77,16.07,49.39,115.95,14.03,64.51,0.76,-0.01,15.86,855.8,205.1,1,6,0.242,0.5479,0.5479,0,0,74.3
108.55,253.5,405.71,792.4,150.0,98.0,6.2,2.54,42.64,1301.3,67.8,5,2,1.0,1.0,1.0,1,1,22.9
9.38,30.31,56.49,122.92,18.38,58.85,0.98,0.03,14.54,2286.3,76.2,2,1,0.2898,0.3802,0.3802,0,0,73.7
99.83,231.19,436.78,838.84,132.69,98.0,4.49,1.45,26.95,1547.2,10.0,1,0,0.8982,1.0,1.0,1,1,32.2
33.51,75.03,124.52,249.6,53.1,98.0,2.22,0.14,11.14,1105.0,149.0,1,2,0.4822,0.5757,0.5757,0,0,56.9
58.84,138.89,223.74,461.18,51.12,98.0,4.06,1.46,43.76,2230.1,50.5,3,0,0.7924,0.8979,0.8979,1,1,46.1
85.38,207.18,352.74,606.83,122.68,98.0,3.49,1.35,28.0,1693.3,156.5,0,2,0.7784,0.9896,0.9896,1,1,40.8
28.0,73.56,155.5,281.46,22.64,98.0,2.89,0.54,37.32,1360.2,63.5,3,4,0.5696,0.8831,0.8831,0,1,53.1
157.95,322.76,676.68,1123.76,150.0,98.0,6.2,2.55,28.27,1930.9,89.8,1,3,1.0,1.0,1.0,1,1,26.8
1.74,5.66,28.7,78.12,3.57,56.98,1.62,-0.14,36.98,1477.9,106.8,0,0,0.2534,0.4905,0.4905,0,0,69.7
30.02,77.43,170.64,368.35,35.38,98.0,2.29,0.37,27.24,1954.5,26.3,0,3,0.5066,0.7909,0.7909,0,1,54.3
16.35,42.05,92.22,214.8,12.82,98.0,1.73,0.04,24.02,1110.3,41.8,2,4,0.4319,0.6993,0.6993,0,1,67.8
11.04,39.73,79.62,175.88,31.51,97.75,2.02,0.03,24.41,997.8,105.7,0,1,0.4014,0.5963,0.5963,0,0,60.2
47.36,97.83,151.24,255.13,44.14,98.0,1.53,0.14,8.08,1510.5,207.8,2,4,0.4888,0.6439,0.6439,0,1,54.0
2.36,19.81,42.93,67.57,0.0,64.46,0.71,-0.09,21.34,1277.3,390.7,4,1,0.2383,0.4337,0.4337,0,0,69.4
13.57,39.93,83.59,139.15,30.07,81.67,1.88,0.09,42.27,1748.5,89.1,2,3,0.3947,0.759,0.759,0,1,62.0
0.23,1.79,8.51,36.15,7.67,75.19,0.97,-0.16,32.32,2051.5,10.0,1,2,0.2813,0.5395,0.5395,0,0,77.3
12.65,26.57,68.67,148.03,26.03,80.64,1.49,0.07,41.1,2237.5,374.9,2,1,0.3319,0.6685,0.6685,0,1,66.0
147.71,329.37,628.15,979.04,150.0,98.0,3.95,1.18,15.21,2004.9,65.5,0,0,0.9498,1.0,1.0,1,1,34.2
2.53,16.32,34.75,86.22,18.94,60.06,1.76,-0.1,25.68,1313.9,13.0,3,3,0.3146,0.5061,0.5061,0,0,71.9
2.5,15.82,50.43,93.71,17.81,75.42,1.62,-0.04,9.24,1950.2,429.9,0,3,0.2628,0.4367,0.4367,0,0,68.0
20.95,48.81,101.37,237.43,25.07,98.0,1.73,0.33,32.37,1624.3,39.5,1,0,0.4623,0.6573,0.6573,0,1,55.3
27.41,70.36,158.79,219.99,36.89,97.16,2.03,0.57,36.22,2245.0,128.3,2,5,0.5122,0.9059,0.9059,0,1,53.1
17.51,48.48,125.88,293.49,19.9,94.91,2.34,0.23,34.92,1916.4,18.7,0,3,0.4573,0.789,0.789,0,1,67.1
65.49,168.71,287.74,492.65,69.52,98.0,2.34,0.3,11.12,997.9,152.6,3,1,0.6032,0.7451,0.7451,1,1,54.1
99.07,262.38,488.58,712.13,84.47,98.0,3.67,0.84,16.91,878.9,449.1,1,1,0.7399,1.0,1.0,1,1,36.3
6.73,19.64,45.84,107.51,24.26,91.87,1.68,-0.05,31.61,1647.3,504.4,2,5,0.3209,0.7162,0.7162,0,1,68.1
111.74,287.47,531.97,1063.75,99.67,98.0,5.53,2.26,35.32,1352.3,16.2,1,0,1.0,1.0,1.0,1,1,27.2
5.06,21.38,63.02,103.83,0.0,74.3,1.63,0.0,17.87,1027.4,175.7,1,3,0.3155,0.518,0.518,0,0,66.7
66.06,124.91,215.74,424.82,53.29,98.0,3.4,0.86,22.62,2066.1,131.0,1,2,0.6899,0.7791,0.7791,1,1,51.8
0.24,11.41,23.3,72.46,0.0,67.96,0.96,-0.11,20.65,1369.4,194.0,0,2,0.2365,0.4439,0.4439,0,0,75.4
70.05,165.57,240.12,375.08,85.09,98.0,2.11,0.28,8.16,891.9,48.6,0,1,0.5865,0.6632,0.6632,0,1,55.6
0.88,10.06,33.7,68.75,0.0,57.0,1.13,-0.03,28.75,1182.7,61.6,2,2,0.2666,0.4908,0.4908,0,0,77.8
44.35,127.4,271.82,446.62,59.76,98.0,2.48,0.73,32.09,1866.9,50.2,1,3,0.5926,0.9533,0.9533,0,1,49.7
15.0,48.82,99.09,164.95,13.13,89.71,0.86,0.02,17.95,1819.1,174.6,1,1,0.3424,0.5459,0.5459,0,0,76.0
99.14,239.35,456.73,693.45,98.07,98.0,4.66,1.88,32.76,1183.1,198.7,4,1,0.9524,1.0,1.0,1,1,29.0
1.53,14.83,40.02,70.84,6.2,55.53,1.82,-0.1,16.74,1313.0,34.4,0,1,0.2728,0.3683,0.3683,0,0,73.8
107.36,210.18,319.46,416.76,109.65,98.0,5.06,2.11,33.76,832.2,102.1,3,0,1.0,0.9349,1.0,1,1,25.7
69.67,135.68,292.25,475.1,83.08,98.0,3.03,0.84,24.46,2322.9,16.2,0,2,0.6869,0.8873,0.8873,1,1,45.1
83.42,218.72,386.52,636.5,85.49,98.0,4.87,1.81,39.39,1289.8,10.0,2,1,0.9208,1.0,1.0,1,1,27.1
19.85,51.63,85.06,155.69,12.71,52.32,2.2,0.05,27.61,2283.5,113.0,4,3,0.3728,0.5613,0.5613,0,0,69.1
23.8,65.42,127.24,238.17,35.81,98.0,1.88,0.06,14.65,2092.9,220.1,3,4,0.4453,0.6671,0.6671,0,1,61.6
12.12,38.43,89.74,178.29,22.6,98.0,1.58,0.22,37.59,1303.0,284.4,0,3,0.3806,0.7748,0.7748,0,1,64.2
156.2,373.23,717.49,1105.08,150.0,98.0,6.2,2.8,36.0,1895.3,116.2,0,3,1.0,1.0,1.0,1,1,23.4
17.56,42.14,88.33,191.77,28.86,70.05,0.6,0.02,11.03,1531.5,198.5,3,3,0.3099,0.4824,0.4824,0,0,69.7
46.28,115.66,236.11,396.48,67.7,98.0,1.99,0.15,9.73,2361.5,62.1,2,2,0.5263,0.7008,0.7008,0,1,58.7
0.93,8.56,40.88,80.72,6.13,48.86,1.58,-0.16,12.91,1803.5,249.9,4,4,0.2505,0.41,0.41,0,0,76.4
6.6,25.68,50.72,126.75,11.72,78.26,1.34,-0.08,38.43,1606.5,178.8,2,1,0.3163,0.6186,0.6186,0,0,77.3
60.08,137.83,228.17,417.71,84.13,98.0,2.26,0.53,19.53,1802.7,44.3,3,2,0.6228,0.7695,0.7695,1,1,49.3
44.19,90.64,171.33,267.6,51.97,98.0,3.0,0.58,26.17,1113.4,109.1,1,3,0.5928,0.7832,0.7832,0,1,48.9
12.16,40.78,108.56,174.32,20.87,78.86,2.0,0.06,29.71,1255.5,10.0,2,1,0.3972,0.6211,0.6211,0,1,65.0
19.36,50.74,101.44,226.55,13.36,98.0,2.02,0.34,34.77,1925.9,19.0,1,0,0.4753,0.6765,0.6765,0,1,62.5
6.5,21.66,56.19,113.24,6.06,80.92,1.9,0.07,37.88,888.1,351.7,0,3,0.3195,0.6883,0.6883,0,1,71.8
4.17,21.35,50.22,94.37,22.75,53.75,1.87,0.01,26.57,1249.3,10.0,0,5,0.291,0.5745,0.5745,0,0,72.4
12.46,39.36,69.07,165.56,13.17,97.93,1.27,0.06,22.97,1772.3,27.3,1,2,0.396,0.6024,0.6024,0,0,65.7
106.39,201.14,419.76,610.44,78.32,98.0,2.78,0.91,15.05,2392.9,17.9,1,4,0.7834,1.0,1.0,1,1,35.1
17.52,37.24,100.01,195.61,28.09,98.0,1.41,0.3,29.87,2277.4,144.0,0,1,0.4124,0.6656,0.6656,0,1,65.3
148.78,410.97,735.38,1155.47,150.0,98.0,6.1,2.4,27.8,2123.2,13.4,2,0,1.0,1.0,1.0,1,1,22.7
73.3,182.9,338.91,460.33,63.99,98.0,2.2,0.72,18.48,1576.4,10.0,1,3,0.657,0.9265,0.9265,1,1,47.0
85.68,190.95,298.98,479.6,122.39,98.0,4.1,1.17,24.06,2077.8,320.0,1,4,0.776,0.9523,0.9523,1,1,39.8
23.96,63.96,133.14,273.94,18.2,98.0,2.19,0.44,34.63,1672.2,247.4,3,1,0.4943,0.7441,0.7441,0,1,57.3
87.04,189.22,379.49,520.74,74.94,98.0,4.33,1.52,30.57,1506.5,53.3,1,2,0.8603,1.0,1.0,1,1,36.5
7.41,19.71,46.25,117.55,23.22,58.1,1.42,-0.11,25.34,1118.8,12.7,0,0,0.2764,0.422,0.422,0,0,70.7
119.31,286.65,447.93,898.0,109.13,98.0,4.01,1.23,17.8,2319.0,136.1,2,1,0.897,0.9943,0.9943,1,1,29.8
72.16,191.59,406.34,790.91,71.21,98.0,3.82,1.3,32.05,1737.0,257.6,2,1,0.7611,1.0,1.0,1,1,40.4
3.55,14.59,49.72,102.5,4.29,65.81,1.79,-0.04,30.6,1864.3,441.0,1,1,0.2608,0.5198,0.5198,0,0,76.7
48.37,128.77,240.07,358.36,62.42,98.0,2.83,0.64,24.5,982.8,16.7,1,1,0.614,0.7938,0.7938,1,1,47.9
34.58,74.55,127.16,209.53,27.84,90.65,2.24,0.24,16.59,1460.9,110.0,0,0,0.4742,0.5419,0.5419,0,0,66.9
59.83,120.08,208.81,377.16,60.76,98.0,2.25,0.38,14.3,2341.7,67.6,3,4,0.604,0.764,0.764,1,1,51.8
25.87,55.08,118.47,276.47,41.45,98.0,2.71,0.28,20.22,2000.2,20.5,0,3,0.5058,0.6709,0.6709,0,1,54.2
138.78,272.91,465.44,967.24,150.0,98.0,6.2,2.8,40.71,2206.6,198.0,2,2,1.0,1.0,1.0,1,1,25.0
10.83,36.47,88.92,156.4,32.29,89.21,2.14,0.18,35.14,1403.2,182.9,1,5,0.4016,0.7896,0.7896,0,1,64.2
53.98,125.82,207.25,305.49,50.52,98.0,3.79,1.13,40.08,859.7,401.1,1,3,0.6683,0.9383,0.9383,1,1,43.7
40.21,79.45,145.57,310.69,14.41,98.0,2.9,0.73,38.33,1329.9,10.7,1,3,0.6071,0.849,0.849,1,1,47.0
0.93,16.03,53.3,141.2,0.0,71.81,1.32,-0.1,24.52,1370.4,32.8,1,2,0.2944,0.5224,0.5224,0,0,76.0
0.53,4.16,8.69,61.14,0.0,76.3,1.43,-0.01,27.1,1246.9,210.9,1,3,0.2942,0.531,0.531,0,0,72.0
9.45,33.64,70.5,123.13,6.95,76.51,1.31,-0.03,14.11,1619.1,60.4,3,0,0.3495,0.4132,0.4132,0,0,65.2
33.27,101.71,207.17,364.68,40.36,98.0,2.97,0.58,33.95,1067.0,77.5,1,3,0.5683,0.8892,0.8892,0,1,42.6
87.29,182.49,393.29,795.76,104.0,98.0,3.43,1.03,23.19,2297.2,113.5,1,2,0.7644,1.0,1.0,1,1,41.1
3.26,21.47,56.65,92.29,13.26,71.86,0.64,0.01,13.81,2247.4,63.0,1,1,0.2772,0.4109,0.4109,0,0,67.9
18.03,45.53,85.75,180.28,13.84,83.9,1.98,-0.09,11.43,1181.6,10.0,0,4,0.3875,0.5512,0.5512,0,0,60.8
9.59,32.17,78.54,112.48,16.09,61.71,1.33,0.07,33.06,1824.9,111.2,0,2,0.2914,0.5933,0.5933,0,0,72.3
70.07,183.25,279.72,578.84,81.26,98.0,3.6,0.88,25.36,1576.9,31.2,1,0,0.7249,0.8192,0.8192,1,1,38.3
36.92,78.09,131.63,260.41,39.17,98.0,1.72,0.02,8.32,1162.6,416.4,1,3,0.4211,0.5919,0.5919,0,0,58.7
122.28,311.98,456.23,709.39,150.0,98.0,6.2,2.56,37.68,2230.2,140.7,1,3,1.0,1.0,1.0,1,1,25.7
12.65,31.29,74.84,130.95,22.59,76.87,1.93,0.15,30.3,1131.3,220.4,2,4,0.3722,0.6691,0.6691,0,1,69.7
126.3,274.74,510.3,880.62,113.58,98.0,2.83,0.68,9.38,1780.6,370.5,0,4,0.7557,1.0,1.0,1,1,38.1
6.39,26.19,48.24,104.02,28.86,77.51,1.01,-0.03,18.97,1303.3,10.0,2,2,0.3266,0.4877,0.4877,0,0,75.3
1.16,4.35,18.5,75.45,0.0,49.66,1.64,-0.14,34.01,2113.1,19.3,0,0,0.2489,0.4337,0.4337,0,0,67.5
40.01,87.41,152.78,259.98,46.57,98.0,2.22,0.1,10.13,1773.5,198.0,3,4,0.5081,0.6621,0.6621,0,1,53.3
33.52,82.71,142.3,214.4,39.98,98.0,2.14,0.52,34.51,2123.8,259.3,0,1,0.4923,0.7544,0.7544,0,1,50.3
163.45,358.6,704.43,1210.79,143.23,98.0,6.14,2.49,26.18,1323.7,10.0,1,6,1.0,1.0,1.0,1,1,21.8
113.9,315.04,508.09,903.05,92.89,98.0,6.14,2.34,36.18,768.4,348.5,2,1,1.0,1.0,1.0,1,1,19.6
74.65,163.54,254.09,454.95,68.08,98.0,4.43,1.61,38.79,1115.7,72.7,1,2,0.8406,0.9553,0.9553,1,1,29.8
88.99,222.95,359.48,627.74,123.18,98.0,4.37,1.82,35.64,2093.8,74.5,3,2,0.9139,1.0,1.0,1,1,28.6
57.92,159.51,269.16,480.69,73.56,98.0,2.33,0.25,10.81,1272.8,253.2,2,0,0.5553,0.6899,0.6899,0,1,51.7
37.9,96.34,185.14,351.88,53.27,98.0,1.96,0.54,24.57,1277.4,41.0,2,2,0.5458,0.7573,0.7573,0,1,51.4
5.68,19.87,37.77,81.12,27.94,90.57,2.16,-0.09,19.47,1491.9,105.1,2,3,0.3859,0.5455,0.5455,0,0,67.1
11.98,38.33,77.2,112.92,13.15,57.77,1.74,0.07,26.31,1203.2,48.8,1,1,0.3246,0.4966,0.4966,0,0,66.4
2.77,9.7,33.87,79.19,13.31,64.78,1.72,-0.1,42.77,2081.7,14.5,2,5,0.3136,0.7149,0.7149,0,1,74.2
61.6,156.05,275.88,516.07,74.66,98.0,1.59,0.44,12.48,1280.8,53.3,1,4,0.5669,0.8314,0.8314,0,1,54.7
18.64,40.88,94.91,172.26,15.34,75.3,1.59,0.23,39.16,1746.5,22.8,2,0,0.4029,0.6401,0.6401,0,1,61.6
5.19,19.96,34.64,103.97,29.42,68.96,1.89,0.05,43.67,1494.2,88.3,1,0,0.332,0.5848,0.5848,0,0,63.3
22.28,61.79,134.38,252.54,8.11,94.25,2.7,0.47,43.64,1224.1,90.6,2,0,0.5182,0.7773,0.7773,0,1,55.6
19.25,52.47,121.73,233.3,26.65,81.55,2.33,0.17,36.68,1187.8,69.0,2,4,0.4389,0.7906,0.7906,0,1,67.5
76.69,198.31,290.12,500.5,95.71,98.0,3.37,1.03,24.76,1578.1,22.9,0,1,0.7366,0.8571,0.8571,1,1,48.5
2.41,8.74,23.2,50.22,22.49,42.27,0.75,-0.05,14.41,1097.9,15.2,1,1,0.2157,0.292,0.292,0,0,70.3
22.27,61.57,121.12,241.43,30.56,98.0,1.96,0.33,29.9,1320.3,13.3,0,0,0.4698,0.6616,0.6616,0,1,62.7
96.0,233.66,462.35,862.6,110.52,98.0,5.12,1.57,29.97,815.0,14.3,1,4,0.9279,1.0,1.0,1,1,25.4
29.6,83.67,159.45,307.63,57.92,98.0,2.11,0.19,19.39,2054.0,41.9,0,1,0.4767,0.6544,0.6544,0,1,56.0
14.69,34.59,69.7,183.07,1.38,93.57,2.34,0.24,30.21,822.0,10.0,3,2,0.4795,0.6488,0.6488,0,1,64.0
38.24,91.77,152.13,315.95,33.57,98.0,2.09,0.17,12.2,2189.2,10.0,2,4,0.5202,0.6779,0.6779,0,1,53.6
16.06,44.56,85.87,201.89,15.21,82.03,1.96,0.16,30.82,828.2,76.3,0,3,0.3933,0.6712,0.6712,0,1,62.7
126.47,231.02,463.06,719.34,143.7,98.0,6.2,2.8,40.28,2149.5,24.2,1,2,1.0,1.0,1.0,1,1,26.3
41.86,79.93,175.44,294.05,45.1,98.0,2.74,0.53,24.99,1812.9,36.7,1,0,0.5805,0.6888,0.6888,0,1,51.0
10.33,31.58,65.64,176.0,26.86,98.0,1.98,0.07,35.52,1584.8,52.3,0,1,0.41,0.6688,0.6688,0,1,64.4
2.88,7.28,24.11,60.29,22.41,55.79,1.75,-0.17,30.88,989.2,10.0,2,6,0.2894,0.6128,0.6128,0,0,68.7
120.96,328.97,632.22,1071.89,150.0,98.0,2.65,0.38,8.11,1173.7,29.8,1,1,0.7601,1.0,1.0,1,1,44.8
28.14,66.87,107.66,191.86,36.58,70.12,1.33,0.01,12.39,1888.7,179.9,0,2,0.3404,0.4871,0.4871,0,0,65.3
19.37,51.9,110.53,257.22,40.19,98.0,1.48,0.36,35.89,1595.0,50.0,3,1,0.4692,0.7266,0.7266,0,1,67.1
24.35,69.5,130.95,224.22,24.21,98.0,1.96,0.13,9.46,1598.7,24.7,2,1,0.4738,0.5401,0.5401,0,0,59.6
4.79,24.24,67.23,114.86,18.19,62.86,1.54,-0.08,42.42,969.8,26.4,1,2,0.2974,0.6576,0.6576,0,1,70.9
2.93,11.04,35.83,95.13,15.26,73.03,1.09,-0.04,40.19,1533.9,501.8,0,3,0.2251,0.6598,0.6598,0,1,75.2
0.29,13.94,44.04,105.4,11.77,62.58,1.66,-0.05,21.05,1723.9,19.3,1,1,0.2944,0.4274,0.4274,0,0,75.0
8.63,28.08,73.11,116.9,16.71,59.09,0.94,-0.03,19.17,951.8,283.0,0,3,0.233,0.4982,0.4982,0,0,71.8
17.83,41.87,93.02,181.19,31.47,77.74,1.6,0.1,30.07,2357.7,10.1,0,2,0.3754,0.6319,0.6319,0,1,63.9
9.96,27.97,62.52,100.83,12.78,73.74,1.41,0.12,30.02,2119.6,249.0,1,3,0.319,0.6131,0.6131,0,0,73.3
11.51,23.79,50.82,103.46,0.0,67.78,1.15,-0.05,11.21,1273.8,84.8,1,1,0.3027,0.3715,0.3715,0,0,68.1
46.9,124.21,236.46,480.71,57.44,98.0,1.94,0.36,15.75,1679.6,112.6,0,3,0.52,0.7794,0.7794,0,1,57.1
8.56,19.42,51.3,107.46,15.79,91.04,1.99,0.1,30.91,1672.3,33.9,0,4,0.3961,0.6849,0.6849,0,1,64.7
14.43,35.42,78.05,182.86,10.18,68.8,2.19,0.04,36.83,925.9,274.7,0,3,0.3324,0.6726,0.6726,0,1,66.6
125.09,283.01,485.02,827.09,103.84,98.0,3.44,0.95,14.91,1473.0,106.2,4,2,0.8823,1.0,1.0,1,1,31.0
119.43,218.98,438.22,764.55,121.2,98.0,5.63,2.19,33.27,1092.8,135.1,1,3,1.0,1.0,1.0,1,1,31.6
19.46,38.93,74.09,186.77,36.32,78.75,2.35,0.22,39.34,1299.8,97.6,1,3,0.4259,0.7158,0.7158,0,1,65.3
94.57,229.29,465.12,772.88,87.31,98.0,2.9,0.62,12.24,2307.4,16.1,1,1,0.7308,0.9708,0.9708,1,1,47.7
59.72,134.95,229.31,382.82,70.93,98.0,3.48,0.83,23.81,1659.7,217.1,0,1,0.6536,0.7751,0.7751,1,1,41.7
3.18,21.2,53.8,105.94,15.67,63.48,1.34,-0.07,38.62,860.4,24.3,1,3,0.2867,0.6424,0.6424,0,1,74.4
52.23,131.77,221.72,417.77,59.7,98.0,2.8,0.59,21.34,1859.3,41.4,0,3,0.6041,0.8061,0.8061,1,1,54.6
13.55,26.34,62.26,150.48,14.66,83.0,1.94,0.06,17.7,2397.8,132.9,1,1,0.3814,0.4801,0.4801,0,0,66.8
5.97,23.76,52.86,134.28,0.0,75.17,1.35,-0.04,34.84,1026.7,11.8,3,4,0.3445,0.6738,0.6738,0,1,62.1
12.29,38.11,89.96,189.66,9.8,96.63,2.1,0.09,22.43,1876.8,325.1,0,2,0.3823,0.6199,0.6199,0,0,73.9
78.27,199.39,323.81,616.59,103.69,98.0,4.29,1.34,33.43,2110.0,15.9,0,1,0.8141,0.9676,0.9676,1,1,41.0
13.57,40.73,87.22,181.98,23.3,86.62,1.59,-0.09,12.55,2142.7,132.0,1,5,0.3583,0.5996,0.5996,0,0,75.1
92.01,224.17,407.88,576.62,140.94,98.0,4.55,1.5,27.93,1917.4,121.0,0,3,0.8617,1.0,1.0,1,1,27.8
20.07,51.14,94.38,186.86,56.93,90.79,2.34,0.22,21.66,2251.3,143.7,2,2,0.4564,0.6028,0.6028,0,0,64.7
5.49,18.73,56.88,108.75,7.79,75.51,1.65,-0.0,43.9,802.9,68.2,2,2,0.3441,0.6922,0.6922,0,1,66.4
1.58,7.06,19.97,88.58,5.52,76.74,1.73,0.02,29.29,855.9,57.8,3,3,0.3537,0.5636,0.5636,0,0,65.4
82.34,225.63,393.08,757.76,115.57,98.0,4.5,1.49,32.56,972.0,456.2,2,0,0.8094,1.0,1.0,1,1,36.4
2.74,20.07,45.5,92.01,19.62,53.77,0.97,-0.07,12.72,821.5,203.9,2,4,0.2343,0.4279,0.4279,0,0,77.1
3.3,18.94,50.96,144.18,14.87,67.5,1.21,-0.07,43.71,947.9,79.7,3,2,0.3028,0.661,0.661,0,1,66.5
2.99,11.3,19.74,44.11,4.73,60.4,1.44,-0.08,9.85,2098.0,24.1,1,2,0.2834,0.3321,0.3321,0,0,67.3
20.48,56.05,84.61,148.21,31.79,66.36,1.16,0.06,10.55,2229.2,265.5,0,6,0.299,0.5536,0.5536,0,0,67.1
4.01,12.22,41.91,72.61,4.14,49.85,1.2,-0.02,10.73,1304.4,125.6,2,2,0.2538,0.3366,0.3366,0,0,72.5
8.48,35.71,78.27,117.89,8.47,66.48,1.16,0.06,39.34,2329.4,17.5,2,4,0.3222,0.7165,0.7165,0,1,68.5
45.42,99.33,161.88,274.89,57.82,98.0,2.86,0.86,34.23,1440.4,24.3,4,1,0.6596,0.7761,0.7761,1,1,46.6
12.85,33.7,77.68,158.81,37.86,85.68,2.28,0.12,43.03,1033.8,93.4,4,3,0.441,0.7691,0.7691,0,1,62.9
146.42,366.82,691.86,1281.68,150.0,98.0,2.7,0.7,10.4,1874.1,84.1,2,5,0.8601,1.0,1.0,1,1,39.4
3.78,10.06,24.26,78.27,9.59,60.15,0.52,-0.11,32.9,1443.5,63.2,1,2,0.2354,0.5213,0.5213,0,0,78.1
4.27,16.74,52.3,91.81,0.0,78.87,1.12,-0.01,27.2,782.1,66.8,4,3,0.3438,0.5923,0.5923,0,0,71.4
0.83,11.1,32.06,75.14,0.0,74.74,1.52,-0.08,31.01,2344.5,22.7,2,4,0.3228,0.6165,0.6165,0,0,67.8
3.7,12.63,21.27,51.1,13.25,55.65,0.98,-0.06,26.46,1736.5,35.4,3,2,0.2749,0.4535,0.4535,0,0,71.1
6.53,17.83,56.43,120.79,15.92,75.1,1.46,-0.09,32.31,1762.0,81.4,2,4,0.3266,0.6578,0.6578,0,1,69.3
3.9,10.29,36.5,94.33,29.34,48.48,1.58,-0.07,40.65,2371.4,10.0,2,3,0.2781,0.5956,0.5956,0,0,69.8
1.86,16.33,37.74,72.37,0.0,68.07,1.3,-0.12,29.15,2125.3,52.2,3,1,0.303,0.4999,0.4999,0,0,72.7
2.57,19.81,38.62,69.1,9.45,77.9,1.27,-0.01,40.27,1348.4,28.3,3,1,0.3392,0.6175,0.6175,0,0,68.7
125.48,277.98,419.66,605.29,130.19,98.0,6.2,2.66,36.16,819.0,23.0,1,1,1.0,1.0,1.0,1,1,24.6
86.79,213.29,428.61,681.09,111.04,98.0,5.51,1.95,39.14,1116.9,19.0,3,0,0.9801,1.0,1.0,1,1,29.2
9.06,28.57,62.88,133.68,9.36,77.87,1.77,0.1,31.73,1330.0,18.1,2,1,0.3806,0.5788,0.5788,0,0,68.9
14.0,41.16,80.82,159.52,0.0,72.7,1.15,0.07,26.67,2334.4,21.0,1,2,0.3405,0.5757,0.5757,0,0,61.8
23.45,72.97,143.23,332.39,35.66,98.0,1.06,0.03,10.5,2216.3,56.2,3,2,0.4273,0.5935,0.5935,0,0,57.7
0.8,10.82,36.45,112.57,0.0,82.43,1.29,-0.02,38.06,785.5,12.8,2,1,0.3368,0.6098,0.6098,0,0,72.0
32.13,69.39,118.75,190.13,42.13,97.68,1.5,0.23,16.71,2378.9,272.8,1,2,0.4388,0.6123,0.6123,0,0,63.8
19.77,55.61,85.6,156.74,23.67,98.0,1.73,0.0,9.32,1174.2,82.7,2,1,0.4314,0.4836,0.4836,0,0,67.2
85.95,203.51,441.77,658.0,121.71,98.0,3.75,1.29,26.69,2029.4,84.3,2,1,0.815,1.0,1.0,1,1,39.2
148.57,391.64,712.79,1261.34,150.0,98.0,6.2,2.61,30.77,942.4,28.5,1,1,1.0,1.0,1.0,1,1,31.2
50.73,106.38,189.58,335.95,37.53,98.0,3.01,0.95,31.83,1113.5,242.2,2,1,0.6385,0.7907,0.7907,1,1,51.5
1.26,12.56,39.12,88.39,3.64,73.23,1.96,-0.06,32.11,1584.0,211.3,0,2,0.2969,0.5697,0.5697,0,0,74.1
6.48,27.5,66.24,98.55,34.51,77.97,1.55,-0.03,31.53,1911.0,10.0,2,2,0.3523,0.6115,0.6115,0,0,69.5
32.82,76.54,130.38,238.54,20.86,98.0,2.45,0.62,37.09,1319.9,158.2,1,4,0.5375,0.8505,0.8505,0,1,59.1
27.59,59.07,109.63,187.77,36.14,98.0,2.26,0.47,35.7,2190.9,24.4,1,2,0.5185,0.754,0.754,0,1,53.7
136.85,357.35,602.84,1146.84,132.55,98.0,6.2,2.8,37.26,2301.3,97.3,0,5,1.0,1.0,1.0,1,1,27.3
4.7,21.89,60.15,98.19,16.84,57.44,0.99,-0.16,24.57,952.2,245.3,2,1,0.2335,0.4609,0.4609,0,0,74.8
9.26,34.95,71.1,161.92,20.27,91.96,1.42,-0.03,10.26,1935.6,326.3,1,2,0.3321,0.4865,0.4865,0,0,69.2
13.25,42.88,88.82,158.35,24.14,93.17,2.01,0.2,31.02,967.7,24.5,1,1,0.4339,0.6476,0.6476,0,1,58.6
19.26,43.93,103.45,201.93,0.29,98.0,2.34,-0.02,15.57,1312.3,336.8,0,2,0.4009,0.5854,0.5854,0,0,66.5
9.21,34.99,59.79,125.63,0.0,61.95,1.54,0.08,38.94,2102.3,10.0,2,5,0.3342,0.7081,0.7081,0,1,69.5
12.42,31.56,62.18,94.28,9.88,85.88,2.02,0.17,33.98,1305.0,288.1,3,1,0.398,0.6183,0.6183,0,0,62.8
27.52,84.07,138.91,230.9,35.29,98.0,2.29,0.4,35.57,2247.2,177.6,2,2,0.5027,0.7887,0.7887,0,1,58.2
0.75,4.83,22.31,62.35,18.07,70.26,1.58,-0.17,18.31,1428.9,294.2,0,1,0.2501,0.4005,0.4005,0,0,79.8
5.82,17.7,34.43,64.59,9.4,62.83,0.96,0.0,30.79,1261.2,54.7,4,2,0.3081,0.5243,0.5243,0,0,73.5
24.99,64.91,119.31,230.73,27.11,96.19,2.59,0.26,27.01,2382.1,339.2,0,1,0.4498,0.6612,0.6612,0,1,63.1
129.35,287.2,541.61,804.71,93.36,98.0,3.81,1.21,17.66,1478.5,204.8,1,0,0.8914,1.0,1.0,1,1,27.6
14.34,36.74,69.82,137.8,36.68,92.31,1.65,0.19,37.24,1972.6,47.8,1,3,0.415,0.7317,0.7317,0,1,58.4
15.19,39.69,88.52,191.86,18.5,98.0,2.16,0.13,27.8,1739.1,49.7,2,3,0.456,0.695,0.695,0,1,58.3
2.27,16.98,51.08,123.24,14.68,61.35,1.27,-0.06,14.87,1084.1,53.0,1,2,0.2739,0.4132,0.4132,0,0,66.2
11.86,34.49,66.5,104.68,9.75,92.2,1.13,-0.02,18.99,1575.5,106.6,2,1,0.3666,0.5213,0.5213,0,0,65.4
15.21,34.83,74.53,176.08,4.51,87.09,1.63,-0.05,16.18,877.7,24.1,1,1,0.3837,0.4943,0.4943,0,0,66.8
5.55,26.23,58.55,123.19,16.55,69.04,1.13,-0.13,19.25,1919.4,68.2,3,1,0.3042,0.4488,0.4488,0,0,64.8
106.62,284.34,540.37,864.3,124.45,98.0,3.48,0.76,14.77,1606.3,10.0,1,3,0.8018,1.0,1.0,1,1,36.7
9.47,19.07,50.81,124.89,25.34,69.07,1.42,0.05,21.36,951.9,53.2,1,3,0.3271,0.5164,0.5164,0,0,67.0
0.41,3.95,32.0,51.52,6.18,70.82,1.42,-0.15,32.98,2015.2,131.9,0,2,0.2676,0.5613,0.5613,0,0,62.9
7.77,30.51,55.17,105.25,36.27,64.45,1.91,0.09,42.53,2077.5,106.8,4,4,0.3614,0.7082,0.7082,0,1,61.0
4.75,14.39,36.07,73.29,0.0,67.06,1.83,-0.13,15.58,1960.8,45.7,0,2,0.3018,0.4165,0.4165,0,0,61.6
7.93,27.6,51.86,83.4,0.0,61.6,1.81,-0.01,18.79,1292.9,35.7,2,2,0.3303,0.4462,0.4462,0,0,71.5
2.55,12.16,46.78,106.11,5.38,64.86,1.55,-0.02,8.08,1943.2,47.5,1,1,0.2998,0.3334,0.3334,0,0,69.0
44.24,127.14,267.19,537.13,49.0,98.0,1.78,0.27,16.11,1703.2,10.0,1,1,0.5215,0.7599,0.7599,0,1,53.9
18.01,45.39,85.58,177.05,24.65,96.95,2.24,0.15,23.06,1647.4,35.7,1,2,0.4577,0.6206,0.6206,0,1,62.0
22.73,56.97,112.31,204.44,32.56,88.64,1.9,0.19,24.62,1820.4,147.7,0,1,0.4153,0.6124,0.6124,0,0,68.2
31.13,71.28,109.12,216.33,25.1,94.49,2.0,0.14,17.59,1789.6,23.6,1,1,0.4755,0.5687,0.5687,0,0,65.8
13.8,48.11,100.02,183.59,11.84,84.85,1.4,0.02,13.41,2068.6,17.9,0,4,0.3633,0.5871,0.5871,0,0,61.8
93.58,193.34,407.81,785.8,111.05,98.0,4.02,1.5,28.27,2376.9,224.5,3,2,0.8584,1.0,1.0,1,1,35.8
15.41,52.84,87.71,122.1,26.53,80.07,1.31,0.09,22.73,1948.4,32.4,2,1,0.3772,0.5432,0.5432,0,0,71.0
17.68,45.61,102.58,204.89,31.55,98.0,1.97,0.12,23.35,1478.9,34.7,2,1,0.4542,0.6165,0.6165,0,0,67.5
27.36,64.32,126.47,223.68,64.62,94.64,2.17,0.58,40.22,1511.8,74.6,0,3,0.5012,0.8313,0.8313,0,1,56.7
11.3,29.1,48.66,86.49,18.74,64.81,1.03,-0.04,28.21,798.3,76.6,1,3,0.2928,0.5566,0.5566,0,0,69.2
2.73,16.31,38.6,104.66,18.3,83.5,1.78,-0.15,21.98,1013.8,24.7,2,2,0.3518,0.5168,0.5168,0,0,63.1
6.68,20.18,48.45,93.19,15.41,82.35,1.56,-0.13,17.14,1126.5,97.5,2,2,0.3416,0.4869,0.4869,0,0,67.1
9.02,22.03,49.53,83.81,20.22,54.25,1.6,-0.05,23.43,2384.0,142.8,2,1,0.2885,0.4299,0.4299,0,0,73.8
158.15,337.18,490.82,749.73,150.0,98.0,6.2,2.8,39.03,2009.1,79.5,2,2,1.0,1.0,1.0,1,1,20.6
16.92,41.8,70.01,141.42,24.47,89.42,1.36,0.36,42.74,983.5,271.0,0,4,0.3794,0.7979,0.7979,0,1,61.8
8.8,23.04,57.45,147.32,13.21,98.0,2.19,-0.0,21.58,1572.3,573.4,3,3,0.3684,0.6073,0.6073,0,0,66.2
86.12,191.31,334.78,646.86,103.94,98.0,2.38,0.7,15.52,1102.3,90.2,2,5,0.6943,0.9578,0.9578,1,1,43.6
18.62,54.08,98.54,224.22,39.51,98.0,2.52,0.25,40.92,1241.1,432.1,2,1,0.4417,0.7522,0.7522,0,1,57.0
5.42,16.38,32.41,96.62,2.22,66.94,2.01,0.01,13.2,1747.6,124.8,3,2,0.3445,0.3926,0.3926,0,0,73.2
2.15,15.61,43.02,74.7,12.04,68.86,1.46,-0.06,18.71,1738.4,90.3,1,0,0.2935,0.395,0.395,0,0,64.3
3.32,10.06,40.53,119.75,6.8,61.89,0.95,-0.01,15.35,2188.5,244.8,1,4,0.2426,0.4656,0.4656,0,0,70.7
5.65,23.35,52.2,147.86,27.37,77.67,1.29,0.0,28.37,1021.6,407.5,3,2,0.2983,0.5682,0.5682,0,0,67.1
3.5,13.99,46.88,134.76,0.0,86.36,0.68,-0.13,22.71,1570.7,800.0,3,2,0.2191,0.5408,0.5408,0,0,71.1
4.13,22.21,53.91,122.3,21.04,86.0,1.24,-0.01,18.34,1738.1,170.8,2,1,0.3311,0.4834,0.4834,0,0,75.9
141.75,386.94,622.67,1038.54,150.0,98.0,6.2,2.8,35.65,2285.3,79.7,0,1,1.0,1.0,1.0,1,1,32.5
3.81,15.48,28.61,62.23,0.0,61.61,1.58,0.0,31.91,1602.1,42.1,0,2,0.29,0.5227,0.5227,0,0,68.7
45.42,115.36,187.55,389.69,76.02,98.0,3.21,0.97,43.84,1312.1,98.0,0,0,0.6363,0.8543,0.8543,1,1,50.2
1.67,7.08,21.48,58.54,0.0,79.07,0.94,-0.0,19.23,1232.0,180.4,1,2,0.2858,0.4615,0.4615,0,0,71.5
97.16,210.84,358.12,711.01,69.06,98.0,5.83,2.03,38.43,1106.6,10.0,1,2,1.0,1.0,1.0,1,1,27.3
146.28,327.87,485.51,718.79,105.7,98.0,5.03,1.44,18.89,2337.9,37.4,2,1,1.0,1.0,1.0,1,1,30.4
80.77,221.03,415.93,642.84,96.81,98.0,1.96,0.24,8.33,1744.8,52.5,1,3,0.6117,0.9394,0.9394,1,1,47.0
2.38,9.1,39.22,82.91,1.35,64.53,0.98,-0.06,13.43,1250.8,181.7,2,2,0.2609,0.3961,0.3961,0,0,71.4
10.15,30.45,62.84,166.46,1.89,73.46,1.13,0.04,26.3,1979.4,114.1,1,2,0.3157,0.5529,0.5529,0,0,80.3
69.78,141.32,294.59,579.58,64.02,98.0,3.84,1.52,37.16,1227.3,66.6,2,1,0.8038,0.9617,0.9617,1,1,33.2
40.12,90.87,145.2,235.03,22.62,98.0,1.41,0.2,10.07,1581.3,302.0,1,1,0.4482,0.5624,0.5624,0,0,59.5
33.97,92.32,192.36,344.28,51.62,98.0,2.23,0.57,37.95,792.9,92.7,1,1,0.5347,0.8431,0.8431,0,1,50.2
5.97,13.62,48.91,82.86,14.85,51.61,1.51,-0.08,33.78,2146.8,154.4,2,3,0.2668,0.5645,0.5645,0,0,80.4
3.75,17.85,36.51,76.48,12.37,62.22,1.71,-0.1,9.24,2328.3,127.9,1,0,0.2857,0.2928,0.2928,0,0,68.8
22.09,71.03,119.81,201.56,6.57,72.97,2.53,-0.08,11.83,2178.5,234.7,3,6,0.3988,0.6254,0.6254,0,1,68.6
53.01,117.06,211.39,388.17,79.84,98.0,2.23,0.18,10.72,1032.3,200.8,0,0,0.5186,0.6185,0.6185,0,0,50.8
138.3,258.72,394.97,788.85,150.0,98.0,6.2,2.52,32.44,2111.7,541.5,3,0,1.0,1.0,1.0,1,1,24.1
16.95,45.44,96.6,163.46,33.62,84.61,1.57,0.14,28.2,1322.6,57.2,0,0,0.3844,0.5805,0.5805,0,0,67.4
6.57,24.5,72.3,121.59,18.9,62.26,1.55,-0.04,20.92,2294.9,21.6,2,3,0.3154,0.5201,0.5201,0,0,60.2
29.35,66.31,147.89,302.28,25.49,98.0,2.18,0.02,11.18,1243.5,171.2,2,3,0.465,0.6346,0.6346,0,1,54.8
96.74,256.72,507.25,805.35,150.0,98.0,4.02,1.16,22.15,897.5,249.3,1,1,0.809,1.0,1.0,1,1,31.8
7.82,21.33,61.94,131.82,1.2,81.86,1.72,0.04,32.56,2157.3,10.0,0,2,0.3587,0.6254,0.6254,0,1,65.9
11.08,29.31,80.74,197.73,0.0,98.0,1.75,0.03,11.36,942.5,48.6,0,2,0.3974,0.524,0.524,0,0,67.6
14.17,37.85,85.28,141.24,36.91,96.93,1.43,0.19,38.84,1643.4,197.5,1,0,0.3952,0.6863,0.6863,0,1,63.6
5.55,27.74,43.9,84.05,0.0,84.38,1.33,0.02,10.26,1370.3,138.0,0,2,0.3225,0.432,0.432,0,0,56.5
2.44,11.39,28.6,86.54,18.45,67.12,1.15,-0.02,29.89,1998.8,168.9,4,1,0.3004,0.4921,0.4921,0,0,63.8
18.86,45.73,86.9,153.24,13.99,88.73,1.9,0.04,14.81,1985.7,94.0,0,1,0.3988,0.5031,0.5031,0,0,69.4
6.81,28.42,58.59,148.15,17.65,77.43,1.12,-0.03,11.3,2030.6,57.7,3,1,0.3368,0.4088,0.4088,0,0,70.4
17.41,37.33,63.13,126.0,13.74,87.76,1.06,0.09,20.78,854.4,200.2,1,3,0.3557,0.5791,0.5791,0,0,65.2
3.35,7.51,16.05,46.14,12.25,65.89,1.6,-0.0,32.01,2166.3,97.0,1,1,0.3012,0.4902,0.4902,0,0,74.0
13.12,37.39,76.01,132.13,32.6,85.81,1.74,-0.09,12.36,1519.4,86.8,2,1,0.3785,0.462,0.462,0,0,67.7
15.21,44.61,89.86,183.2,8.59,69.1,1.57,0.14,25.13,1111.7,159.3,1,2,0.3423,0.5643,0.5643,0,0,64.3
1.06,16.91,54.21,76.92,22.33,76.41,1.78,-0.03,22.62,1243.2,25.4,0,2,0.3233,0.5212,0.5212,0,0,76.1
8.21,21.25,64.07,165.13,16.2,98.0,1.04,0.02,23.39,2239.5,105.8,0,2,0.3501,0.5998,0.5998,0,0,59.3
2.89,19.62,49.59,112.16,8.9,64.72,1.64,-0.04,41.96,759.9,43.6,3,2,0.3227,0.6375,0.6375,0,1,71.5
1.31,8.89,25.4,37.01,17.87,37.08,0.97,-0.13,20.57,2072.8,10.0,1,3,0.2036,0.3894,0.3894,0,0,79.5
92.02,194.9,389.37,625.4,131.45,98.0,6.08,2.22,43.7,2274.5,165.8,1,6,1.0,1.0,1.0,1,1,25.5
7.78,25.95,59.4,124.4,11.4,65.01,1.14,-0.05,27.38,1162.6,77.3,3,0,0.3078,0.4737,0.4737,0,0,65.6
33.2,77.21,138.68,242.38,17.13,98.0,2.9,0.62,38.33,2106.3,280.3,3,3,0.5622,0.8405,0.8405,0,1,53.2
5.88,16.46,35.57,64.28,13.58,73.33,0.69,-0.04,20.56,1015.8,83.2,0,2,0.2719,0.4733,0.4733,0,0,71.8
22.88,48.22,84.16,200.85,20.72,81.92,1.24,0.04,11.05,776.8,10.0,2,5,0.3947,0.5706,0.5706,0,0,64.5
108.39,213.69,312.99,427.37,88.01,98.0,2.82,0.69,11.04,1747.5,63.1,1,5,0.762,0.8953,0.8953,1,1,36.5
18.11,51.76,88.84,166.86,25.56,98.0,2.36,0.3,28.67,1816.2,22.5,1,0,0.4834,0.6123,0.6123,0,0,56.9
12.76,34.13,59.82,109.43,7.46,59.13,1.61,0.02,41.48,997.7,304.7,2,4,0.2946,0.6905,0.6905,0,1,73.2
10.62,29.24,54.93,122.42,8.3,73.81,1.71,0.05,10.56,1595.6,70.8,2,1,0.3601,0.3883,0.3883,0,0,62.7
8.58,23.06,39.47,75.91,26.96,47.63,1.02,-0.1,32.81,1386.1,85.8,0,3,0.2301,0.5341,0.5341,0,0,68.6
53.05,108.3,198.05,336.98,46.97,98.0,2.16,0.84,28.28,875.8,54.6,1,2,0.6109,0.8027,0.8027,1,1,45.9
86.74,170.72,333.31,621.66,68.5,98.0,4.24,1.49,31.48,1587.8,88.6,3,2,0.8686,0.9936,0.9936,1,1,28.6
67.06,161.5,335.44,601.93,85.79,98.0,2.69,0.44,15.76,1715.5,10.4,1,2,0.6348,0.8705,0.8705,1,1,48.3
2.65,13.36,48.59,98.83,24.78,63.99,1.45,-0.07,10.54,1108.3,73.7,2,2,0.2955,0.3829,0.3829,0,0,73.6
26.25,71.49,137.52,241.7,30.19,98.0,1.39,0.0,10.69,1970.6,130.7,2,2,0.426,0.588,0.588,0,0,61.9
55.72,142.64,254.24,497.28,62.76,98.0,2.0,0.44,16.88,869.8,55.9,0,1,0.5599,0.7502,0.7502,0,1,58.0
79.99,179.46,298.47,519.43,77.22,98.0,2.19,0.65,15.69,1659.1,59.8,1,1,0.6602,0.7947,0.7947,1,1,46.2
1.38,7.33,20.36,69.49,25.8,75.61,1.33,-0.02,12.55,1250.6,218.0,1,1,0.2873,0.367,0.367,0,0,74.0
27.03,63.5,128.27,212.31,46.41,98.0,2.1,0.24,17.53,1469.5,92.3,1,0,0.4788,0.5714,0.5714,0,0,56.9
17.09,41.49,78.67,150.56,14.18,81.83,1.01,0.17,27.22,2224.2,106.3,2,4,0.3703,0.6631,0.6631,0,1,65.6
135.05,361.89,716.93,1031.86,150.0,98.0,6.2,2.8,42.18,1855.4,42.3,2,0,1.0,1.0,1.0,1,1,25.1
3.01,17.91,50.03,125.63,0.65,82.33,1.83,0.02,41.2,995.6,79.2,3,2,0.372,0.6813,0.6813,0,1,66.3
94.08,190.94,293.34,470.44,84.42,98.0,3.05,0.83,17.78,2212.4,10.0,1,1,0.7576,0.8052,0.8052,1,1,46.0
4.5,10.1,39.08,119.59,0.65,52.18,0.86,-0.01,10.38,1365.2,67.5,0,2,0.2345,0.3369,0.3369,0,0,72.2
3.57,20.56,37.08,75.78,1.26,49.59,1.45,-0.12,43.84,1313.1,194.8,3,1,0.2548,0.5649,0.5649,0,0,75.0
3.59,16.21,50.02,101.97,21.58,79.84,1.05,0.03,25.15,1577.5,21.1,3,2,0.3416,0.5459,0.5459,0,0,63.1
33.7,86.83,178.28,276.4,40.48,98.0,2.61,0.81,43.22,1088.7,173.5,2,3,0.5739,0.928,0.928,0,1,49.3
21.88,64.92,160.28,340.12,32.08,98.0,1.48,0.31,27.36,2258.5,56.2,2,1,0.4594,0.7191,0.7191,0,1,57.1
14.81,39.56,98.14,201.41,17.9,86.63,1.39,0.14,39.91,1522.0,10.0,3,2,0.4125,0.7418,0.7418,0,1,58.4
8.89,21.59,47.42,102.69,10.44,57.42,1.76,-0.04,24.1,1399.8,367.4,1,3,0.2634,0.5015,0.5015,0,0,70.6
41.94,104.72,166.43,276.39,33.9,97.14,2.91,0.62,30.39,1032.1,24.0,2,3,0.6062,0.8085,0.8085,1,1,49.7
9.97,27.52,46.32,91.36,10.65,66.64,1.73,-0.06,27.29,2074.4,48.9,2,1,0.3362,0.4915,0.4915,0,0,68.0
143.81,328.87,502.37,749.36,150.0,98.0,4.01,1.19,15.92,2322.2,78.6,3,2,0.9721,1.0,1.0,1,1,32.2
11.57,39.16,69.95,140.31,6.55,98.0,1.23,0.24,35.5,2184.8,358.2,0,2,0.3551,0.7039,0.7039,0,1,72.9
9.46,30.49,60.28,101.35,0.0,77.08,1.39,-0.02,9.97,1016.5,104.4,1,6,0.3293,0.5493,0.5493,0,0,64.1
12.42,35.85,89.24,179.47,18.73,80.14,0.91,0.07,21.05,1990.2,282.9,0,2,0.297,0.5618,0.5618,0,0,66.7
159.6,390.13,683.28,1046.49,150.0,98.0,6.2,2.8,39.32,1086.9,99.7,2,3,1.0,1.0,1.0,1,1,22.8
27.54,79.02,165.45,296.51,41.38,98.0,1.82,0.42,26.1,814.1,27.6,0,1,0.4835,0.7154,0.7154,0,1,62.6
13.97,35.88,84.38,148.06,8.18,69.35,1.06,0.06,10.8,1549.4,99.7,2,2,0.3271,0.4437,0.4437,0,0,68.2
5.28,25.07,55.49,146.7,8.13,96.48,0.83,0.01,15.47,1856.1,12.7,2,4,0.3615,0.5817,0.5817,0,0,65.3
45.97,113.0,241.86,427.9,50.27,98.0,2.1,0.28,11.95,955.1,14.9,3,0,0.5596,0.6656,0.6656,0,1,56.2
9.69,25.57,61.16,110.09,0.0,66.07,1.8,0.04,17.99,1749.1,14.8,1,0,0.3413,0.4037,0.4037,0,0,78.4
76.9,173.98,320.78,489.84,104.07,98.0,2.34,0.61,13.95,2142.0,10.0,3,2,0.682,0.8381,0.8381,1,1,39.4
47.39,102.84,203.52,319.01,37.56,98.0,2.45,0.8,33.63,1094.9,19.7,4,3,0.6408,0.8822,0.8822,1,1,45.6
19.58,45.63,79.91,109.99,18.19,82.63,1.47,0.28,31.74,1455.9,52.2,1,3,0.4069,0.6729,0.6729,0,1,61.5
2.49,9.37,37.04,110.9,14.1,92.59,1.39,-0.11,12.86,1573.0,10.0,2,0,0.3595,0.4074,0.4074,0,0,56.8
56.21,139.09,275.94,447.65,83.39,98.0,3.41,0.7,24.02,2121.5,10.0,1,4,0.6664,0.9238,0.9238,1,1,44.1
19.76,63.13,138.27,282.33,11.35,98.0,1.86,0.04,18.65,2022.8,14.3,2,1,0.4503,0.6226,0.6226,0,1,55.7
112.57,245.99,516.05,750.47,143.82,98.0,3.7,1.28,20.14,2019.4,330.0,1,2,0.8356,1.0,1.0,1,1,39.5
142.19,319.32,564.34,1048.03,150.0,98.0,6.2,2.21,28.74,1870.4,89.5,2,2,1.0,1.0,1.0,1,1,20.5
31.6,75.66,113.84,181.5,28.57,78.23,2.55,0.49,40.35,1769.4,68.5,1,2,0.4941,0.741,0.741,0,1,56.1
19.36,43.13,73.99,124.53,10.78,85.0,2.27,0.2,40.3,1589.7,80.1,2,1,0.446,0.6809,0.6809,0,1,66.3
15.25,52.65,88.57,202.98,24.13,89.3,2.04,0.06,22.87,1359.9,97.1,0,1,0.3982,0.5712,0.5712,0,0,65.0
44.87,91.97,146.08,278.45,48.88,98.0,2.57,0.54,22.16,1596.8,13.7,2,1,0.5937,0.6602,0.6602,0,1,48.9
31.08,73.03,148.38,292.2,43.0,94.16,2.42,0.41,26.65,2158.6,105.5,2,2,0.5193,0.7182,0.7182,0,1,49.9
3.29,13.67,41.45,116.33,12.16,80.83,1.21,0.01,25.07,1691.5,215.7,0,4,0.2919,0.5975,0.5975,0,0,68.8
7.47,25.63,75.18,178.53,7.8,94.26,1.66,-0.04,10.22,2376.2,98.7,1,0,0.3726,0.4376,0.4376,0,0,66.3
5.71,24.23,55.58,110.17,15.74,63.67,1.27,-0.0,28.83,985.2,257.5,1,1,0.2663,0.5069,0.5069,0,0,72.5
27.25,67.07,114.83,163.54,20.71,90.07,1.77,0.38,29.05,1477.9,17.9,2,1,0.4805,0.6549,0.6549,0,1,59.6
0.68,3.28,29.52,40.49,0.0,66.11,1.49,-0.03,24.21,1080.5,209.8,2,1,0.282,0.4449,0.4449,0,0,73.1
16.87,46.54,93.75,202.21,33.57,83.8,1.01,0.03,22.9,1352.4,130.4,2,0,0.3567,0.5324,0.5324,0,0,63.8
28.75,86.82,176.36,341.87,19.0,98.0,2.27,0.54,41.8,2053.1,111.1,0,3,0.5076,0.9144,0.9144,0,1,55.4
41.87,94.57,171.42,336.43,68.34,98.0,2.49,0.62,29.63,2110.9,106.6,0,0,0.559,0.7209,0.7209,0,1,50.6
8.37,25.38,57.64,84.42,14.05,69.31,1.33,0.01,37.39,802.3,15.2,2,2,0.3313,0.6236,0.6236,0,1,70.8
34.44,74.74,152.97,310.39,40.67,98.0,3.12,0.77,42.34,2323.1,123.2,1,3,0.591,0.8901,0.8901,0,1,46.7
141.01,299.14,521.38,919.71,150.0,98.0,6.2,2.8,37.16,2188.6,61.1,1,3,1.0,1.0,1.0,1,1,19.6
37.47,103.29,226.1,420.73,42.89,98.0,3.0,0.77,41.95,2243.2,10.0,2,2,0.6178,0.9463,0.9463,1,1,54.6
2.73,12.7,49.16,113.25,15.08,58.48,0.86,-0.06,35.33,1371.7,27.6,0,4,0.2437,0.6265,0.6265,0,1,77.4
10.13,32.07,59.65,167.67,3.02,98.0,1.14,-0.07,14.12,1570.0,70.1,0,1,0.3546,0.4903,0.4903,0,0,69.8
31.92,91.05,154.4,301.57,29.04,98.0,1.64,0.12,16.17,1028.0,595.0,1,2,0.3916,0.6525,0.6525,0,1,63.1
3.25,7.45,17.62,42.77,18.7,64.33,1.93,-0.18,14.98,1404.8,67.6,2,4,0.3084,0.4415,0.4415,0,0,70.6
5.21,25.16,69.44,147.69,3.78,72.61,1.23,-0.15,19.6,958.1,19.5,3,3,0.3202,0.5349,0.5349,0,0,67.8
25.62,80.49,142.66,290.94,27.73,87.91,1.35,0.23,20.78,2174.4,278.4,1,4,0.3933,0.7067,0.7067,0,1,60.4
25.46,69.21,115.63,217.49,30.25,80.05,1.88,0.33,37.2,1708.9,10.0,2,4,0.4554,0.7831,0.7831,0,1,52.9
138.4,363.45,568.18,1125.72,129.92,98.0,4.55,1.64,20.99,974.4,16.3,0,2,1.0,1.0,1.0,1,1,22.2
23.68,67.39,117.34,248.37,33.89,96.38,1.52,0.33,34.18,2200.5,77.0,2,3,0.4611,0.7767,0.7767,0,1,52.8
15.65,40.73,66.55,135.34,17.12,84.31,1.98,0.28,40.54,882.6,11.7,1,2,0.429,0.7017,0.7017,0,1,64.1
5.8,18.92,42.47,103.32,4.25,84.71,1.3,-0.02,12.12,2279.5,101.7,1,2,0.3333,0.4461,0.4461,0,0,67.1
8.48,26.49,54.94,117.19,22.38,59.81,1.78,-0.17,8.01,924.5,20.6,0,3,0.2921,0.3887,0.3887,0,0,70.8
4.01,16.92,44.0,83.6,9.95,87.87,1.13,-0.04,39.99,1934.7,126.3,2,0,0.3331,0.6197,0.6197,0,0,73.8
47.82,111.13,164.4,303.18,41.9,98.0,2.58,0.43,16.58,1814.8,15.0,0,2,0.5702,0.668,0.668,0,1,48.9
17.51,49.75,103.71,174.7,23.01,98.0,1.51,0.06,13.52,2041.5,199.4,0,3,0.3859,0.5993,0.5993,0,0,72.1
10.24,23.92,54.49,150.35,4.14,62.65,1.58,0.0,18.63,1681.9,158.8,1,1,0.3023,0.421,0.421,0,0,70.4
12.4,23.75,51.36,142.39,12.45,74.96,1.38,0.04,14.7,1327.4,311.5,2,0,0.3194,0.3902,0.3902,0,0,70.1
58.86,147.0,312.53,553.52,24.58,98.0,3.76,1.25,36.57,1202.8,10.0,1,3,0.7439,1.0,1.0,1,1,41.8
3.33,12.64,38.24,88.76,15.14,79.84,1.64,-0.15,30.84,2310.0,97.2,1,4,0.3191,0.637,0.637,0,1,67.2
17.65,52.57,86.29,190.72,14.27,74.2,0.97,0.04,14.02,1478.1,148.1,0,1,0.3144,0.4554,0.4554,0,0,68.3
14.1,29.52,57.28,107.22,29.79,75.72,1.94,0.08,29.01,2139.6,279.6,2,1,0.3586,0.5441,0.5441,0,0,65.1
18.91,59.84,121.23,231.35,14.14,98.0,2.08,0.09,15.49,1943.0,78.9,6,0,0.4941,0.5465,0.5465,0,0,55.3
0.37,11.06,41.74,100.58,0.0,64.15,1.31,-0.14,15.11,1832.6,362.7,4,4,0.258,0.4715,0.4715,0,0,79.0
41.13,86.25,159.06,269.83,46.55,98.0,2.5,0.56,29.44,2351.5,15.7,0,2,0.5639,0.7643,0.7643,0,1,54.9
53.8,112.1,236.94,517.92,69.99,98.0,2.79,0.83,31.93,1683.0,68.1,2,0,0.648,0.8194,0.8194,1,1,52.1
16.65,54.43,108.05,170.33,20.32,73.65,1.86,0.09,20.46,1959.5,35.0,2,4,0.3905,0.622,0.622,0,1,62.7
101.41,254.51,366.26,641.77,115.56,98.0,5.42,1.92,35.48,2152.0,20.3,2,1,0.9993,1.0,1.0,1,1,28.7
51.15,131.26,262.57,494.67,53.4,98.0,3.86,0.99,38.14,825.9,40.6,0,3,0.6884,0.9904,0.9904,1,1,52.1
110.85,258.63,461.1,891.65,98.36,98.0,6.1,2.63,40.99,2393.9,131.1,1,0,1.0,1.0,1.0,1,1,28.4
123.55,289.84,498.27,906.62,150.0,98.0,5.94,2.12,30.54,1182.6,79.2,1,3,1.0,1.0,1.0,1,1,23.9
17.17,39.02,94.01,168.08,29.59,65.26,1.49,0.04,15.92,1909.2,24.0,3,2,0.3633,0.485,0.485,0,0,70.7
18.66,48.88,90.24,158.72,30.11,78.45,1.81,0.2,34.94,2323.5,10.0,1,5,0.4087,0.7595,0.7595,0,1,65.0
11.04,29.28,55.59,118.79,26.47,75.39,1.3,-0.0,11.88,2009.2,308.5,1,3,0.3,0.4641,0.4641,0,0,80.7
26.67,72.6,132.51,260.65,25.24,98.0,1.64,0.18,14.52,1128.9,45.2,2,2,0.4669,0.6125,0.6125,0,0,60.0
54.47,145.4,246.21,471.87,57.55,98.0,4.2,1.07,37.98,1347.8,16.4,3,3,0.753,0.9692,0.9692,1,1,45.6
51.96,117.77,202.06,415.77,71.36,98.0,3.95,1.14,40.79,1433.4,19.0,2,2,0.7328,0.9077,0.9077,1,1,39.0
11.99,25.03,59.02,126.89,1.1,85.63,1.51,-0.05,10.4,1717.5,35.1,2,6,0.3763,0.5751,0.5751,0,0,66.7
2.4,13.02,20.16,46.73,5.65,49.68,1.38,-0.07,19.24,1744.9,31.5,1,3,0.2551,0.4076,0.4076,0,0,75.5
83.78,160.06,261.6,367.64,114.19,98.0,4.19,1.33,30.65,2050.0,39.3,2,2,0.8388,0.8993,0.8993,1,1,40.5
157.65,316.67,532.39,985.13,150.0,98.0,6.2,2.8,41.79,2168.5,30.7,2,1,1.0,1.0,1.0,1,1,24.6
99.48,199.59,413.97,619.65,89.07,98.0,4.2,1.51,28.55,897.7,67.6,0,0,0.8732,1.0,1.0,1,1,21.6
50.73,117.1,191.32,317.57,51.1,98.0,3.05,0.96,37.56,1200.7,174.1,2,4,0.6505,0.9287,0.9287,1,1,47.6
40.79,114.68,201.58,328.76,40.26,98.0,2.94,0.91,41.22,1317.0,10.0,2,4,0.6377,0.9705,0.9705,1,1,43.9
153.08,332.6,540.52,722.56,150.0,98.0,5.86,2.39,26.69,772.1,25.4,0,2,1.0,1.0,1.0,1,1,27.8
17.89,36.69,74.44,126.84,19.45,81.57,1.66,0.15,34.66,1439.0,149.4,3,1,0.4027,0.6266,0.6266,0,1,61.5
10.18,30.68,51.48,106.13,21.12,91.35,1.76,0.09,31.85,1342.0,19.3,1,2,0.4006,0.6335,0.6335,0,1,63.8
1.13,6.96,31.24,53.64,0.0,58.65,1.56,-0.11,32.17,1616.9,162.3,1,2,0.2586,0.5198,0.5198,0,0,75.8
8.17,23.73,40.09,89.44,28.12,72.85,1.44,-0.07,26.61,915.3,86.8,1,0,0.3163,0.4659,0.4659,0,0,65.0
32.48,71.43,168.23,362.26,48.32,98.0,2.92,0.55,30.43,1433.1,256.1,2,4,0.547,0.8435,0.8435,0,1,57.3
0.09,4.28,14.93,32.28,12.44,51.81,1.42,-0.07,27.96,1735.7,10.0,1,1,0.2587,0.417,0.417,0,0,72.6
8.11,32.08,70.12,183.14,30.5,95.69,1.28,0.01,30.96,2076.3,184.1,1,1,0.3537,0.6313,0.6313,0,1,67.0
10.16,29.23,57.2,145.09,20.26,79.51,2.23,0.06,26.19,2014.6,101.9,1,5,0.3816,0.652,0.652,0,1,65.9
15.42,39.75,64.62,97.27,16.04,90.02,1.27,0.06,16.01,1418.0,75.9,0,2,0.369,0.5191,0.5191,0,0,59.6
50.48,110.93,189.62,346.6,63.41,98.0,3.55,0.83,32.97,1392.7,18.9,0,3,0.66,0.8599,0.8599,1,1,51.7
8.5,26.92,57.12,131.45,3.36,71.42,1.67,-0.07,21.83,811.8,32.0,3,2,0.3516,0.5044,0.5044,0,0,68.5
8.52,25.43,58.61,140.12,0.33,76.84,1.69,-0.07,12.6,886.4,185.0,1,1,0.3238,0.4176,0.4176,0,0,68.3
26.75,62.83,129.95,220.56,36.7,98.0,2.42,0.53,38.65,2189.5,19.4,1,3,0.53,0.8324,0.8324,0,1,51.9
12.04,39.49,73.77,127.1,38.06,94.54,1.46,0.02,14.53,2079.7,89.9,1,1,0.3832,0.5011,0.5011,0,0,68.0
5.09,19.33,58.33,128.05,20.07,60.04,1.6,-0.01,27.47,784.8,27.9,1,0,0.3015,0.4591,0.4591,0,0,73.7
94.24,236.94,395.53,779.45,128.03,98.0,4.48,1.87,33.96,2206.4,80.6,4,2,0.9464,1.0,1.0,1,1,24.6
3.04,13.47,42.51,98.69,0.0,79.59,1.47,0.04,31.32,1762.9,35.3,1,3,0.3368,0.6153,0.6153,0,0,67.6
3.88,18.09,57.94,82.67,9.14,51.83,1.61,-0.17,13.79,2073.2,51.9,2,0,0.2717,0.3263,0.3263,0,0,62.3
13.8,45.49,79.91,122.81,7.76,84.75,1.17,0.08,14.99,1579.2,194.6,2,1,0.355,0.4849,0.4849,0,0,69.3
10.86,31.81,60.71,97.1,22.34,54.11,1.26,-0.08,13.36,998.5,10.0,1,3,0.2833,0.4226,0.4226,0,0,75.5
49.27,132.97,284.62,568.66,29.83,98.0,1.7,0.25,10.61,1338.9,309.7,1,0,0.4885,0.7072,0.7072,0,1,59.8
9.0,24.61,46.05,94.24,15.35,80.46,1.13,-0.05,18.2,1492.5,46.2,3,3,0.3486,0.5172,0.5172,0,0,60.7
17.38,38.15,82.14,172.33,13.59,96.61,1.26,0.13,26.87,1994.0,108.8,1,0,0.4006,0.5859,0.5859,0,0,60.4
20.01,55.89,93.43,154.85,22.99,72.09,1.69,-0.03,14.23,2090.9,30.1,1,1,0.3665,0.4598,0.4598,0,0,61.7
0.26,7.43,35.36,96.41,0.0,81.65,1.14,-0.01,42.95,1973.4,53.3,2,2,0.3226,0.6755,0.6755,0,1,66.4
21.79,54.42,103.73,205.25,9.46,98.0,1.55,0.4,33.16,1536.5,73.9,0,3,0.4493,0.7564,0.7564,0,1,66.5
159.02,342.31,634.49,1274.85,150.0,98.0,6.2,2.55,29.0,1845.1,140.1,2,3,1.0,1.0,1.0,1,1,33.2
130.32,364.51,545.37,895.37,129.16,98.0,6.2,2.31,32.53,1237.6,247.7,0,0,1.0,1.0,1.0,1,1,24.0
3.22,18.4,39.46,112.0,4.5,71.33,0.59,-0.02,23.69,2379.9,241.3,0,0,0.2372,0.4375,0.4375,0,0,68.6
10.71,40.88,106.29,204.05,12.0,84.89,1.58,0.07,24.92,1027.5,49.3,1,2,0.3748,0.6269,0.6269,0,1,57.7
1.78,13.09,44.23,124.29,0.29,49.56,1.4,-0.16,39.99,1943.9,11.1,1,4,0.2479,0.6328,0.6328,0,1,71.4
115.36,230.28,473.97,794.82,101.35,98.0,5.34,2.15,33.99,1005.6,310.9,4,2,1.0,1.0,1.0,1,1,16.8
13.95,30.96,63.0,122.61,32.84,75.56,1.15,0.14,29.17,1213.4,10.0,0,2,0.3446,0.582,0.582,0,0,69.4
111.72,226.9,476.08,771.19,148.27,98.0,6.2,2.66,42.21,1985.6,255.5,1,3,1.0,1.0,1.0,1,1,30.4
1.39,11.48,37.84,67.94,2.5,64.26,1.91,-0.05,31.86,1953.0,10.0,2,2,0.3236,0.541,0.541,0,0,73.4
27.72,69.46,136.02,215.67,12.52,94.11,1.96,0.26,22.35,955.4,450.7,3,3,0.4397,0.6986,0.6986,0,1,65.7
4.71,17.18,30.37,46.14,5.25,70.41,1.14,-0.12,9.71,1869.6,10.0,1,1,0.2938,0.3419,0.3419,0,0,79.6
45.67,98.86,217.18,402.93,48.89,98.0,2.57,0.54,22.06,1086.3,10.0,0,3,0.5768,0.8064,0.8064,0,1,54.2
125.21,325.63,619.7,972.19,150.0,98.0,6.2,2.8,41.29,2355.4,85.3,3,1,1.0,1.0,1.0,1,1,24.0
4.23,18.05,38.2,109.37,25.82,87.97,1.51,-0.18,9.61,1745.0,131.9,4,7,0.3559,0.5799,0.5799,0,0,68.4
0.74,6.38,31.59,89.91,20.09,55.6,0.83,-0.08,14.64,755.7,52.2,0,0,0.2259,0.3114,0.3114,0,0,66.3
12.78,33.87,89.72,146.0,20.12,66.14,1.21,0.04,37.11,1094.0,111.7,0,2,0.3007,0.6518,0.6518,0,1,65.8
16.64,51.79,118.08,174.4,21.08,82.49,2.52,-0.03,21.14,1128.8,224.4,2,5,0.4025,0.6944,0.6944,0,1,61.6
1.36,15.97,33.2,74.73,12.21,64.17,1.83,0.0,14.69,1157.7,190.5,1,2,0.2904,0.3978,0.3978,0,0,74.8
94.53,257.7,463.66,689.23,118.22,98.0,4.98,1.99,37.36,1669.2,258.6,2,1,0.9378,1.0,1.0,1,1,24.3
12.08,35.23,88.13,197.15,16.38,88.43,1.34,0.18,28.1,1089.3,20.8,0,2,0.3789,0.6402,0.6402,0,1,63.4
14.86,38.88,67.52,156.52,39.5,94.97,1.08,0.11,27.74,1431.1,30.5,6,2,0.4403,0.6304,0.6304,0,1,63.6
94.68,183.71,283.98,568.26,109.74,98.0,3.41,1.0,18.58,1036.0,106.3,1,0,0.7797,0.7701,0.7797,1,1,41.6
10.24,25.4,52.42,78.37,12.28,54.76,1.5,-0.08,32.3,1850.4,154.3,0,0,0.2643,0.4758,0.4758,0,0,70.3
16.4,52.16,104.87,199.41,15.31,93.17,1.31,0.18,39.03,1688.4,13.6,3,0,0.4305,0.7013,0.7013,0,1,60.4
3.37,12.13,38.28,75.96,6.0,83.46,1.17,-0.07,35.01,1787.4,23.2,4,0,0.3537,0.5606,0.5606,0,0,64.4
4.02,22.48,54.42,112.01,0.0,67.04,1.53,0.02,30.05,2346.2,307.6,2,5,0.2862,0.6446,0.6446,0,1,81.1
39.58,114.15,235.83,360.02,41.16,98.0,1.72,0.41,20.62,1408.8,10.0,1,2,0.5209,0.7876,0.7876,0,1,59.3
58.42,145.91,242.2,411.37,75.31,98.0,3.66,1.14,38.77,1105.5,61.7,2,2,0.7298,0.9406,0.9406,1,1,39.7
9.35,38.4,75.35,136.85,35.6,82.64,1.58,0.07,28.38,2398.0,28.4,0,1,0.3586,0.5805,0.5805,0,0,67.8
80.22,218.53,464.34,737.75,101.77,98.0,4.37,1.69,40.03,845.8,178.6,2,2,0.8556,1.0,1.0,1,1,33.1
20.66,62.42,105.79,236.32,29.93,88.65,1.59,0.02,17.15,2087.1,239.0,3,0,0.3978,0.5147,0.5147,0,0,59.5
10.51,28.6,59.01,116.74,35.75,83.12,1.62,0.06,31.55,1017.6,34.0,3,3,0.3923,0.6473,0.6473,0,1,69.9
0.51,8.97,19.81,48.29,12.72,65.13,1.43,-0.16,41.67,1846.9,107.0,2,3,0.2778,0.6299,0.6299,0,1,70.0
3.4,13.4,41.51,110.53,16.25,88.78,0.78,-0.16,21.47,1531.8,222.3,2,0,0.2931,0.4711,0.4711,0,0,68.6
25.17,70.45,128.91,253.21,27.99,98.0,2.38,0.57,42.25,2134.4,109.5,2,0,0.5266,0.7699,0.7699,0,1,53.4
21.51,59.39,130.47,209.46,23.89,77.45,1.94,0.2,22.13,1956.3,110.2,1,1,0.4053,0.5834,0.5834,0,0,55.4
0.55,10.31,23.29,89.62,15.61,61.53,1.41,-0.01,23.76,1034.4,63.9,1,1,0.2795,0.4208,0.4208,0,0,71.3
5.02,14.77,37.35,97.62,20.01,56.0,1.63,-0.06,37.03,1847.7,127.0,2,3,0.2851,0.5887,0.5887,0,0,74.9
5.26,11.05,27.23,58.87,2.96,69.84,1.57,-0.03,17.39,1108.2,387.3,1,1,0.2724,0.3979,0.3979,0,0,71.5
22.29,53.67,89.35,170.09,50.02,98.0,2.1,0.36,33.41,1029.3,42.7,2,4,0.4948,0.7709,0.7709,0,1,59.1
0.4,9.47,42.67,97.28,3.48,69.62,1.2,-0.03,18.74,888.8,26.9,0,1,0.2812,0.427,0.427,0,0,73.7
2.2,11.76,33.56,68.38,19.39,66.06,1.47,0.01,29.38,937.5,380.8,3,2,0.2765,0.521,0.521,0,0,76.5
32.18,61.46,104.17,189.31,51.2,79.52,2.03,0.49,35.93,1911.4,10.0,4,0,0.5131,0.6375,0.6375,0,1,55.4
3.93,23.11,70.37,132.02,12.42,82.26,1.44,-0.02,8.94,2387.0,219.8,2,2,0.3237,0.4479,0.4479,0,0,68.0
21.15,60.45,97.27,206.89,29.19,98.0,2.13,0.13,11.19,1865.1,288.7,0,2,0.4172,0.5428,0.5428,0,0,61.5
5.44,12.76,43.54,93.7,13.85,75.43,2.06,0.09,41.64,1919.0,29.7,3,4,0.3866,0.7175,0.7175,0,1,65.7
80.26,170.4,311.25,583.41,91.49,98.0,5.43,1.75,37.37,2041.5,66.6,0,3,0.904,1.0,1.0,1,1,27.4
5.57,20.64,41.55,102.49,22.27,59.99,1.91,-0.06,39.57,2216.9,15.8,1,1,0.3121,0.5653,0.5653,0,0,73.3
25.62,64.6,124.83,255.58,31.39,97.52,1.56,0.23,23.8,1191.8,54.9,2,1,0.4643,0.646,0.646,0,1,59.0
38.72,109.33,183.64,372.03,65.34,98.0,3.02,0.63,33.79,1747.5,73.3,1,0,0.5901,0.7692,0.7692,0,1,57.3
35.47,103.16,190.96,380.7,40.71,98.0,3.01,0.75,43.94,1107.5,85.5,2,3,0.602,0.9493,0.9493,1,1,53.0
10.12,38.25,95.01,141.01,5.88,83.07,0.92,-0.01,23.57,1617.3,15.7,2,1,0.3464,0.5673,0.5673,0,0,65.7
22.06,54.29,99.41,150.13,46.84,82.08,1.58,0.32,38.48,1094.3,62.0,1,1,0.4199,0.6892,0.6892,0,1,62.7
4.59,24.94,41.02,83.84,7.49,69.61,1.55,-0.14,10.85,855.6,117.7,3,1,0.3134,0.3619,0.3619,0,0,71.9
6.94,22.68,66.67,126.35,0.0,72.2,1.25,-0.04,27.58,895.7,83.2,1,1,0.3065,0.5343,0.5343,0,0,77.1
101.29,278.08,558.26,795.28,123.43,98.0,3.58,1.05,20.0,2360.9,221.0,4,0,0.8235,1.0,1.0,1,1,32.2
0.26,1.55,13.68,21.23,14.57,60.29,0.98,-0.08,26.83,759.9,362.1,1,0,0.21,0.4002,0.4002,0,0,81.6
1.79,12.07,31.52,91.45,18.46,55.77,0.82,-0.08,12.11,1888.8,203.7,3,4,0.2383,0.4115,0.4115,0,0,77.7
4.66,19.33,45.61,77.61,0.56,52.64,1.48,-0.06,21.24,2214.1,10.0,3,1,0.2962,0.403,0.403,0,0,73.2
0.54,5.07,22.05,45.69,10.76,71.01,1.58,-0.05,10.76,1399.6,29.0,1,2,0.3084,0.3718,0.3718,0,0,72.3
138.66,277.03,483.82,637.18,150.0,98.0,5.23,1.86,24.31,1918.4,11.0,2,2,1.0,1.0,1.0,1,1,21.6
17.5,47.13,110.46,225.25,30.15,98.0,2.1,0.16,23.9,1325.7,68.3,2,2,0.4595,0.6606,0.6606,0,1,64.0
10.94,22.64,56.46,94.5,13.32,78.52,1.46,0.09,19.87,1622.8,154.4,1,1,0.3435,0.4778,0.4778,0,0,72.0
124.72,266.35,491.35,687.05,106.85,98.0,6.2,2.8,42.14,2293.9,10.0,1,1,1.0,1.0,1.0,1,1,31.5
34.01,72.37,160.65,340.36,62.95,98.0,1.59,0.12,10.99,819.9,37.3,3,1,0.4881,0.5886,0.5886,0,0,59.0
8.37,24.06,52.77,105.7,0.0,75.17,1.35,0.1,37.7,1190.8,11.8,3,4,0.3654,0.6965,0.6965,0,1,67.5
6.01,25.8,70.86,150.45,11.59,98.0,1.41,0.06,20.78,924.9,63.3,3,2,0.401,0.5872,0.5872,0,0,67.1
9.55,33.34,57.07,129.59,22.1,98.0,1.49,0.05,15.18,1568.3,311.4,2,5,0.3688,0.6156,0.6156,0,0,66.5
17.85,39.31,67.24,149.62,39.3,82.18,1.46,0.05,17.81,2021.3,63.9,2,3,0.3871,0.5448,0.5448,0,0,63.1
6.24,22.66,65.25,157.4,25.65,92.42,1.99,0.13,40.47,2361.4,120.9,2,3,0.404,0.7523,0.7523,0,1,66.7
19.57,44.45,79.08,163.86,36.76,63.7,2.05,0.16,37.7,1006.5,58.7,1,1,0.3781,0.6066,0.6066,0,0,65.2
10.53,33.05,78.33,166.49,32.45,81.95,1.19,-0.01,8.57,822.5,157.8,0,2,0.3176,0.4537,0.4537,0,0,72.6
16.06,49.92,99.31,158.86,31.42,73.27,1.83,-0.1,13.3,978.3,163.1,3,2,0.3608,0.493,0.493,0,0,63.4
11.46,32.74,76.23,153.17,0.0,71.52,1.24,0.0,32.3,2348.4,17.8,1,3,0.3289,0.6418,0.6418,0,1,66.5
6.98,25.4,50.01,99.88,6.27,83.88,1.54,0.05,19.43,1278.2,127.1,2,3,0.3579,0.5414,0.5414,0,0,71.0
59.31,123.59,204.29,295.09,71.07,96.06,4.64,1.26,41.09,1190.8,58.6,3,1,0.794,0.8774,0.8774,1,1,43.9
28.85,64.29,132.84,234.6,20.68,98.0,1.74,0.45,36.31,1962.9,235.7,1,0,0.4686,0.7273,0.7273,0,1,64.3
3.02,22.16,50.62,111.62,21.62,71.49,1.71,-0.12,39.5,949.1,20.6,2,2,0.3259,0.6381,0.6381,0,1,70.3
40.57,95.18,152.14,268.01,49.85,85.17,1.83,0.2,14.94,1326.0,273.3,1,3,0.4437,0.634,0.634,0,1,63.3
79.23,192.34,374.54,552.42,118.01,98.0,2.81,0.45,13.43,988.9,86.0,2,0,0.6724,0.8396,0.8396,1,1,49.5
44.99,100.85,191.95,323.13,52.75,98.0,3.03,0.95,41.55,2357.6,35.4,1,0,0.6427,0.8414,0.8414,1,1,39.9
32.17,76.03,137.75,241.5,10.65,98.0,2.26,0.31,22.55,1220.5,48.9,0,2,0.5014,0.6832,0.6832,0,1,55.3
11.08,25.55,57.15,140.68,13.06,82.67,1.78,0.04,22.97,1194.2,10.0,5,2,0.4217,0.5451,0.5451,0,0,68.3
146.7,282.63,468.62,629.79,150.0,98.0,6.2,2.8,32.64,1796.8,359.3,1,0,1.0,1.0,1.0,1,1,28.2
6.26,24.08,55.55,103.1,8.79,82.69,1.63,-0.05,22.31,777.4,30.6,3,0,0.3706,0.4779,0.4779,0,0,59.2
15.6,46.08,83.91,189.87,0.0,73.56,1.7,0.22,39.51,1828.3,288.6,5,2,0.3901,0.6846,0.6846,0,1,64.5
20.07,42.67,86.78,119.22,26.32,69.99,1.63,0.31,42.53,1498.9,230.0,5,4,0.407,0.7622,0.7622,0,1,60.9
5.97,22.59,62.61,122.66,16.65,95.45,1.51,0.04,19.97,1053.8,51.5,0,3,0.3692,0.5935,0.5935,0,0,67.6
3.0,22.66,50.34,77.03,13.7,61.32,0.83,-0.12,15.49,1552.5,28.4,1,2,0.2537,0.4172,0.4172,0,0,75.1
124.12,272.4,469.29,937.94,150.0,98.0,3.45,0.65,10.71,2398.3,66.7,3,2,0.845,0.9937,0.9937,1,1,30.0
83.21,198.96,307.77,463.23,95.43,98.0,3.28,0.69,15.72,2134.0,325.4,1,2,0.6846,0.8363,0.8363,1,1,54.2
156.48,424.94,832.6,1313.7,129.3,98.0,3.41,1.1,13.02,2357.4,231.8,2,1,0.938,1.0,1.0,1,1,25.1
3.77,15.42,48.45,129.47,22.18,73.63,1.01,-0.14,9.05,2278.0,80.5,0,2,0.272,0.3978,0.3978,0,0,74.5
6.36,16.49,49.64,82.33,17.14,85.85,1.44,0.0,9.68,2103.7,94.6,4,3,0.3761,0.4685,0.4685,0,0,67.8
0.37,14.24,31.02,69.59,4.71,49.05,1.28,-0.04,26.34,1302.3,63.0,2,1,0.253,0.416,0.416,0,0,77.8
49.14,108.98,226.85,346.74,59.93,98.0,3.38,0.78,33.48,1954.4,347.5,1,0,0.6102,0.8195,0.8195,1,1,51.3
2.51,14.19,41.88,119.58,1.75,74.88,1.94,-0.15,43.4,1396.0,540.3,3,4,0.2801,0.728,0.728,0,1,73.0
17.18,46.87,118.94,253.01,38.78,98.0,1.53,0.04,13.6,1458.7,41.0,1,1,0.4145,0.5586,0.5586,0,0,54.9
6.41,25.34,41.35,100.07,10.73,70.66,1.18,-0.0,33.14,2191.1,358.8,0,0,0.2558,0.5135,0.5135,0,0,70.3
16.16,45.8,93.47,145.39,36.25,70.35,1.8,0.17,27.94,1088.6,360.5,1,1,0.3347,0.5648,0.5648,0,0,76.3
21.08,41.09,82.54,140.88,2.41,77.96,1.66,0.11,25.21,1239.4,77.0,2,3,0.3989,0.6109,0.6109,0,0,59.5
130.32,318.92,587.45,1026.36,106.46,98.0,6.2,2.51,33.99,2285.3,64.3,2,1,1.0,1.0,1.0,1,1,22.6
4.62,11.29,33.13,56.06,13.24,70.11,1.66,-0.08,16.59,1904.3,244.2,3,1,0.3093,0.3995,0.3995,0,0,63.2
0.22,0.65,3.3,54.22,0.0,66.21,1.45,-0.18,19.21,857.1,343.9,5,2,0.2762,0.4031,0.4031,0,0,73.1
85.77,170.27,290.48,511.23,91.21,98.0,3.23,0.92,21.85,950.7,61.8,4,2,0.7772,0.8642,0.8642,1,1,37.9
46.06,94.58,171.43,345.89,63.96,98.0,2.41,0.21,14.57,1706.3,81.3,0,1,0.5283,0.6305,0.6305,0,1,54.0
41.41,99.9,198.06,297.62,55.66,98.0,2.11,0.59,25.23,2067.9,48.8,4,2,0.586,0.7783,0.7783,0,1,48.9
112.64,303.58,545.64,957.56,90.21,98.0,2.92,0.77,12.75,2058.1,28.1,2,4,0.7999,1.0,1.0,1,1,40.3
18.35,42.57,101.16,205.64,39.62,90.98,1.24,0.06,19.45,1451.1,669.2,1,3,0.3083,0.624,0.624,0,1,73.9
21.87,49.1,105.42,185.74,31.54,95.48,1.14,0.12,12.07,1176.5,25.1,0,1,0.4044,0.5228,0.5228,0,0,63.7
3.86,21.9,39.69,123.95,24.28,73.36,1.18,-0.17,9.29,2049.7,202.0,2,2,0.2792,0.3882,0.3882,0,0,66.3
128.36,239.53,435.38,627.42,102.59,98.0,4.45,1.45,20.79,2307.7,65.5,3,1,0.9811,1.0,1.0,1,1,27.0
10.85,40.73,91.25,186.21,17.29,81.37,1.43,0.04,30.23,1482.8,10.5,1,1,0.3624,0.6112,0.6112,0,0,73.3
9.66,36.27,79.07,178.14,16.16,98.0,0.86,0.05,13.47,976.5,47.2,3,3,0.3869,0.5688,0.5688,0,0,62.3
14.63,42.46,108.09,171.44,8.01,98.0,2.06,0.37,43.76,1756.1,10.4,3,4,0.4896,0.8766,0.8766,0,1,64.5
0.96,13.0,35.53,74.95,23.7,83.13,1.49,-0.12,17.88,868.2,481.8,1,3,0.2654,0.5092,0.5092,0,0,73.3
3.64,21.52,32.63,61.15,3.78,32.4,1.15,-0.04,8.82,1759.0,37.0,1,1,0.2131,0.2311,0.2311,0,0,75.1
26.79,58.73,130.51,251.53,30.43,98.0,2.24,-0.02,9.01,1035.4,164.5,2,3,0.4582,0.596,0.596,0,0,57.4
1.73,19.41,37.01,105.26,2.32,68.56,2.07,0.01,32.0,1601.4,66.5,1,0,0.3298,0.4932,0.4932,0,0,71.2
18.48,56.91,96.48,137.78,35.14,90.32,1.7,0.29,32.12,1782.1,136.5,1,2,0.4211,0.6877,0.6877,0,1,60.2
5.63,24.43,50.34,122.33,8.65,58.7,1.73,-0.08,40.5,1487.1,35.3,1,3,0.2978,0.6399,0.6399,0,1,69.6
9.86,30.26,58.26,111.44,13.06,72.79,1.08,0.05,11.27,2115.0,11.9,1,2,0.3256,0.4252,0.4252,0,0,66.6
6.81,22.03,55.27,122.78,12.73,81.07,1.14,0.02,21.55,1368.3,198.4,2,3,0.3217,0.5569,0.5569,0,0,67.5
72.54,180.74,328.56,576.27,92.42,98.0,4.26,1.56,40.01,1005.8,151.4,1,1,0.8123,1.0,1.0,1,1,33.9
25.39,65.52,155.64,255.36,28.48,98.0,2.25,0.41,36.72,1515.4,13.9,1,0,0.5081,0.7584,0.7584,0,1,58.9
7.05,28.23,56.14,134.6,3.57,65.04,1.65,0.0,16.4,2339.8,157.5,1,3,0.3036,0.472,0.472,0,0,70.4
16.71,35.97,83.11,146.75,17.79,77.2,1.87,0.15,40.04,2202.3,109.2,3,2,0.4054,0.698,0.698,0,1,59.2
12.93,36.09,95.83,218.18,14.71,98.0,1.76,0.16,32.51,1263.3,22.6,0,3,0.4196,0.7416,0.7416,0,1,59.5
21.79,63.04,132.66,261.15,31.95,94.28,1.91,0.08,17.52,1150.5,209.6,1,2,0.4163,0.6262,0.6262,0,1,57.4
55.24,123.33,235.68,379.98,56.31,98.0,2.53,0.22,9.61,1547.4,144.0,1,2,0.5591,0.6994,0.6994,0,1,58.2
71.34,135.28,230.07,318.22,45.53,98.0,3.61,1.08,25.91,1831.0,84.8,1,3,0.7414,0.8529,0.8529,1,1,42.6
4.84,13.04,44.3,60.29,0.0,49.71,1.0,0.05,33.67,2279.1,23.6,0,2,0.2473,0.5227,0.5227,0,0,73.6
0.63,6.83,13.91,26.79,0.0,57.22,1.19,-0.19,17.67,1762.0,93.2,1,3,0.2383,0.4086,0.4086,0,0,72.9
6.08,22.03,56.57,126.6,16.49,67.18,1.89,-0.01,14.07,2129.6,21.3,1,0,0.3335,0.3698,0.3698,0,0,67.1
18.08,48.97,89.93,211.46,29.98,98.0,1.91,-0.06,10.71,1898.5,24.4,1,2,0.4267,0.53,0.53,0,0,63.3
1.06,16.56,30.94,57.03,0.0,57.8,1.24,-0.03,38.31,917.5,33.1,5,4,0.3075,0.6261,0.6261,0,1,73.0
13.72,41.93,93.17,159.56,23.3,90.2,2.02,-0.02,9.97,2221.4,127.5,3,2,0.4139,0.5062,0.5062,0,0,68.6
81.65,206.03,386.27,644.8,67.37,98.0,3.84,1.24,29.94,1079.2,136.6,2,3,0.7964,1.0,1.0,1,1,42.2
8.14,18.0,50.17,105.8,29.48,98.0,2.12,0.14,35.48,1355.0,10.0,0,2,0.4233,0.6795,0.6795,0,1,64.6
29.47,68.83,140.75,201.11,50.56,79.22,2.56,0.39,36.1,2136.4,126.3,1,2,0.4743,0.7426,0.7426,0,1,49.2
2.25,13.87,42.11,105.74,17.28,64.96,0.79,-0.04,31.53,2365.7,10.0,0,4,0.2581,0.6056,0.6056,0,0,74.6
1.56,18.49,31.31,84.13,13.43,66.37,0.81,-0.09,31.5,1262.5,282.4,1,1,0.2287,0.5061,0.5061,0,0,81.3
26.05,58.43,102.72,182.2,34.48,83.22,2.24,0.22,25.07,1382.3,181.0,3,1,0.4557,0.5891,0.5891,0,0,62.7
13.68,35.79,62.51,104.77,8.33,56.93,1.29,0.08,23.0,1551.3,154.7,2,2,0.3044,0.4798,0.4798,0,0,70.7
23.32,69.07,128.96,268.13,17.03,98.0,1.07,0.06,12.94,1571.7,32.8,2,1,0.4235,0.5656,0.5656,0,0,55.8
11.41,30.72,68.45,136.84,0.32,70.35,1.65,0.06,27.27,1988.1,526.4,4,4,0.3123,0.6188,0.6188,0,0,66.5
5.66,14.69,37.94,87.81,13.05,60.06,1.64,-0.03,10.56,2098.2,309.7,1,0,0.2651,0.299,0.299,0,0,65.4
92.65,201.49,367.93,723.81,75.04,98.0,4.32,1.33,24.86,2385.2,80.8,0,1,0.8411,0.9529,0.9529,1,1,33.0
32.13,86.23,189.27,378.44,55.99,98.0,3.13,0.51,34.31,2077.0,10.0,2,4,0.5853,0.9002,0.9002,0,1,49.2
23.73,56.25,102.69,184.21,18.94,82.33,1.88,0.14,23.94,1244.6,85.9,2,2,0.4261,0.6076,0.6076,0,0,62.4
6.35,26.59,68.12,97.51,14.75,60.25,1.18,-0.1,26.3,1340.9,20.1,2,6,0.2878,0.6423,0.6423,0,1,71.2
108.66,258.0,447.12,800.02,76.43,98.0,6.2,2.28,38.32,1769.8,107.8,1,1,1.0,1.0,1.0,1,1,25.1
8.96,26.54,56.75,110.95,0.99,59.34,1.51,-0.1,31.28,1883.0,517.4,1,1,0.2311,0.5157,0.5157,0,0,75.8
1.92,18.88,32.54,87.8,0.0,56.43,1.43,-0.04,12.59,898.4,169.7,1,3,0.256,0.3885,0.3885,0,0,78.4
49.85,100.0,172.71,286.52,65.68,98.0,3.13,0.69,27.55,1317.1,46.7,4,1,0.6626,0.7359,0.7359,1,1,57.8
2.94,9.23,32.48,74.53,8.67,72.61,1.41,-0.09,21.12,1084.4,60.1,3,1,0.323,0.442,0.442,0,0,71.5
60.01,153.56,256.85,438.45,67.75,98.0,2.33,0.44,15.45,1588.0,347.1,1,5,0.5568,0.8619,0.8619,0,1,58.5
11.81,29.79,73.65,133.03,10.35,76.3,1.57,0.1,31.33,1028.4,14.0,2,1,0.3753,0.5843,0.5843,0,0,66.2
113.87,291.79,434.17,642.35,128.07,98.0,4.18,1.43,21.91,1708.2,265.1,1,3,0.884,1.0,1.0,1,1,32.4
15.61,36.67,76.42,113.56,0.0,54.19,1.3,0.07,35.62,1521.0,10.0,3,0,0.3311,0.5301,0.5301,0,0,68.6
41.26,94.75,146.01,262.77,50.4,98.0,2.26,0.68,29.11,1416.5,64.3,0,3,0.5583,0.7758,0.7758,0,1,55.0
26.35,74.11,170.01,368.04,27.05,98.0,1.57,0.18,11.75,1820.8,164.2,1,3,0.4372,0.6662,0.6662,0,1,61.9
32.86,70.81,149.26,222.53,39.48,98.0,2.82,0.27,20.61,1436.9,60.3,2,3,0.5418,0.7117,0.7117,0,1,58.2
21.5,68.33,130.01,289.21,22.19,98.0,2.15,0.14,17.71,1408.8,101.6,0,3,0.4449,0.665,0.665,0,1,62.8
23.57,59.1,98.22,149.77,36.28,91.64,1.76,-0.02,13.4,1824.4,81.0,2,1,0.4261,0.5138,0.5138,0,0,64.9
82.42,219.28,426.67,692.6,103.11,98.0,4.74,1.72,36.81,844.5,111.4,3,2,0.8991,1.0,1.0,1,1,27.2
5.74,12.6,40.15,89.11,20.14,65.64,1.83,-0.15,21.63,1463.6,22.5,2,2,0.3221,0.4659,0.4659,0,0,66.5
13.44,41.87,74.26,145.18,14.79,86.4,1.34,0.21,30.08,1072.4,103.6,4,2,0.4104,0.6333,0.6333,0,1,64.4
5.0,18.44,34.67,74.25,1.04,42.67,1.09,0.04,39.75,813.6,523.6,2,2,0.189,0.5399,0.5399,0,0,71.9
87.91,196.99,423.64,758.14,119.98,98.0,3.68,1.29,27.55,807.2,25.9,2,1,0.8246,1.0,1.0,1,1,29.9
57.67,155.19,318.59,564.93,65.84,98.0,3.07,0.46,17.29,1026.6,10.0,2,4,0.6407,0.9221,0.9221,1,1,49.9
0.8,7.1,16.46,66.47,9.09,59.37,1.43,-0.1,36.46,1466.0,59.7,0,3,0.2583,0.5681,0.5681,0,0,79.6
24.45,63.5,122.67,246.29,28.81,98.0,2.15,0.3,23.69,1685.1,56.3,3,3,0.5051,0.7038,0.7038,0,1,55.3
51.87,149.64,316.55,422.84,61.29,98.0,3.21,0.84,28.3,2063.2,16.1,2,1,0.67,0.9177,0.9177,1,1,42.4
3.98,22.3,63.71,148.87,0.0,77.23,1.62,0.06,40.47,1752.7,101.7,0,1,0.3248,0.6479,0.6479,0,1,68.5
130.61,260.52,442.54,614.14,127.16,98.0,4.51,1.81,25.61,1608.1,69.1,3,1,1.0,1.0,1.0,1,1,23.8
49.42,96.4,206.37,354.85,46.14,98.0,2.65,0.41,20.05,810.0,217.6,3,1,0.5785,0.717,0.717,0,1,44.1
0.69,10.09,19.85,49.85,13.82,69.86,1.22,-0.15,34.19,1241.5,66.0,2,2,0.2853,0.5533,0.5533,0,0,68.2
23.91,57.12,101.08,188.31,45.77,98.0,1.68,0.15,12.81,1892.2,509.4,4,1,0.417,0.5304,0.5304,0,0,58.9
7.06,17.2,33.68,102.72,13.91,89.75,1.69,-0.0,40.89,1196.3,181.6,1,1,0.3561,0.6496,0.6496,0,1,72.5
51.64,110.46,175.72,366.05,30.63,98.0,4.01,1.05,40.96,1730.7,80.2,2,3,0.717,0.9068,0.9068,1,1,43.2
70.85,144.3,259.05,445.38,89.84,98.0,3.68,1.08,28.86,1746.4,96.4,3,3,0.7615,0.9119,0.9119,1,1,34.0
57.74,109.74,209.93,300.42,49.02,98.0,2.4,0.38,13.55,1253.5,241.9,1,1,0.5627,0.6694,0.6694,0,1,50.8
12.86,46.4,100.2,193.04,15.43,98.0,1.71,0.16,24.28,1693.1,178.5,2,2,0.4164,0.6511,0.6511,0,1,60.8
123.65,302.65,636.28,1254.97,91.0,98.0,4.47,1.63,23.24,938.1,128.7,0,2,0.9494,1.0,1.0,1,1,25.4
37.23,83.05,131.32,211.42,33.61,98.0,2.02,0.29,18.74,1949.5,37.2,2,3,0.5229,0.6748,0.6748,0,1,54.7
7.69,31.34,70.4,168.39,2.35,93.68,0.82,-0.02,14.3,787.2,63.4,0,2,0.331,0.5228,0.5228,0,0,74.1
35.31,69.37,108.93,213.57,47.3,98.0,1.72,0.26,17.49,808.3,185.7,2,0,0.4815,0.5475,0.5475,0,0,58.7
0.75,13.09,35.07,64.26,10.12,50.24,1.0,-0.13,28.0,2185.9,118.5,1,3,0.2179,0.4975,0.4975,0,0,75.4
18.14,54.68,128.81,268.88,32.67,98.0,2.06,0.26,32.69,1707.5,376.2,1,1,0.4185,0.7233,0.7233,0,1,65.2
5.23,13.98,44.79,95.15,14.81,78.1,0.78,0.07,43.27,1018.8,247.5,1,1,0.2832,0.6495,0.6495,0,1,71.1
2.57,16.93,47.79,92.33,9.43,62.81,1.45,-0.0,15.77,1742.7,66.8,0,2,0.2799,0.4204,0.4204,0,0,69.2
1.6,16.16,51.18,90.02,0.0,75.16,1.21,-0.07,15.34,1360.2,41.7,3,3,0.3204,0.4858,0.4858,0,0,68.1
23.83,57.49,117.67,197.69,25.83,81.32,1.71,-0.03,12.21,1195.3,15.9,2,3,0.4091,0.5592,0.5592,0,0,61.4
8.31,23.91,54.94,103.07,14.02,74.87,1.19,0.02,41.8,2088.7,62.8,1,0,0.3221,0.6112,0.6112,0,0,73.8
25.8,51.32,95.4,145.83,40.74,84.69,2.02,0.24,21.75,1537.6,30.8,4,2,0.4803,0.5877,0.5877,0,0,60.3
1.35,11.4,44.4,101.89,3.05,68.1,1.68,-0.08,41.26,1234.2,10.0,1,3,0.3088,0.665,0.665,0,1,79.2
7.58,28.94,67.42,143.86,17.83,91.12,1.76,0.12,40.02,2307.1,17.8,2,3,0.4077,0.7477,0.7477,0,1,62.5
15.51,43.2,100.92,187.85,48.28,98.0,1.74,0.06,9.58,1022.3,72.4,4,2,0.448,0.5344,0.5344,0,0,62.0
31.28,69.57,140.21,217.78,34.82,98.0,1.92,0.18,18.07,984.3,267.5,0,2,0.441,0.6503,0.6503,0,1,64.8
7.68,28.21,59.84,145.69,3.87,70.18,1.76,-0.02,18.89,910.6,46.4,1,1,0.3333,0.4508,0.4508,0,0,65.6
19.66,40.97,92.64,172.61,32.69,98.0,1.7,0.2,17.98,955.3,69.8,1,0,0.4406,0.5315,0.5315,0,0,61.6
43.43,97.32,206.63,413.5,36.68,98.0,2.72,0.43,23.31,1167.1,58.2,2,2,0.5806,0.7734,0.7734,0,1,54.5
19.14,50.84,87.7,182.74,27.25,87.54,2.16,0.07,25.98,1902.5,55.2,1,3,0.4264,0.6501,0.6501,0,1,70.2
5.3,20.79,49.71,119.98,17.12,79.99,1.58,0.02,35.3,1858.6,153.9,3,2,0.3511,0.6271,0.6271,0,1,67.6
96.5,268.18,529.23,818.32,98.4,98.0,3.51,0.9,17.64,2009.7,84.6,0,2,0.7718,1.0,1.0,1,1,44.9
40.82,115.45,211.84,305.16,47.87,98.0,2.19,0.3,18.75,1699.7,63.0,1,2,0.5262,0.7434,0.7434,0,1,52.5
0.43,10.21,26.55,60.39,6.13,77.1,1.42,-0.0,29.55,1562.8,344.4,1,0,0.2778,0.4847,0.4847,0,0,69.7
41.54,113.29,205.9,300.87,37.87,98.0,2.2,0.17,14.45,1462.6,38.8,2,1,0.529,0.6717,0.6717,0,1,53.7
15.06,42.07,76.14,127.22,13.03,90.11,1.64,0.0,25.03,2193.2,214.7,0,0,0.3606,0.5456,0.5456,0,0,74.1
55.96,151.3,250.59,474.09,50.09,98.0,2.06,0.46,17.04,1316.8,86.8,0,3,0.5615,0.807,0.807,0,1,57.6
32.07,71.62,129.81,206.2,31.29,98.0,1.83,0.18,15.13,2221.0,69.9,2,1,0.4855,0.5841,0.5841,0,0,60.4
123.64,280.44,515.26,733.35,150.0,98.0,6.2,2.56,36.64,1204.6,10.0,2,2,1.0,1.0,1.0,1,1,29.3
71.23,175.88,367.87,649.58,63.75,98.0,4.42,1.24,33.46,1009.6,234.6,2,0,0.7826,0.9917,0.9917,1,1,33.3
29.15,69.2,135.34,301.33,11.76,98.0,1.91,0.19,16.99,1171.0,37.9,2,0,0.4872,0.5758,0.5758,0,0,57.2
10.28,28.87,78.92,145.46,12.96,73.46,1.96,-0.03,22.95,1573.4,136.5,0,1,0.3335,0.5157,0.5157,0,0,69.6
13.07,33.24,87.89,158.15,21.86,97.1,0.94,-0.03,13.55,2277.7,249.0,0,1,0.332,0.5177,0.5177,0,0,64.5
19.75,62.49,124.53,268.25,12.74,98.0,1.34,0.01,9.91,1042.6,92.2,1,1,0.4031,0.5359,0.5359,0,0,56.1
41.38,89.33,158.35,330.6,60.43,98.0,2.06,0.52,29.07,1706.8,122.8,5,2,0.5763,0.7605,0.7605,0,1,47.8
82.81,208.84,319.74,537.27,96.06,98.0,3.05,0.86,21.09,1109.2,49.9,1,2,0.727,0.8939,0.8939,1,1,44.2
29.24,72.96,161.63,322.32,28.36,98.0,1.34,0.25,15.46,1868.1,155.6,2,2,0.4528,0.6556,0.6556,0,1,63.4
10.82,39.93,76.16,160.09,23.07,77.65,1.85,-0.02,12.13,1517.3,128.3,0,0,0.341,0.4075,0.4075,0,0,67.8
76.99,207.17,419.51,841.13,59.43,98.0,3.67,1.35,32.48,1960.3,70.6,1,2,0.7872,1.0,1.0,1,1,34.2
26.76,75.87,148.57,279.35,40.64,95.43,1.89,0.12,17.77,2162.6,120.8,2,2,0.4563,0.651,0.651,0,1,57.7
105.25,249.19,525.72,1063.3,101.2,98.0,6.2,2.44,40.67,1302.3,36.6,2,2,1.0,1.0,1.0,1,1,25.2
2.34,9.47,37.53,66.49,6.29,76.8,1.02,-0.11,14.94,2298.0,128.7,3,2,0.3023,0.4404,0.4404,0,0,69.8
8.76,32.29,66.2,124.59,18.32,64.14,0.93,-0.03,16.78,1522.9,134.0,2,3,0.2833,0.4847,0.4847,0,0,85.0
6.77,25.1,42.66,89.4,10.22,51.58,1.75,0.06,38.66,2295.4,70.6,0,2,0.2845,0.5659,0.5659,0,0,73.2
7.03,31.35,64.16,143.63,5.05,82.23,1.38,-0.1,28.61,1130.5,34.4,0,4,0.3254,0.6575,0.6575,0,1,67.5
5.32,24.81,61.37,147.25,15.67,91.94,1.35,-0.1,11.9,2230.2,195.0,1,3,0.3294,0.5177,0.5177,0,0,70.0
0.86,14.73,34.73,67.88,1.84,44.83,1.79,-0.05,27.78,1300.5,168.4,3,1,0.2629,0.4202,0.4202,0,0,81.1
83.86,196.51,358.11,679.92,80.81,98.0,2.66,0.81,19.09,1988.7,10.0,2,1,0.723,0.8948,0.8948,1,1,40.7
88.0,188.36,389.52,680.81,120.39,98.0,4.65,1.73,34.53,2347.5,81.8,0,3,0.8846,1.0,1.0,1,1,34.4
11.16,21.54,57.06,118.37,18.46,68.87,1.91,-0.09,10.8,2255.1,11.6,1,2,0.3432,0.409,0.409,0,0,70.6
9.7,25.84,71.95,145.73,10.84,58.09,1.24,0.09,41.04,1515.0,46.2,1,2,0.3003,0.6389,0.6389,0,1,70.1
22.77,56.65,115.04,220.32,21.09,98.0,1.69,0.14,25.22,1319.1,65.8,1,2,0.4431,0.6767,0.6767,0,1,61.3
4.92,19.61,42.22,111.27,16.55,62.06,1.15,-0.05,34.43,1760.9,23.4,0,1,0.2724,0.5308,0.5308,0,0,64.2
59.9,134.5,231.21,387.27,66.2,98.0,3.98,1.01,33.37,1914.6,75.9,1,2,0.7235,0.8839,0.8839,1,1,46.7
30.87,68.38,158.44,225.65,44.34,83.19,1.57,0.08,14.42,1641.4,147.0,1,3,0.4084,0.6319,0.6319,0,1,63.3
1.87,10.08,41.27,91.4,5.13,64.51,0.88,-0.14,39.68,2150.0,68.9,3,1,0.2722,0.5785,0.5785,0,0,72.7
10.81,36.58,87.09,195.12,26.66,98.0,1.18,-0.06,16.38,846.1,32.0,1,3,0.3745,0.6019,0.6019,0,0,62.5
42.26,82.82,157.85,224.6,52.17,98.0,2.03,0.36,14.86,1739.4,64.3,0,2,0.5186,0.6462,0.6462,0,1,63.1
57.91,130.88,226.23,322.54,72.55,98.0,3.51,0.85,26.74,1616.7,107.7,5,1,0.7173,0.7948,0.7948,1,1,36.9
103.91,201.75,435.06,707.17,80.86,98.0,5.84,2.54,43.44,815.0,330.6,1,2,1.0,1.0,1.0,1,1,19.4
19.01,50.2,81.8,136.15,45.7,87.17,2.05,0.03,19.28,771.0,83.0,1,2,0.4118,0.5583,0.5583,0,0,63.9
3.66,15.45,47.81,98.66,17.23,97.16,1.38,-0.08,42.72,1750.1,262.6,1,4,0.3307,0.7923,0.7923,0,1,69.1
94.59,232.15,397.54,573.36,114.23,98.0,4.46,1.24,23.66,944.7,500.5,5,2,0.8371,1.0,1.0,1,1,30.6
126.54,250.67,440.17,641.7,145.14,98.0,6.2,2.68,38.05,2018.1,98.3,3,2,1.0,1.0,1.0,1,1,28.4
119.25,260.81,525.61,996.0,102.55,98.0,4.76,1.77,27.08,2316.3,19.1,6,3,1.0,1.0,1.0,1,1,22.4
20.98,67.55,109.57,246.65,23.69,93.96,1.84,-0.0,15.39,1042.7,249.8,3,2,0.4175,0.5801,0.5801,0,0,63.6
18.72,53.99,102.93,166.11,28.35,98.0,2.07,0.26,39.68,2067.6,238.0,1,2,0.439,0.7776,0.7776,0,1,62.3
90.81,238.99,514.83,931.13,84.91,98.0,2.49,0.52,10.59,1725.8,243.5,2,1,0.6724,1.0,1.0,1,1,48.3
5.24,16.35,49.96,88.66,7.33,69.18,2.28,0.0,32.58,1489.1,360.8,4,1,0.3389,0.5454,0.5454,0,0,69.5
3.88,15.04,31.96,87.46,9.0,70.53,1.59,0.01,37.91,1823.0,38.8,0,3,0.3111,0.6298,0.6298,0,1,67.8
4.98,14.92,34.93,87.15,14.04,88.88,1.31,-0.0,37.95,2073.9,48.7,2,4,0.3595,0.7152,0.7152,0,1,66.0
100.94,199.3,288.13,458.19,127.38,98.0,4.93,1.86,31.59,2351.6,139.4,3,2,0.9646,0.9393,0.9646,1,1,27.0
30.24,59.64,92.18,207.05,32.96,98.0,1.4,0.23,17.04,1839.8,99.6,0,2,0.4434,0.5834,0.5834,0,0,63.9
8.62,25.77,50.55,117.01,25.59,63.74,1.51,-0.1,27.14,1982.4,243.3,1,2,0.2768,0.5174,0.5174,0,0,67.1
125.26,290.32,501.25,771.81,150.0,98.0,5.92,2.11,30.66,1752.4,35.2,1,0,1.0,1.0,1.0,1,1,26.5
69.54,181.88,329.56,525.67,66.12,98.0,4.36,1.57,40.03,1682.3,128.9,0,4,0.803,1.0,1.0,1,1,38.3
43.05,124.06,251.34,476.94,71.99,98.0,1.94,0.26,13.75,856.9,338.4,1,1,0.4801,0.7216,0.7216,0,1,63.9
52.55,127.38,193.72,332.3,37.77,98.0,2.52,0.62,24.74,1005.9,29.2,3,1,0.6273,0.7391,0.7391,1,1,47.0
105.6,248.51,480.47,758.31,129.68,98.0,3.03,1.05,19.99,1375.8,44.0,0,7,0.7938,1.0,1.0,1,1,45.1
147.48,342.56,503.43,970.05,150.0,98.0,4.95,1.87,23.4,1821.7,62.8,4,0,1.0,1.0,1.0,1,1,24.6
137.79,373.21,561.78,1115.9,125.71,98.0,3.66,0.99,14.59,875.1,10.9,3,1,0.9301,1.0,1.0,1,1,16.3
28.4,78.57,133.88,233.87,33.08,86.77,1.68,0.04,15.83,1648.2,23.4,1,2,0.427,0.5932,0.5932,0,0,63.2
23.82,62.9,131.3,216.21,33.79,98.0,2.55,0.46,35.71,771.8,57.8,1,0,0.5168,0.7206,0.7206,0,1,54.8
3.34,8.82,14.47,39.57,8.21,53.86,1.29,0.02,25.22,2014.1,10.0,2,0,0.2852,0.3703,0.3703,0,0,71.1
33.84,89.23,174.98,243.7,40.09,82.36,1.58,0.28,26.51,1850.4,54.1,1,3,0.4463,0.7465,0.7465,0,1,62.6
5.08,15.49,46.81,93.41,0.0,59.2,1.28,-0.11,40.31,1609.1,33.6,3,1,0.2948,0.5754,0.5754,0,0,75.0
5.07,23.57,44.49,93.04,24.37,84.15,0.5,-0.05,16.64,1692.4,239.9,4,3,0.3032,0.5131,0.5131,0,0,81.4
15.4,51.93,112.68,178.63,21.78,98.0,1.97,0.17,19.85,2289.1,112.5,5,4,0.4734,0.6909,0.6909,0,1,54.7
17.98,47.25,107.62,188.86,34.51,90.31,2.17,0.15,19.11,2246.0,274.5,1,4,0.4089,0.6573,0.6573,0,1,68.2
17.35,55.3,122.21,181.32,36.18,89.94,1.25,0.27,31.73,2058.0,27.2,1,4,0.4107,0.7751,0.7751,0,1,64.8
1.92,7.34,11.09,20.5,0.0,72.62,1.07,-0.01,28.25,1304.8,10.2,1,3,0.2997,0.5329,0.5329,0,0,64.9
119.81,308.92,570.99,868.3,120.53,98.0,5.01,1.74,24.98,927.0,52.4,2,1,1.0,1.0,1.0,1,1,28.4
6.17,17.44,39.2,108.95,0.0,92.12,1.82,0.09,32.05,1280.4,10.0,2,0,0.4063,0.5622,0.5622,0,0,70.3
2.77,10.77,15.91,50.55,15.52,56.98,0.99,-0.12,25.42,1990.7,258.0,0,3,0.2102,0.4724,0.4724,0,0,73.7
43.92,97.72,162.56,280.56,69.76,98.0,3.48,0.96,37.37,1758.2,25.0,2,3,0.6727,0.8621,0.8621,1,1,44.5
102.61,246.72,373.81,645.97,87.3,98.0,3.71,1.2,22.77,1914.2,18.2,4,1,0.8747,0.9434,0.9434,1,1,40.9
39.63,89.53,152.6,295.62,53.88,98.0,3.38,0.77,40.06,923.8,186.0,2,2,0.6167,0.8414,0.8414,1,1,50.0
33.16,81.55,130.3,236.41,41.4,91.13,1.97,0.1,12.31,1011.4,149.5,1,0,0.4509,0.5129,0.5129,0,0,60.2
21.3,38.97,73.26,122.65,33.91,76.04,1.3,-0.07,11.38,1846.1,10.0,0,0,0.3498,0.3935,0.3935,0,0,59.9
16.01,33.02,75.86,145.01,15.28,90.04,2.03,0.26,31.61,1363.5,85.5,0,1,0.4224,0.6277,0.6277,0,1,60.2
102.85,195.98,420.33,835.37,107.21,98.0,4.0,1.28,22.03,1359.2,71.5,1,3,0.8589,1.0,1.0,1,1,31.3
10.5,34.64,73.7,173.31,14.76,84.67,1.7,0.03,24.41,1397.9,58.7,0,4,0.3637,0.6424,0.6424,0,1,72.5
9.33,25.31,75.21,166.12,16.38,74.9,1.06,0.11,33.06,2063.3,16.3,3,3,0.354,0.6561,0.6561,0,1,61.9
6.02,26.5,62.55,90.97,0.38,80.99,1.25,-0.08,15.72,1903.4,185.8,0,1,0.2962,0.459,0.459,0,0,71.5
25.71,57.72,94.83,156.37,46.4,82.48,1.39,-0.04,9.58,925.0,32.9,0,3,0.3787,0.5135,0.5135,0,0,65.0
13.7,32.84,76.7,134.92,14.21,65.29,1.37,-0.04,23.8,1318.2,73.6,3,2,0.3346,0.5269,0.5269,0,0,63.7
1.69,16.4,39.79,91.16,9.82,50.31,1.75,-0.04,40.21,1861.8,255.5,3,1,0.2645,0.5412,0.5412,0,0,82.6
4.97,18.94,35.74,81.71,0.0,79.94,1.34,0.03,24.23,2360.6,46.0,0,3,0.3244,0.5513,0.5513,0,0,75.0
22.99,53.39,94.57,197.43,25.93,91.4,2.29,0.2,28.59,2255.2,10.0,0,3,0.4597,0.6902,0.6902,0,1,60.6
1.58,17.02,37.51,91.77,1.32,49.43,1.73,-0.06,15.5,1159.7,263.9,0,1,0.2281,0.3383,0.3383,0,0,82.9
38.1,73.89,126.96,245.52,48.85,92.65,2.54,0.39,24.71,859.0,81.7,0,2,0.5203,0.6723,0.6723,0,1,50.8
13.67,27.95,46.8,105.6,35.87,91.82,2.13,0.17,25.3,1695.9,82.5,0,3,0.4175,0.6067,0.6067,0,0,65.7
13.1,36.66,74.5,112.86,12.96,84.5,1.79,0.01,16.47,1420.3,96.2,0,1,0.3668,0.4894,0.4894,0,0,57.1
149.15,363.25,589.23,952.51,103.16,98.0,3.67,1.16,13.9,1052.6,23.8,0,4,0.9443,1.0,1.0,1,1,22.8
34.82,69.33,140.46,253.4,58.53,85.26,2.69,0.23,20.61,1825.2,150.6,1,3,0.4874,0.6653,0.6653,0,1,52.8
73.53,145.84,265.98,401.33,74.74,98.0,2.04,0.28,9.4,1014.6,31.6,3,4,0.6243,0.7947,0.7947,1,1,52.1
22.67,60.56,121.87,249.64,52.9,98.0,1.91,0.1,13.99,1329.9,43.0,0,2,0.4411,0.5953,0.5953,0,0,59.6
16.68,35.9,81.5,177.5,9.55,71.3,1.21,0.06,34.33,2061.0,119.7,1,1,0.3323,0.6039,0.6039,0,0,69.9
6.21,15.19,49.83,100.73,18.44,61.46,1.89,-0.04,31.37,1879.1,166.2,0,2,0.289,0.544,0.544,0,0,70.4
42.18,118.25,207.15,428.95,40.13,98.0,2.21,0.47,19.26,1751.8,157.4,0,2,0.5258,0.7417,0.7417,0,1,53.4
31.93,71.69,139.31,237.54,34.55,98.0,1.87,0.42,27.84,2285.9,10.4,2,2,0.5188,0.7274,0.7274,0,1,53.8
21.49,51.96,90.62,154.66,16.06,89.36,1.72,0.42,37.86,956.9,168.6,3,1,0.4565,0.6938,0.6938,0,1,62.8
38.02,93.08,168.78,312.32,44.03,98.0,3.11,0.66,38.21,1890.1,130.4,1,1,0.5877,0.8164,0.8164,0,1,55.5
40.39,105.75,206.61,335.11,48.85,98.0,2.55,0.6,31.56,943.6,111.5,0,3,0.5553,0.8694,0.8694,0,1,48.6
24.64,63.8,103.89,174.16,36.22,89.7,1.39,0.16,12.47,975.0,408.9,2,2,0.3826,0.5379,0.5379,0,0,70.4
158.92,329.18,530.84,997.2,150.0,98.0,3.5,1.2,13.86,1585.6,51.1,4,2,1.0,1.0,1.0,1,1,19.6
23.91,75.76,122.95,203.73,42.78,82.48,1.55,0.03,18.5,789.8,137.9,3,2,0.4049,0.5892,0.5892,0,0,60.1
22.8,54.57,80.04,141.26,18.66,82.38,2.74,0.2,32.15,1576.6,102.2,0,1,0.4467,0.6157,0.6157,0,0,64.2
19.28,51.13,98.74,149.24,20.52,90.55,1.61,0.13,17.29,765.6,58.9,3,1,0.4336,0.5425,0.5425,0,0,55.3
27.94,74.2,176.35,352.43,45.19,98.0,2.01,0.27,24.72,1744.0,186.3,2,3,0.4772,0.7777,0.7777,0,1,57.5
3.45,19.31,32.46,67.78,0.0,38.26,1.51,-0.12,37.72,1264.8,61.9,1,5,0.2294,0.5985,0.5985,0,0,75.4
42.55,112.67,198.96,348.87,50.44,98.0,3.79,0.87,40.1,887.4,98.1,2,2,0.6646,0.8984,0.8984,1,1,53.9
41.09,118.28,231.17,456.4,32.61,98.0,3.27,0.74,38.19,2038.4,98.7,0,1,0.6048,0.8924,0.8924,1,1,51.0
0.59,12.53,39.87,97.61,0.0,76.27,0.93,-0.04,12.19,1393.4,85.9,1,1,0.2847,0.3898,0.3898,0,0,71.0
34.95,89.41,188.91,293.11,28.6,98.0,2.94,0.69,40.79,1482.6,73.4,1,3,0.5829,0.9216,0.9216,0,1,49.4
2.76,20.64,42.71,115.02,0.0,79.6,1.76,-0.08,32.63,1367.9,22.0,0,0,0.3295,0.5361,0.5361,0,0,72.2
8.16,27.56,66.88,96.22,24.14,55.5,1.41,-0.11,30.28,888.0,33.1,3,0,0.2996,0.4794,0.4794,0,0,72.6
27.21,77.0,179.56,245.38,14.46,84.59,1.7,0.1,16.91,1508.9,15.8,1,2,0.4273,0.6516,0.6516,0,1,62.8
3.51,16.93,27.31,55.45,15.08,52.55,0.96,-0.04,41.42,1848.0,154.3,2,4,0.2423,0.6318,0.6318,0,1,77.8
129.79,333.16,619.07,976.42,137.21,98.0,1.97,0.64,8.62,2240.6,163.6,3,4,0.7795,1.0,1.0,1,1,37.9
35.69,79.93,178.13,354.47,50.09,98.0,1.89,0.1,10.96,2010.3,122.1,4,1,0.503,0.6098,0.6098,0,0,57.2
14.16,38.75,74.45,165.08,3.52,70.18,1.81,-0.11,13.53,880.8,299.6,3,1,0.3292,0.4258,0.4258,0,0,71.0
0.13,2.55,11.21,42.16,9.65,52.83,1.09,-0.07,32.99,1023.6,36.9,1,1,0.2437,0.4555,0.4555,0,0,71.8
6.77,21.34,44.76,100.74,9.75,57.84,1.64,-0.06,30.42,824.0,206.5,5,2,0.3134,0.52,0.52,0,0,67.8
19.19,60.99,127.98,187.48,12.77,85.6,2.17,0.26,42.01,947.0,24.7,1,4,0.4453,0.8522,0.8522,0,1,64.8
79.46,165.47,352.05,585.37,82.65,98.0,2.96,0.79,20.56,1542.9,10.0,0,2,0.7031,0.9292,0.9292,1,1,44.3
19.98,54.74,103.37,213.71,41.84,85.36,1.57,0.06,20.51,1112.6,10.0,0,2,0.3918,0.5895,0.5895,0,0,69.3
6.02,16.52,41.68,80.45,4.46,60.98,1.33,-0.01,32.1,1819.1,104.3,6,3,0.3332,0.5685,0.5685,0,0,71.1
131.3,256.83,387.47,699.23,104.03,98.0,2.8,1.1,14.27,803.4,181.0,1,2,0.8442,0.9221,0.9221,1,1,27.7
15.53,44.3,85.37,151.0,0.0,83.07,0.68,0.07,24.71,2164.5,207.8,1,3,0.3213,0.6246,0.6246,0,1,66.8
30.27,76.01,170.3,280.5,31.27,98.0,2.23,0.04,8.56,1868.1,76.3,2,2,0.4844,0.611,0.611,0,0,57.1
2.26,14.9,46.01,125.84,0.0,72.85,1.93,-0.06,29.31,2349.0,10.0,2,0,0.345,0.4947,0.4947,0,0,64.9
28.63,79.77,137.57,242.55,46.12,82.47,2.43,0.39,36.22,2322.2,10.0,0,1,0.4781,0.7188,0.7188,0,1,56.9
15.59,45.31,81.79,178.46,30.25,87.8,1.18,0.12,15.34,1893.3,299.2,1,0,0.3465,0.4685,0.4685,0,0,71.0
65.93,143.36,299.73,555.74,66.9,98.0,2.55,0.56,19.06,1010.8,11.7,3,2,0.6579,0.8532,0.8532,1,1,55.3
8.37,17.73,44.09,119.18,23.32,59.75,1.21,-0.02,12.75,1116.4,184.3,1,0,0.2693,0.3232,0.3232,0,0,79.2
20.03,52.12,85.66,141.69,23.96,88.02,1.53,0.29,30.16,1208.0,10.0,1,2,0.4299,0.6525,0.6525,0,1,62.5
53.77,136.11,210.85,459.83,76.02,98.0,3.12,0.86,28.3,1454.0,24.3,0,2,0.651,0.8185,0.8185,1,1,47.9
2.16,5.45,29.18,99.65,12.91,55.88,0.93,-0.09,37.75,1691.9,21.3,1,2,0.2476,0.5541,0.5541,0,0,78.6
55.37,108.19,233.29,451.27,78.74,98.0,4.18,1.24,42.93,1876.3,38.9,4,5,0.7788,1.0,1.0,1,1,44.2
23.29,60.75,100.6,222.37,38.57,79.82,2.07,0.45,43.41,874.8,62.4,1,2,0.4528,0.7537,0.7537,0,1,64.3
1.4,14.34,41.02,96.88,10.47,75.09,0.94,-0.13,11.86,1757.4,16.0,2,1,0.2954,0.3853,0.3853,0,0,67.8
7.16,26.58,74.64,166.36,15.61,73.79,2.03,0.06,27.91,847.7,434.1,1,2,0.3082,0.5811,0.5811,0,0,68.5
24.63,64.57,137.16,277.58,30.94,98.0,2.69,0.38,36.43,2114.6,10.0,1,3,0.5237,0.8235,0.8235,0,1,58.1
1.39,9.87,38.03,77.62,20.1,76.56,1.76,-0.12,31.72,816.7,177.5,1,3,0.3045,0.6046,0.6046,0,0,72.3
17.45,51.8,105.89,176.05,32.44,88.73,1.53,0.2,40.29,1393.6,89.7,0,1,0.3949,0.7302,0.7302,0,1,66.9
8.49,29.43,68.44,142.42,2.16,84.41,1.54,-0.03,23.9,1443.0,10.7,1,4,0.3611,0.6312,0.6312,0,1,67.4
19.4,51.07,94.3,169.78,0.39,98.0,2.19,0.25,23.38,1691.1,15.3,3,2,0.4946,0.6367,0.6367,0,1,55.8
0.94,11.47,26.71,90.46,1.81,60.68,1.27,-0.17,8.94,907.5,107.0,1,1,0.2514,0.3041,0.3041,0,0,72.0
41.04,113.53,202.77,385.52,27.62,98.0,1.86,0.08,8.56,2289.6,45.4,1,1,0.4926,0.6207,0.6207,0,1,56.1
73.42,194.19,307.09,607.91,90.66,98.0,4.43,1.38,32.94,1382.3,71.8,0,1,0.8046,0.9432,0.9432,1,1,39.0
69.4,182.18,311.13,584.14,69.28,98.0,2.63,0.83,24.97,1403.7,95.6,0,3,0.6565,0.9445,0.9445,1,1,45.1
27.7,68.98,153.9,283.48,41.97,98.0,1.96,0.34,31.77,1151.1,102.2,3,2,0.5025,0.7766,0.7766,0,1,56.8
2.79,10.37,31.28,91.92,13.35,77.09,1.56,-0.06,16.58,2038.2,104.8,0,0,0.3055,0.3867,0.3867,0,0,71.3
28.4,63.2,105.05,157.31,33.97,82.56,2.97,0.43,39.07,762.8,10.0,1,1,0.5163,0.7021,0.7021,0,1,46.1
124.5,321.22,573.54,769.8,146.34,98.0,6.2,2.8,40.5,925.2,161.9,1,2,1.0,1.0,1.0,1,1,38.2
0.45,2.89,7.15,45.08,13.27,35.59,1.7,-0.17,31.84,1526.8,41.7,1,2,0.2228,0.4231,0.4231,0,0,76.3
113.63,275.32,390.32,769.37,108.08,98.0,3.93,1.13,18.0,2347.7,14.6,3,0,0.8954,0.8955,0.8955,1,1,27.4
13.41,39.58,87.94,142.95,31.04,59.52,0.92,-0.06,15.78,808.7,12.9,0,0,0.2775,0.4004,0.4004,0,0,69.9
29.43,84.39,162.5,267.43,32.04,96.87,2.57,0.38,30.52,852.3,32.5,2,1,0.5346,0.744,0.744,0,1,56.3
23.0,50.56,103.26,169.56,21.23,89.08,2.6,0.44,41.87,1929.6,118.9,1,2,0.4872,0.7706,0.7706,0,1,66.1
11.81,44.06,88.49,176.44,28.11,80.73,1.27,0.08,28.81,1963.5,76.6,5,1,0.3912,0.5947,0.5947,0,0,61.9
6.39,27.44,72.1,142.11,25.56,72.62,1.73,0.02,38.21,2229.9,13.6,1,2,0.3432,0.6572,0.6572,0,1,59.8
117.03,237.83,417.88,646.27,124.52,98.0,5.05,1.87,28.35,1701.4,10.0,1,1,1.0,1.0,1.0,1,1,24.8
11.11,35.94,73.34,131.48,10.69,66.6,1.89,0.04,32.29,1415.9,10.0,0,1,0.3404,0.5644,0.5644,0,0,67.4
12.01,33.17,71.15,142.88,22.44,67.11,1.88,0.13,28.44,1494.3,65.6,0,5,0.3454,0.6524,0.6524,0,1,65.1
3.57,16.29,43.48,84.06,0.0,60.81,1.83,-0.16,28.71,1462.0,186.2,2,1,0.283,0.4831,0.4831,0,0,75.2
31.68,72.0,112.85,230.1,37.2,90.45,2.27,0.53,34.61,2356.3,102.3,3,3,0.5289,0.7581,0.7581,0,1,54.0
79.52,154.6,277.13,505.62,112.18,98.0,2.94,0.93,22.26,1377.1,199.1,1,6,0.7017,0.9712,0.9712,1,1,42.4
4.99,14.58,34.03,89.23,2.14,68.75,1.04,0.03,40.54,908.5,46.2,2,3,0.3065,0.6484,0.6484,0,1,72.9
1.72,8.5,22.33,59.41,17.46,51.19,1.53,-0.17,39.09,1227.9,18.1,0,1,0.2457,0.5133,0.5133,0,0,73.9
22.82,65.12,141.14,262.61,34.26,93.62,2.02,0.24,34.11,2334.1,194.9,3,1,0.4609,0.7375,0.7375,0,1,57.9
21.26,59.66,101.23,177.51,19.35,87.05,2.01,0.19,34.76,1456.6,156.2,1,3,0.4222,0.7356,0.7356,0,1,57.1
6.38,29.65,63.46,123.18,22.31,60.62,1.12,-0.03,22.88,1271.5,106.7,0,0,0.2614,0.4303,0.4303,0,0,77.1
60.26,136.13,240.58,440.65,61.96,98.0,4.01,1.22,37.97,1262.7,262.5,1,2,0.7217,0.9322,0.9322,1,1,45.2
3.28,16.98,37.5,101.08,0.96,64.4,1.83,-0.11,41.57,765.0,119.5,0,2,0.284,0.6188,0.6188,0,0,70.7
95.01,236.17,364.4,626.66,111.13,98.0,5.32,2.02,36.63,1794.6,89.5,1,2,0.9692,1.0,1.0,1,1,31.4
57.51,149.69,239.78,383.18,59.07,98.0,2.2,0.36,12.79,1945.0,83.7,2,1,0.5816,0.6998,0.6998,0,1,46.6
10.89,21.77,33.93,89.64,0.0,85.62,1.8,0.14,36.32,1332.4,115.3,1,0,0.3844,0.5717,0.5717,0,0,70.1
20.35,52.93,112.48,240.49,35.53,97.83,2.17,0.2,24.72,2190.1,87.2,1,2,0.4608,0.6692,0.6692,0,1,61.5
10.14,30.83,64.67,135.51,0.0,82.68,1.14,-0.01,29.91,1975.8,38.2,0,2,0.3321,0.6098,0.6098,0,0,68.1
150.13,278.78,458.46,808.44,150.0,98.0,6.2,2.8,43.68,1741.4,369.2,1,3,1.0,1.0,1.0,1,1,28.5
82.68,180.43,312.16,505.08,70.57,98.0,4.01,0.99,20.94,1911.3,380.6,0,0,0.7292,0.8234,0.8234,1,1,47.9
10.53,35.54,75.55,161.63,21.25,63.32,1.47,0.04,20.55,2019.6,21.9,1,3,0.3222,0.524,0.524,0,0,67.7
119.5,270.0,429.1,758.02,145.03,98.0,4.29,1.2,17.47,1619.6,90.8,1,1,0.9031,0.9686,0.9686,1,1,29.7
5.23,13.67,26.77,69.57,0.0,71.44,1.13,-0.02,12.58,1406.4,187.1,3,6,0.3039,0.5134,0.5134,0,0,67.8
107.21,223.89,394.31,545.56,98.91,98.0,2.32,0.88,14.05,957.4,10.0,2,2,0.7734,0.9288,0.9288,1,1,38.3
0.63,5.09,23.45,52.52,0.0,56.74,1.44,-0.17,26.51,1418.2,15.8,0,0,0.2512,0.3996,0.3996,0,0,70.9
21.09,41.79,76.71,174.28,18.21,75.63,1.67,0.22,40.75,1657.7,94.5,1,1,0.3929,0.6615,0.6615,0,1,72.1
9.19,33.85,88.46,180.9,20.03,90.42,1.49,0.07,37.16,2314.0,10.0,0,2,0.3741,0.7185,0.7185,0,1,67.4
39.95,97.16,148.42,283.19,53.39,98.0,2.14,0.19,14.57,1005.6,214.8,1,0,0.4909,0.5724,0.5724,0,0,61.9
12.82,39.18,83.97,196.11,1.62,79.92,1.25,-0.03,28.22,1999.0,247.8,1,1,0.3176,0.5822,0.5822,0,0,65.1
68.96,170.51,287.44,427.97,81.11,98.0,4.09,1.44,38.49,1147.2,160.0,1,2,0.7827,0.9936,0.9936,1,1,45.3
4.1,16.77,39.36,77.56,16.18,56.48,1.42,-0.08,27.42,2329.1,207.4,1,1,0.2515,0.4556,0.4556,0,0,71.6
40.59,100.53,220.88,307.3,33.35,98.0,3.51,0.8,40.81,1731.4,133.7,1,2,0.6253,0.9309,0.9309,1,1,53.7
29.98,77.53,144.62,278.63,30.72,98.0,2.64,0.61,40.68,1464.1,18.4,2,0,0.5664,0.7766,0.7766,0,1,53.6
76.54,190.63,285.62,582.37,75.85,98.0,2.57,0.91,20.54,1322.3,10.0,1,0,0.7013,0.7878,0.7878,1,1,43.5
37.26,103.07,187.39,411.46,56.19,98.0,2.84,0.8,39.46,1083.3,226.1,0,0,0.5645,0.8191,0.8191,0,1,57.9
28.63,62.4,92.42,208.81,54.43,88.57,1.64,0.3,29.06,1928.9,147.4,1,1,0.4395,0.6235,0.6235,0,1,62.8
134.27,266.1,438.02,777.55,146.6,98.0,5.4,1.85,25.27,1799.3,61.0,1,1,1.0,1.0,1.0,1,1,30.2
2.81,18.72,52.76,122.98,27.75,77.32,0.98,-0.15,35.87,2218.8,191.2,0,1,0.2598,0.598,0.598,0,0,71.3
0.66,2.74,10.56,40.87,16.25,53.6,0.94,-0.14,36.43,1735.6,10.0,1,3,0.2359,0.5444,0.5444,0,0,73.4
50.73,132.0,239.16,325.84,52.97,98.0,3.1,0.95,32.32,1030.2,46.1,3,2,0.6792,0.8852,0.8852,1,1,41.2
19.18,45.08,91.45,154.59,14.24,91.24,2.6,0.2,37.19,1876.7,50.2,1,0,0.4674,0.6648,0.6648,0,1,58.6
31.85,71.68,132.7,258.86,17.89,98.0,3.11,0.78,42.25,2200.0,13.3,0,4,0.5902,0.8946,0.8946,0,1,50.9
13.14,36.49,67.36,107.53,9.52,69.85,1.63,0.09,39.43,2384.3,162.4,1,3,0.3359,0.6834,0.6834,0,1,70.9
2.5,9.22,38.42,121.22,9.05,57.83,1.67,-0.04,10.67,1880.4,180.4,0,2,0.2594,0.3543,0.3543,0,0,72.8
2.67,13.82,37.01,92.79,30.08,64.07,1.29,-0.01,38.6,1227.7,105.0,0,3,0.2699,0.6234,0.6234,0,1,75.8
23.14,63.49,97.06,185.56,34.3,95.96,1.8,0.37,36.13,1682.9,64.9,1,2,0.467,0.7364,0.7364,0,1,60.1
11.25,32.7,81.46,159.38,16.87,77.24,1.17,0.21,41.36,1599.7,112.1,2,1,0.3562,0.6767,0.6767,0,1,71.1
133.26,246.22,451.04,870.8,103.11,98.0,6.2,2.66,34.62,1594.8,274.4,1,1,1.0,1.0,1.0,1,1,26.3
125.26,246.77,450.94,915.73,150.0,98.0,6.2,2.8,39.6,879.7,53.1,0,2,1.0,1.0,1.0,1,1,21.7
1.33,16.69,41.71,69.13,23.92,37.72,0.94,-0.08,8.37,1071.0,48.8,1,1,0.2038,0.2535,0.2535,0,0,77.5
17.44,52.71,109.67,232.12,37.41,85.96,1.41,0.38,43.2,1614.8,117.0,2,2,0.4175,0.7803,0.7803,0,1,69.7
6.27,23.42,53.63,111.54,10.1,64.72,1.06,-0.03,14.87,2067.0,138.1,2,4,0.2839,0.4857,0.4857,0,0,74.7
31.95,77.28,149.8,263.63,43.13,98.0,2.27,0.7,39.11,1049.9,73.4,3,3,0.5664,0.8604,0.8604,0,1,51.1
7.43,20.62,45.2,104.07,9.62,81.87,1.07,0.11,41.47,1021.1,235.6,2,3,0.3257,0.7062,0.7062,0,1,69.2
115.92,247.89,514.0,763.9,139.71,98.0,2.57,0.38,8.08,2003.8,52.1,0,2,0.7311,1.0,1.0,1,1,38.9
0.23,12.71,39.35,71.4,0.0,57.7,1.23,-0.2,40.89,1889.4,122.9,1,2,0.2361,0.5968,0.5968,0,0,73.3
109.04,219.84,383.38,625.28,122.89,98.0,5.34,2.34,37.85,1550.4,132.2,3,2,1.0,1.0,1.0,1,1,29.6
9.97,33.8,76.02,128.79,11.93,69.29,1.18,0.15,41.21,833.1,41.9,1,1,0.3296,0.6466,0.6466,0,1,62.3
13.08,47.48,70.76,114.51,33.59,79.43,1.25,-0.07,14.37,1529.9,10.0,1,1,0.345,0.4538,0.4538,0,0,64.6
18.33,34.57,61.2,110.66,27.8,68.6,2.04,0.1,35.99,2127.5,210.3,2,1,0.3698,0.5848,0.5848,0,0,60.3
6.9,17.27,28.83,87.62,0.0,47.75,1.74,-0.01,25.55,767.5,79.0,4,3,0.3083,0.4633,0.4633,0,0,65.1
23.75,62.44,119.86,165.62,39.81,68.82,2.1,0.08,17.28,919.3,12.0,2,1,0.4104,0.5074,0.5074,0,0,60.7
39.34,109.58,201.07,368.97,35.07,98.0,3.56,0.74,35.22,2085.4,379.2,2,0,0.5958,0.8019,0.8019,0,1,50.4
30.27,80.32,166.05,308.2,47.44,98.0,2.11,0.25,25.04,1616.5,42.2,3,3,0.5145,0.7676,0.7676,0,1,58.1
123.39,270.64,534.99,1078.64,150.0,98.0,6.2,2.76,40.4,1842.7,77.2,2,3,1.0,1.0,1.0,1,1,24.4
13.1,30.84,60.23,132.5,40.09,86.43,1.34,0.17,33.59,1979.3,79.4,2,5,0.3892,0.7343,0.7343,0,1,67.2
2.22,8.88,23.32,53.27,0.0,66.97,1.96,-0.12,13.01,1245.3,55.6,2,2,0.3203,0.3801,0.3801,0,0,68.5
5.54,14.03,44.97,78.87,12.47,74.35,1.36,-0.08,17.03,1241.5,19.7,1,3,0.3171,0.4894,0.4894,0,0,69.8
91.01,185.5,357.5,672.02,108.11,98.0,3.22,0.84,17.52,1185.5,146.2,0,3,0.731,0.9415,0.9415,1,1,41.1
3.07,16.45,49.93,68.13,2.16,45.16,1.56,-0.13,20.39,1026.0,26.1,0,2,0.2402,0.4106,0.4106,0,0,67.9
13.82,49.44,110.9,245.02,33.13,98.0,1.4,0.09,31.99,1252.8,137.6,0,2,0.3835,0.7259,0.7259,0,1,60.6
19.25,55.26,83.74,134.86,16.13,72.6,1.63,0.15,40.2,2322.2,194.4,2,3,0.3692,0.7172,0.7172,0,1,62.2
154.71,364.18,713.07,1233.65,135.0,98.0,6.2,2.58,29.37,891.9,10.0,0,0,1.0,1.0,1.0,1,1,25.7
122.99,272.87,443.89,673.34,142.21,98.0,6.2,2.41,35.06,1147.0,157.9,0,5,1.0,1.0,1.0,1,1,28.1
0.2,3.34,17.59,59.02,0.0,57.18,1.39,-0.15,19.4,1274.7,121.9,2,3,0.2574,0.4268,0.4268,0,0,75.5
7.9,24.47,61.45,133.79,5.47,98.0,1.95,0.02,26.81,1003.8,26.1,1,2,0.411,0.624,0.624,0,1,58.8
14.58,40.77,90.01,179.15,24.54,94.67,1.85,0.05,26.15,877.7,116.2,2,0,0.4166,0.5843,0.5843,0,0,66.9
1.84,4.96,23.9,76.96,16.66,47.33,1.51,0.01,33.24,1017.1,65.5,2,0,0.2686,0.4276,0.4276,0,0,73.7
8.63,19.58,45.31,98.24,2.9,84.87,0.89,-0.02,26.65,1620.9,10.6,1,1,0.3343,0.5362,0.5362,0,0,65.5
0.68,10.37,22.66,48.0,11.11,58.22,1.35,-0.03,20.03,1734.6,89.0,3,2,0.2848,0.411,0.411,0,0,67.9
1.64,13.3,38.29,78.38,10.0,73.38,1.91,-0.07,16.78,1105.2,434.7,1,4,0.2758,0.5065,0.5065,0,0,68.4
10.11,35.59,82.99,209.96,18.74,83.55,1.32,-0.08,17.17,1581.3,125.6,1,0,0.3334,0.4727,0.4727,0,0,71.0
98.01,190.7,297.03,454.68,145.08,98.0,5.68,2.34,43.31,760.3,48.2,4,3,1.0,1.0,1.0,1,1,24.8
110.47,217.86,445.08,750.36,81.16,98.0,4.36,1.26,20.87,1743.3,99.5,2,1,0.8989,1.0,1.0,1,1,25.2
23.39,53.34,118.28,183.9,12.55,69.11,2.16,0.35,37.04,752.2,160.6,3,2,0.4304,0.6944,0.6944,0,1,57.5
32.25,81.81,150.18,262.21,35.85,98.0,2.09,0.13,10.57,1810.6,20.4,0,2,0.4788,0.6025,0.6025,0,0,60.3
4.47,22.91,54.23,127.87,8.68,89.3,1.49,-0.04,11.23,1547.5,90.3,1,1,0.3478,0.4361,0.4361,0,0,67.6
3.67,22.76,56.12,118.06,17.27,58.05,1.87,0.0,32.7,930.3,84.8,4,4,0.3289,0.6127,0.6127,0,0,70.8
2.21,5.81,32.12,79.62,6.63,57.84,1.91,-0.01,24.46,895.9,56.7,0,1,0.2894,0.4269,0.4269,0,0,69.7
20.24,58.47,113.17,204.42,25.78,98.0,1.32,0.41,39.7,761.4,165.0,2,3,0.4438,0.8203,0.8203,0,1,67.1
24.52,68.36,153.85,259.66,20.84,98.0,2.57,0.48,39.04,1660.2,99.9,0,3,0.5057,0.8648,0.8648,0,1,57.0
142.51,362.86,626.57,1042.8,103.79,98.0,6.2,2.8,35.2,2080.8,144.0,1,4,1.0,1.0,1.0,1,1,21.8
55.04,152.38,286.49,576.42,58.19,98.0,3.53,1.1,37.35,2163.3,108.7,2,4,0.705,1.0,1.0,1,1,35.7
1.07,6.8,32.83,76.22,17.65,53.09,1.68,-0.1,39.34,1689.2,182.2,0,2,0.2398,0.5635,0.5635,0,0,75.5
15.59,46.23,107.05,223.19,29.46,90.69,1.97,0.14,36.21,2213.8,120.6,0,4,0.4036,0.7944,0.7944,0,1,54.0
84.55,228.04,456.08,758.0,64.18,98.0,4.39,1.16,26.97,2172.3,135.9,2,4,0.8198,1.0,1.0,1,1,38.0
40.95,116.82,179.79,341.79,49.23,98.0,1.92,0.34,17.53,1902.1,30.7,2,3,0.5335,0.7244,0.7244,0,1,53.9
25.04,48.49,93.75,194.51,30.54,78.47,1.99,0.26,36.35,1349.1,224.4,4,3,0.4396,0.7151,0.7151,0,1,55.1
32.36,63.06,129.59,294.53,53.54,98.0,2.02,0.21,19.44,2114.9,20.3,5,0,0.534,0.5883,0.5883,0,0,51.1
8.29,22.8,58.08,110.81,12.76,59.2,1.7,0.0,16.81,1396.3,49.8,1,1,0.3103,0.4012,0.4012,0,0,68.0
96.36,201.09,339.77,604.46,56.81,98.0,3.16,0.79,14.18,1415.4,264.2,3,4,0.7509,0.9231,0.9231,1,1,43.3
1.67,9.5,24.78,72.99,0.0,71.13,1.93,-0.16,30.58,1868.8,13.8,4,1,0.3484,0.5041,0.5041,0,0,63.8
45.04,109.33,228.67,376.54,58.81,98.0,2.29,0.25,16.73,2281.1,241.8,2,6,0.5223,0.8677,0.8677,0,1,61.1
15.86,35.75,80.51,147.03,11.73,65.51,1.86,0.01,21.49,1575.0,77.4,0,3,0.3377,0.5438,0.5438,0,0,70.6
34.0,74.98,125.98,261.4,29.33,98.0,2.44,0.6,33.53,1042.4,24.3,0,5,0.5462,0.8466,0.8466,0,1,65.3
131.16,261.15,444.4,693.37,150.0,98.0,6.2,2.69,36.58,985.0,160.4,2,1,1.0,1.0,1.0,1,1,32.0
20.63,53.55,116.84,253.65,19.63,98.0,2.73,0.22,19.33,1248.7,40.1,3,2,0.5154,0.6319,0.6319,0,1,63.2
98.39,235.01,449.92,782.91,141.77,98.0,5.69,2.07,38.34,1505.1,136.0,3,2,1.0,1.0,1.0,1,1,23.7
26.3,67.55,152.02,269.12,52.75,95.28,1.98,0.11,10.09,1241.1,187.8,3,2,0.4593,0.5933,0.5933,0,0,67.9
1.7,17.51,46.78,104.7,4.86,61.4,1.72,0.01,43.49,1924.7,101.1,1,1,0.2931,0.607,0.607,0,0,77.4
1.25,12.06,22.85,81.04,12.46,49.08,1.53,-0.17,23.01,1645.4,185.0,2,4,0.2371,0.4694,0.4694,0,0,74.4
5.68,25.12,53.64,103.2,14.85,68.2,1.45,-0.07,19.7,1421.1,328.1,2,3,0.2782,0.5041,0.5041,0,0,74.5
3.48,17.66,43.55,96.71,23.05,78.73,1.95,-0.03,41.25,1102.1,95.9,1,2,0.3425,0.6637,0.6637,0,1,65.1
41.08,100.25,159.69,272.97,52.18,98.0,1.61,0.18,12.77,1748.9,19.8,2,4,0.5058,0.6917,0.6917,0,1,57.2
4.95,14.64,42.85,111.69,29.37,71.72,1.24,-0.15,20.88,1862.3,148.4,3,1,0.3003,0.4502,0.4502,0,0,69.9
141.33,256.55,486.57,818.94,150.0,98.0,4.01,1.7,20.92,2043.9,63.3,3,2,1.0,1.0,1.0,1,1,33.0
8.22,22.84,59.2,147.08,0.0,51.82,1.64,0.02,23.28,2384.9,90.9,0,4,0.2771,0.5237,0.5237,0,0,68.1
4.02,22.45,39.01,103.05,23.86,88.55,1.66,-0.06,38.54,1131.7,118.3,2,7,0.357,0.8139,0.8139,0,1,72.7
31.18,70.05,147.92,211.19,45.15,98.0,2.3,0.54,38.58,774.9,151.7,1,0,0.5198,0.7638,0.7638,0,1,56.0
21.5,57.25,112.06,195.18,30.27,81.83,1.98,0.12,29.3,1575.7,122.5,2,3,0.4174,0.6905,0.6905,0,1,60.3
13.79,39.78,96.09,186.87,3.74,95.28,2.2,0.18,43.7,2274.6,31.8,0,2,0.4362,0.7938,0.7938,0,1,58.3
16.21,53.77,114.21,267.39,37.07,98.0,2.36,0.26,38.39,1160.5,165.5,1,2,0.4551,0.7811,0.7811,0,1,54.5
25.4,71.18,152.48,240.31,38.37,94.31,2.61,0.32,32.52,1997.2,197.6,2,2,0.4932,0.7706,0.7706,0,1,59.7
5.19,14.11,33.22,73.26,0.0,53.28,0.56,-0.08,15.18,1277.2,10.0,0,3,0.2257,0.4012,0.4012,0,0,78.5
112.17,298.49,422.88,608.82,104.14,98.0,4.53,1.7,27.79,1395.5,44.2,4,2,0.9817,1.0,1.0,1,1,29.5
73.61,163.68,335.82,496.37,83.58,98.0,2.8,0.66,15.7,2313.7,456.9,1,0,0.6197,0.8104,0.8104,1,1,54.9
21.02,60.02,102.35,205.39,32.72,85.57,1.41,0.07,18.86,1510.7,23.5,0,1,0.3879,0.5456,0.5456,0,0,68.0
81.74,164.47,346.56,575.66,64.15,98.0,4.88,1.51,32.69,1946.8,24.2,0,2,0.8645,1.0,1.0,1,1,34.1
22.8,61.87,115.26,185.12,6.77,87.7,1.65,0.07,14.64,1657.3,107.4,4,3,0.4357,0.5935,0.5935,0,0,59.8
1.5,15.79,40.73,77.34,6.32,56.38,1.35,-0.02,11.27,2010.4,49.5,3,2,0.2891,0.3578,0.3578,0,0,69.4
0.62,15.66,23.66,75.69,13.46,60.92,1.23,-0.1,27.14,1273.7,128.4,2,0,0.2627,0.4166,0.4166,0,0,71.9
5.96,24.74,71.96,139.49,3.92,97.66,1.77,-0.1,8.03,2196.9,36.6,0,0,0.3728,0.4257,0.4257,0,0,66.8
12.42,39.92,63.22,163.88,20.45,76.3,1.63,0.13,29.92,1655.7,66.6,1,2,0.3654,0.5903,0.5903,0,0,69.1
40.54,80.17,152.0,282.83,43.15,98.0,2.84,0.94,40.45,1260.1,775.0,2,2,0.5342,0.8438,0.8438,0,1,57.7
25.98,55.59,132.45,263.3,34.27,98.0,1.67,0.15,14.85,813.0,56.1,3,2,0.4725,0.6151,0.6151,0,0,52.4
27.15,70.78,150.99,306.64,17.78,98.0,1.72,0.26,21.78,771.8,10.8,6,0,0.524,0.6332,0.6332,0,1,54.3
11.08,36.32,56.45,110.17,24.68,72.02,1.89,0.07,40.99,1333.1,162.8,5,1,0.3853,0.6286,0.6286,0,1,61.5
8.49,28.7,56.17,105.81,12.04,66.95,1.21,0.08,33.34,1105.9,106.6,0,2,0.2961,0.5828,0.5828,0,0,69.9
9.27,30.01,43.65,81.65,9.42,57.34,0.71,-0.05,12.87,836.9,70.6,2,4,0.2664,0.4369,0.4369,0,0,74.0
87.88,231.58,448.72,891.98,127.46,98.0,3.29,0.94,21.75,1662.2,287.3,2,0,0.7372,0.9968,0.9968,1,1,37.9
0.82,14.19,44.81,84.44,14.29,83.6,0.92,-0.07,35.22,2381.5,19.0,1,1,0.3074,0.6006,0.6006,0,0,69.9
40.35,107.68,218.27,353.16,48.96,98.0,3.08,0.72,31.93,1446.8,80.7,1,4,0.6048,0.9166,0.9166,1,1,49.7
138.64,358.12,557.88,991.69,150.0,98.0,3.71,0.94,13.6,1661.0,25.6,1,1,0.9076,1.0,1.0,1,1,31.6
11.55,39.54,85.63,208.19,34.25,89.95,1.07,-0.02,10.25,1112.7,10.5,1,1,0.3606,0.4685,0.4685,0,0,65.0
25.84,54.49,132.01,292.21,31.65,98.0,2.02,0.37,32.54,1088.1,70.1,3,3,0.5077,0.7861,0.7861,0,1,51.0
13.34,49.63,80.79,161.17,3.61,87.47,1.37,0.03,29.92,1291.8,353.3,1,0,0.3327,0.5831,0.5831,0,0,58.6
41.34,88.66,167.66,349.27,39.18,98.0,1.76,0.12,10.14,2127.8,153.6,2,0,0.4888,0.5604,0.5604,0,0,55.1
46.19,94.17,174.2,381.59,32.59,98.0,4.09,1.0,43.09,2335.0,32.1,1,4,0.6988,0.9521,0.9521,1,1,43.5
10.95,36.56,83.25,159.41,12.33,67.38,1.79,-0.05,17.09,1970.5,74.5,0,1,0.3196,0.4571,0.4571,0,0,68.0
6.48,29.49,62.06,129.87,0.0,64.85,1.26,-0.11,21.9,783.9,191.6,0,1,0.2585,0.4626,0.4626,0,0,76.5
17.95,47.79,80.48,197.4,12.55,90.83,1.13,0.05,14.39,1473.4,26.1,1,3,0.3864,0.5578,0.5578,0,0,67.9
48.69,137.89,276.33,389.81,65.79,98.0,3.35,0.89,37.83,1444.2,27.3,5,1,0.7014,0.9448,0.9448,1,1,36.5
4.73,12.59,26.37,47.46,13.71,55.07,1.44,-0.04,42.65,2293.1,24.0,2,2,0.2898,0.5877,0.5877,0,0,67.7
19.51,40.49,68.88,136.43,15.07,55.82,1.17,-0.03,15.68,1980.2,112.2,1,2,0.2951,0.4259,0.4259,0,0,73.3
19.97,61.95,119.3,245.26,32.36,98.0,1.6,0.18,18.19,1928.7,10.0,1,2,0.4429,0.6258,0.6258,0,1,65.1
26.42,54.31,111.81,244.45,21.71,86.95,2.11,0.38,33.43,1681.9,106.3,2,2,0.475,0.7076,0.7076,0,1,65.4
2.82,14.32,36.71,71.17,13.46,55.14,1.69,-0.07,27.0,1815.6,209.4,0,2,0.2488,0.4753,0.4753,0,0,72.6
25.16,57.11,124.35,221.84,37.11,89.98,1.6,-0.01,11.78,1902.7,183.2,2,4,0.4069,0.6182,0.6182,0,0,54.6
47.95,113.95,179.26,368.69,44.87,98.0,3.53,1.01,41.43,1661.7,131.9,0,4,0.656,0.9449,0.9449,1,1,41.1
3.96,20.98,45.8,139.5,13.28,92.27,0.81,-0.04,30.0,2144.0,29.7,2,4,0.3405,0.6743,0.6743,0,1,66.7
5.42,19.5,56.17,116.71,22.6,61.34,0.71,-0.12,18.85,810.9,203.4,1,2,0.2305,0.4512,0.4512,0,0,69.3
71.08,165.82,251.43,527.38,73.58,98.0,3.26,0.91,25.63,2303.3,378.9,0,2,0.6586,0.8468,0.8468,1,1,42.7
3.99,19.68,39.48,62.66,21.42,57.76,1.35,-0.1,26.01,2026.4,24.4,0,5,0.2643,0.5681,0.5681,0,0,70.1
76.15,155.15,262.05,419.09,60.84,98.0,4.54,1.02,26.92,1622.8,289.4,3,2,0.7808,0.87,0.87,1,1,31.8
13.56,30.65,74.85,156.24,18.56,79.23,1.81,-0.0,25.9,2169.5,230.1,1,3,0.3474,0.6105,0.6105,0,0,68.2
71.13,164.39,353.53,676.51,84.41,98.0,3.2,1.14,28.22,2116.2,465.2,2,2,0.6873,0.9923,0.9923,1,1,54.3
150.84,392.49,759.29,1374.37,142.98,98.0,5.36,1.9,22.16,1442.0,46.2,2,1,1.0,1.0,1.0,1,1,27.6
11.79,27.66,51.31,97.76,27.98,83.12,0.66,0.05,13.26,2135.7,326.3,3,6,0.3133,0.5816,0.5816,0,0,72.0
14.46,41.12,88.96,141.82,1.34,78.48,1.57,0.13,31.92,1060.8,23.7,2,2,0.3885,0.6439,0.6439,0,1,69.3
8.9,34.7,66.39,157.89,6.59,55.81,1.07,0.04,36.53,1524.2,23.1,1,2,0.2834,0.5896,0.5896,0,0,79.6
122.32,305.66,553.17,751.11,150.0,98.0,6.2,2.6,38.28,1133.3,13.6,1,2,1.0,1.0,1.0,1,1,26.6
3.57,11.98,37.38,66.73,7.7,54.72,1.31,-0.15,8.79,955.3,67.0,0,3,0.2435,0.3592,0.3592,0,0,78.1
9.92,25.16,40.35,114.5,3.9,74.59,1.37,0.01,22.57,2226.1,10.0,4,1,0.3695,0.4687,0.4687,0,0,67.7
69.74,181.75,374.63,680.23,94.99,98.0,4.9,1.67,43.22,1355.5,57.6,1,2,0.857,1.0,1.0,1,1,37.0
5.97,24.53,40.31,101.76,29.62,76.04,1.67,-0.15,10.25,1879.2,118.0,2,2,0.326,0.4042,0.4042,0,0,64.6
21.39,58.88,124.16,210.76,24.54,79.48,2.0,0.26,36.28,1368.9,10.0,3,2,0.4525,0.7245,0.7245,0,1,68.5
7.87,25.97,52.46,143.42,5.38,93.23,1.2,-0.13,12.54,1647.8,204.8,1,1,0.3275,0.4555,0.4555,0,0,67.1
101.66,217.95,451.64,900.02,91.74,98.0,5.48,2.09,37.69,1324.3,41.6,0,0,0.9965,1.0,1.0,1,1,19.5
2.81,18.55,54.37,85.65,9.49,59.08,0.87,-0.06,32.2,1975.5,10.0,3,2,0.2783,0.5495,0.5495,0,0,74.5
70.01,139.03,236.42,426.49,112.53,98.0,4.53,1.22,34.1,2047.7,56.3,0,3,0.786,0.9262,0.9262,1,1,40.8
12.1,31.91,80.02,165.71,18.12,73.99,2.13,0.08,43.18,1460.4,17.9,1,1,0.3827,0.6804,0.6804,0,1,61.6
5.39,23.68,62.44,151.55,15.94,90.2,1.19,-0.07,41.82,2168.4,190.3,2,4,0.3325,0.7835,0.7835,0,1,64.9
90.93,232.42,423.01,675.21,112.91,98.0,3.86,0.97,18.96,1336.3,48.8,1,5,0.7953,1.0,1.0,1,1,30.9
3.72,11.58,34.33,68.32,2.19,36.13,0.94,-0.12,21.51,2008.1,14.9,2,1,0.2166,0.3452,0.3452,0,0,80.0
14.67,47.78,100.0,192.43,14.31,80.36,1.83,-0.02,22.66,1822.6,72.5,2,0,0.3825,0.5285,0.5285,0,0,67.5
8.22,22.92,44.68,97.08,1.29,68.43,1.78,0.05,14.5,1502.4,72.2,4,1,0.3655,0.3922,0.3922,0,0,70.7
125.52,295.38,556.6,1096.79,131.97,98.0,4.56,1.58,21.72,2216.7,38.7,1,1,0.9752,1.0,1.0,1,1,27.3
11.27,28.66,55.13,110.5,19.36,70.6,2.15,0.18,43.24,1694.2,47.5,1,1,0.381,0.641,0.641,0,1,66.0
5.72,23.75,47.57,105.93,10.96,87.24,1.26,-0.0,25.62,2136.3,175.8,3,4,0.3484,0.6274,0.6274,0,1,72.1
19.2,50.19,100.74,161.08,15.07,93.54,1.93,0.28,42.29,1960.0,122.2,0,7,0.4315,0.9334,0.9334,0,1,62.9
24.54,55.85,102.02,147.43,16.32,69.41,1.67,0.01,10.57,1628.7,29.0,1,1,0.3756,0.4336,0.4336,0,0,63.4
115.81,227.96,376.4,631.28,98.45,98.0,1.87,0.62,9.41,1288.6,355.2,2,1,0.7033,0.8398,0.8398,1,1,49.4
3.67,17.32,42.96,88.18,0.0,68.56,1.34,-0.0,28.71,2319.4,43.6,3,3,0.3235,0.5642,0.5642,0,0,66.7
0.75,12.54,32.18,80.38,0.0,70.84,1.02,-0.06,34.51,843.6,91.5,1,1,0.2749,0.5437,0.5437,0,0,71.8
26.67,57.03,108.08,237.26,38.35,97.71,2.03,0.07,15.83,2225.9,101.6,0,0,0.4455,0.5323,0.5323,0,0,57.9
21.8,46.11,121.0,207.13,46.67,94.35,2.29,0.28,26.12,1585.5,28.8,3,2,0.4981,0.681,0.681,0,1,52.5
12.87,33.6,63.03,145.95,28.23,86.1,1.87,0.12,39.43,1985.4,41.3,2,4,0.4114,0.7535,0.7535,0,1,61.9
37.18,87.41,180.8,343.21,52.7,98.0,2.56,0.6,35.42,1301.3,78.6,0,3,0.5522,0.8687,0.8687,0,1,59.8
32.76,70.51,113.54,188.22,26.49,91.89,1.43,0.19,16.35,1383.9,35.5,1,3,0.452,0.6168,0.6168,0,0,70.8
17.61,41.74,97.38,161.48,41.84,88.46,1.16,0.06,20.04,1064.7,43.8,1,2,0.3809,0.587,0.587,0,0,57.0
40.54,101.01,232.48,467.87,66.97,98.0,1.67,0.35,19.01,2324.7,114.0,1,2,0.5003,0.7706,0.7706,0,1,56.4
4.61,24.35,61.62,102.02,1.21,84.82,1.65,-0.07,33.9,821.4,158.8,0,0,0.323,0.584,0.584,0,0,67.1
2.37,11.32,22.7,36.89,21.94,69.63,1.59,-0.06,42.85,1388.3,193.7,0,3,0.2779,0.6555,0.6555,0,1,75.0
6.29,15.44,39.86,59.91,15.29,72.39,0.68,-0.14,18.08,1302.3,15.6,0,2,0.269,0.4561,0.4561,0,0,72.1
1.18,13.98,28.67,54.73,19.17,45.49,1.64,-0.16,29.18,2091.6,160.3,0,2,0.2183,0.4559,0.4559,0,0,76.8
15.15,38.43,73.47,162.53,33.14,76.04,1.39,0.15,43.59,1577.6,330.6,1,1,0.3278,0.6814,0.6814,0,1,71.5
55.17,144.82,283.41,386.15,50.84,98.0,2.55,0.38,13.67,1029.0,104.3,0,6,0.5705,0.9102,0.9102,0,1,50.3
0.8,16.28,38.81,111.87,4.27,89.2,1.45,-0.11,31.73,1589.9,111.4,0,2,0.3173,0.611,0.611,0,0,72.0
2.6,14.16,39.6,102.91,9.58,67.54,1.2,-0.0,19.95,1139.4,373.0,0,5,0.2381,0.5471,0.5471,0,0,73.2
159.24,297.32,517.18,986.63,150.0,98.0,6.2,2.8,43.7,778.2,244.3,2,1,1.0,1.0,1.0,1,1,31.7
54.32,134.24,239.27,486.08,39.27,98.0,2.38,0.27,11.92,1648.5,97.9,1,3,0.5614,0.7522,0.7522,0,1,50.8
7.6,31.14,54.22,98.87,12.03,60.39,0.73,-0.0,24.25,1344.7,174.2,0,1,0.2408,0.4593,0.4593,0,0,74.9
14.15,41.71,92.71,179.67,20.7,79.82,1.45,0.1,17.18,1144.2,23.9,1,0,0.372,0.4742,0.4742,0,0,61.2
0.85,6.49,26.56,85.6,3.09,53.96,1.47,-0.06,9.14,1034.2,64.0,2,2,0.2716,0.3167,0.3167,0,0,67.6
3.21,8.8,29.55,57.89,0.0,63.3,1.07,-0.13,42.69,1498.6,150.8,0,2,0.2414,0.6149,0.6149,0,0,70.9
86.3,195.58,358.38,566.16,98.21,98.0,3.69,1.32,28.45,2184.9,40.9,3,1,0.8319,0.9701,0.9701,1,1,38.5
67.12,147.67,250.58,390.82,75.36,98.0,3.51,1.27,33.23,2000.9,72.6,1,0,0.7471,0.8465,0.8465,1,1,42.6
158.49,316.16,508.45,1015.49,150.0,98.0,6.2,2.67,30.33,757.6,22.8,1,0,1.0,1.0,1.0,1,1,28.4
60.65,119.99,233.43,468.69,69.36,98.0,1.84,0.29,13.35,1956.4,273.7,1,3,0.5321,0.7565,0.7565,0,1,56.6
20.38,48.89,104.14,224.81,38.31,98.0,2.02,0.06,14.14,870.0,271.2,0,1,0.4061,0.5448,0.5448,0,0,69.6
40.49,88.52,155.85,347.5,56.68,98.0,3.36,0.64,30.55,1654.2,78.1,1,4,0.6098,0.8293,0.8293,1,1,45.8
12.13,29.83,65.65,133.51,12.8,68.14,1.63,0.11,36.07,2037.1,25.6,2,3,0.3599,0.6496,0.6496,0,1,67.7
14.5,42.12,95.52,209.05,33.36,89.13,2.4,0.2,30.0,1497.9,136.4,3,2,0.4508,0.6663,0.6663,0,1,68.0
13.42,41.01,104.8,160.81,7.78,78.2,1.73,0.17,28.53,1371.5,28.8,5,3,0.4253,0.6653,0.6653,0,1,64.0
21.98,62.39,145.79,294.26,19.92,98.0,2.58,0.41,34.85,2300.1,31.1,0,4,0.5019,0.8514,0.8514,0,1,60.2
127.15,342.4,556.32,1078.59,133.07,98.0,3.77,1.16,16.77,798.3,429.3,3,0,0.8697,1.0,1.0,1,1,41.7
0.61,9.57,29.14,82.6,17.78,69.1,0.96,-0.0,34.34,924.9,12.6,2,2,0.2945,0.5638,0.5638,0,0,64.3
7.36,30.83,66.92,152.42,4.14,78.4,1.23,-0.12,22.8,2186.0,57.2,0,1,0.3064,0.5137,0.5137,0,0,77.8
24.39,65.75,133.64,191.3,48.38,96.6,2.43,0.32,32.27,2212.3,97.1,4,3,0.5201,0.782,0.782,0,1,59.0
4.51,13.09,44.92,93.16,8.15,63.74,1.4,-0.04,17.89,1365.0,13.7,2,2,0.3081,0.4365,0.4365,0,0,67.6
109.86,218.52,451.1,809.69,96.86,98.0,2.64,0.75,12.95,1641.3,10.0,1,1,0.7715,0.9593,0.9593,1,1,45.3
70.07,186.68,297.07,469.65,93.22,98.0,2.67,0.18,9.05,1021.3,93.8,2,4,0.6144,0.8299,0.8299,1,1,47.0
114.2,320.09,523.31,795.3,150.0,98.0,6.2,2.41,36.93,2209.1,14.6,0,1,1.0,1.0,1.0,1,1,28.8
131.42,250.4,394.14,810.82,113.27,98.0,3.61,1.14,15.09,1524.0,34.7,2,2,0.9135,0.9368,0.9368,1,1,24.7
11.73,28.48,45.82,122.92,27.21,77.64,2.23,0.03,21.08,1680.7,82.5,0,3,0.3713,0.5321,0.5321,0,0,60.2
40.52,90.07,186.88,301.46,60.77,98.0,3.4,0.81,35.68,944.8,51.2,2,3,0.6422,0.8782,0.8782,1,1,48.3
3.9,21.87,63.52,108.99,19.93,68.01,1.22,-0.08,24.21,1764.5,148.8,0,2,0.2658,0.5217,0.5217,0,0,74.3
23.59,58.15,91.74,139.26,24.27,80.84,2.24,0.11,15.83,1898.1,393.9,0,2,0.3742,0.5251,0.5251,0,0,63.5
36.42,74.03,147.09,231.55,55.59,98.0,2.35,0.27,15.01,1236.3,167.9,2,1,0.5155,0.6043,0.6043,0,0,51.3
57.87,133.19,258.24,451.76,69.7,98.0,3.01,0.71,22.69,2228.6,800.0,2,1,0.5589,0.8015,0.8015,0,1,48.2
79.14,165.87,296.34,532.27,71.93,98.0,4.28,1.13,28.35,1086.4,59.1,2,0,0.8084,0.8634,0.8634,1,1,27.2
13.75,38.13,74.42,152.98,29.26,85.59,1.8,0.08,22.12,2230.7,43.7,1,3,0.395,0.5976,0.5976,0,0,70.0
19.24,50.21,106.06,207.95,37.62,98.0,2.51,0.27,40.56,1910.5,28.7,3,5,0.5084,0.8785,0.8785,0,1,55.7
40.64,101.65,169.21,234.38,51.99,98.0,0.99,0.08,8.14,2120.9,259.4,0,0,0.4149,0.5463,0.5463,0,0,67.6
16.91,52.3,96.17,237.98,12.25,81.64,1.08,0.07,22.47,1903.5,59.3,4,1,0.3894,0.5559,0.5559,0,0,57.7
0.62,13.69,23.21,59.45,11.88,62.87,1.03,-0.01,34.74,1456.9,148.9,4,3,0.2849,0.5724,0.5724,0,0,64.3
53.46,144.74,248.79,358.54,38.3,98.0,4.18,1.06,40.07,1297.1,134.8,2,1,0.7235,0.9291,0.9291,1,1,33.8
23.39,63.64,125.9,228.39,43.77,98.0,1.53,0.18,20.9,1961.2,10.0,3,0,0.4689,0.5955,0.5955,0,0,58.9
22.57,74.72,150.75,249.24,5.63,98.0,1.8,0.26,32.25,1242.0,254.1,0,1,0.4241,0.7466,0.7466,0,1,64.1
4.86,16.76,40.72,80.84,5.69,78.82,1.69,-0.07,28.89,852.1,80.0,0,2,0.3229,0.5616,0.5616,0,0,67.8
21.51,56.34,110.76,197.24,29.78,75.61,0.92,0.05,15.26,1157.6,30.4,1,2,0.3522,0.5291,0.5291,0,0,63.3
10.01,40.59,74.41,139.96,11.84,68.39,1.16,-0.0,32.51,1996.1,464.1,2,1,0.2649,0.5726,0.5726,0,0,73.6
21.07,41.36,73.31,155.6,42.47,82.76,1.48,0.16,16.98,2058.8,167.9,1,0,0.3837,0.4572,0.4572,0,0,64.1
2.25,16.4,38.44,103.88,10.98,61.48,1.05,0.02,36.22,1206.4,115.1,3,2,0.284,0.5689,0.5689,0,0,73.0
21.45,71.74,155.47,318.68,17.34,98.0,2.03,0.42,39.17,1291.1,534.6,0,2,0.4106,0.8378,0.8378,0,1,57.3
148.83,378.67,606.41,951.58,150.0,98.0,5.18,2.17,25.22,1656.4,169.6,0,4,1.0,1.0,1.0,1,1,24.9
0.99,2.67,7.39,51.86,0.0,51.24,0.61,-0.17,9.95,1182.2,15.5,1,1,0.2128,0.2621,0.2621,0,0,78.0
75.6,194.75,407.36,585.96,89.95,98.0,4.24,1.48,34.54,1750.2,567.2,0,2,0.7448,1.0,1.0,1,1,42.7
10.45,28.71,57.28,112.3,29.45,63.78,1.13,-0.03,24.82,1215.4,109.2,0,1,0.2789,0.4771,0.4771,0,0,71.6
40.92,105.92,187.38,316.18,59.03,98.0,2.12,0.09,11.4,949.4,42.7,0,3,0.4958,0.6846,0.6846,0,1,56.5
30.5,87.63,174.86,295.47,46.83,98.0,1.57,0.34,19.92,1005.5,204.1,2,3,0.4688,0.7375,0.7375,0,1,59.4
16.74,44.6,83.98,169.95,9.37,98.0,1.66,0.04,18.46,1163.4,10.0,0,2,0.4141,0.5847,0.5847,0,0,66.2
99.55,268.48,432.91,611.61,120.85,98.0,4.64,2.0,34.15,1027.0,127.5,0,1,0.9334,1.0,1.0,1,1,30.9
42.16,115.54,203.28,365.55,49.37,98.0,2.92,0.4,23.27,2357.7,20.8,3,1,0.5984,0.739,0.739,0,1,49.5
10.36,35.23,73.93,129.19,12.59,84.6,1.58,-0.04,29.13,1836.3,11.0,1,1,0.3665,0.5903,0.5903,0,0,64.0
7.92,31.9,76.34,108.95,38.78,69.47,1.16,0.04,26.04,1045.8,52.4,2,2,0.3211,0.5561,0.5561,0,0,71.2
22.03,50.31,117.64,246.01,29.48,98.0,2.49,0.41,34.07,1449.4,52.9,0,0,0.4952,0.6908,0.6908,0,1,57.0
32.99,72.76,111.3,193.22,21.53,91.12,2.61,0.51,33.85,1194.1,110.1,1,2,0.5251,0.722,0.722,0,1,63.0
76.77,211.33,345.41,655.42,115.64,98.0,2.68,0.9,24.16,1879.5,100.0,1,2,0.6935,0.9498,0.9498,1,1,44.4
31.97,78.92,153.03,308.26,32.57,98.0,2.31,0.18,12.86,2181.0,139.8,1,3,0.4878,0.6543,0.6543,0,1,55.0
11.44,28.09,67.22,137.21,11.88,59.73,1.36,0.03,22.68,1411.4,23.0,1,1,0.3101,0.4609,0.4609,0,0,74.1
34.06,71.29,127.59,233.78,34.5,98.0,1.41,0.15,13.76,1457.6,245.6,2,4,0.4457,0.6605,0.6605,0,1,64.7
76.6,204.41,332.82,508.85,67.1,98.0,5.41,1.77,42.53,1407.5,234.8,2,1,0.8936,1.0,1.0,1,1,31.5
15.73,43.61,81.54,124.8,11.29,77.11,2.05,0.2,42.21,1491.2,29.2,2,4,0.4161,0.7732,0.7732,0,1,64.3
0.12,14.1,48.41,80.0,6.4,76.85,2.03,-0.04,24.44,809.2,77.0,0,3,0.3249,0.5599,0.5599,0,0,74.6
7.85,27.31,49.98,130.44,30.21,63.37,0.81,-0.15,8.99,1727.8,80.3,1,1,0.2592,0.3405,0.3405,0,0,74.5
9.13,33.24,93.53,187.49,26.68,89.37,1.38,0.0,21.49,2320.9,305.0,1,2,0.3301,0.5965,0.5965,0,0,68.3
10.09,21.62,33.52,51.9,35.72,52.4,1.64,-0.06,40.22,2045.8,283.2,4,4,0.2896,0.6295,0.6295,0,1,74.1
23.78,48.13,117.67,186.92,29.49,98.0,1.82,0.16,18.37,2171.3,10.0,3,1,0.4806,0.5952,0.5952,0,0,59.4
9.84,25.43,61.95,102.0,20.35,67.23,1.68,0.09,30.39,1128.1,380.5,1,0,0.2956,0.5071,0.5071,0,0,68.2
11.91,26.46,65.43,96.79,19.35,80.58,1.08,0.01,14.62,1751.8,10.0,0,4,0.3347,0.5426,0.5426,0,0,70.0
87.63,220.4,442.44,717.72,85.85,98.0,5.66,1.83,37.71,2223.4,95.7,1,2,0.9467,1.0,1.0,1,1,25.9
9.34,21.61,60.41,95.66,15.54,63.23,1.26,0.1,40.11,863.2,44.8,1,1,0.3128,0.6017,0.6017,0,0,74.0
5.16,18.27,30.67,73.8,16.49,75.43,1.21,-0.01,30.14,2197.5,59.4,2,0,0.3237,0.4899,0.4899,0,0,68.3
1.52,5.77,30.0,100.85,6.06,85.07,1.04,0.0,30.46,856.4,118.3,2,3,0.3215,0.6085,0.6085,0,0,60.6
18.5,40.08,75.85,154.21,15.48,72.22,1.45,-0.01,21.63,2372.1,105.2,1,2,0.3452,0.5279,0.5279,0,0,68.1
113.67,296.32,547.79,897.63,129.69,98.0,5.92,2.04,33.46,888.5,22.0,0,4,1.0,1.0,1.0,1,1,26.7
140.63,269.07,484.39,959.6,140.12,98.0,5.02,1.99,25.22,1357.1,419.9,1,3,1.0,1.0,1.0,1,1,32.1
12.45,33.9,70.66,102.13,23.1,76.24,2.49,0.02,34.84,840.2,10.0,0,3,0.3904,0.6685,0.6685,0,1,60.6
9.55,26.13,63.24,134.98,0.0,94.58,1.04,0.2,42.87,843.7,50.5,2,0,0.3911,0.685,0.685,0,1,65.1
39.8,88.07,159.49,220.52,57.1,98.0,2.54,0.87,37.61,2179.4,194.0,2,4,0.5889,0.8902,0.8902,0,1,48.0
14.64,47.39,83.58,189.81,10.89,86.55,1.08,0.14,26.62,855.0,228.4,1,1,0.3481,0.5875,0.5875,0,0,64.3
13.05,36.03,80.24,187.34,4.24,79.65,1.34,0.22,43.24,2057.8,191.5,3,0,0.3741,0.667,0.667,0,1,55.9
113.69,214.02,457.26,879.21,147.78,98.0,5.48,1.95,29.85,2246.4,55.9,1,4,1.0,1.0,1.0,1,1,23.0
100.19,197.78,379.53,738.54,121.09,98.0,2.84,0.45,10.34,2292.8,134.3,2,4,0.7196,0.9409,0.9409,1,1,42.5
9.57,31.14,76.63,167.05,10.34,72.12,1.34,-0.02,34.29,2175.7,173.4,1,3,0.3068,0.6599,0.6599,0,1,74.4
10.18,36.3,80.03,120.67,20.88,71.68,1.29,0.05,37.52,2326.0,103.5,2,2,0.3317,0.6587,0.6587,0,1,75.8
17.36,44.34,101.59,225.69,25.38,80.38,1.54,-0.04,12.85,835.5,136.4,1,3,0.357,0.5421,0.5421,0,0,63.9
15.25,38.43,93.75,161.82,6.39,74.99,1.88,0.17,32.45,2394.4,96.8,2,1,0.3902,0.6142,0.6142,0,0,65.2
18.73,58.04,95.95,131.17,15.25,95.01,2.28,0.3,41.15,783.8,10.0,1,4,0.4757,0.8325,0.8325,0,1,56.3
28.95,77.14,172.4,328.71,29.57,98.0,1.98,0.14,17.05,1024.7,38.3,1,2,0.4746,0.6815,0.6815,0,1,63.7
33.53,74.66,127.79,265.9,29.79,98.0,1.74,0.38,29.06,883.6,145.5,3,5,0.5059,0.8131,0.8131,0,1,57.6
25.33,68.92,139.79,221.34,25.52,98.0,2.68,0.25,17.89,1977.6,33.2,2,3,0.5184,0.6783,0.6783,0,1,58.3
77.41,186.24,277.67,486.98,63.14,98.0,4.99,1.46,35.88,893.6,72.9,2,1,0.8674,0.9308,0.9308,1,1,37.0
119.53,306.03,463.66,854.92,117.69,98.0,5.84,2.0,28.9,1232.9,91.8,1,3,1.0,1.0,1.0,1,1,32.0
4.36,24.5,67.72,125.99,17.17,80.08,1.72,-0.04,23.41,1802.8,133.4,1,4,0.3321,0.6143,0.6143,0,0,60.4
0.15,13.77,36.72,95.41,6.43,86.64,0.94,-0.0,9.04,1571.7,36.0,1,1,0.3177,0.3898,0.3898,0,0,67.0
20.85,46.06,100.54,247.48,33.41,98.0,2.58,0.32,42.01,974.8,108.5,0,3,0.4803,0.8234,0.8234,0,1,60.3
45.66,127.37,219.01,430.0,61.34,98.0,3.27,0.5,25.92,1610.5,108.9,1,2,0.6009,0.8094,0.8094,1,1,46.6
5.58,24.87,46.04,98.32,0.0,69.22,1.83,-0.11,36.95,1312.1,223.7,2,1,0.307,0.5757,0.5757,0,0,73.1
94.41,235.97,380.58,625.63,102.56,98.0,4.19,1.21,22.11,1716.8,96.4,1,2,0.8358,0.9764,0.9764,1,1,33.1
1.24,10.57,44.16,82.93,14.13,62.04,1.77,-0.04,38.57,1638.5,42.0,1,3,0.2983,0.6262,0.6262,0,1,70.7
54.49,130.66,273.37,364.84,78.07,98.0,1.82,0.36,13.76,2382.7,88.8,1,1,0.5472,0.7486,0.7486,0,1,59.1
8.67,29.64,72.7,115.22,16.91,70.11,1.02,-0.14,16.33,2174.8,13.6,0,2,0.2858,0.4758,0.4758,0,0,65.0
2.14,12.93,41.74,111.83,17.9,76.18,1.13,-0.14,20.0,756.1,112.3,2,2,0.2943,0.4843,0.4843,0,0,75.1
13.31,25.06,68.47,149.21,31.53,73.37,2.06,-0.06,11.19,1040.4,297.4,2,7,0.34,0.5886,0.5886,0,0,60.7
5.94,14.64,42.72,86.72,0.0,80.35,1.83,-0.01,23.98,2256.7,90.6,1,2,0.3502,0.529,0.529,0,0,69.5
6.71,12.71,29.31,62.3,10.58,64.29,2.02,-0.13,25.49,1640.1,41.5,1,0,0.3195,0.4198,0.4198,0,0,70.4
7.34,33.5,72.4,111.45,19.55,59.99,1.17,-0.11,12.13,2003.1,62.4,3,2,0.293,0.4135,0.4135,0,0,67.3
32.49,90.86,148.2,255.64,52.51,81.52,1.82,0.27,23.38,1580.8,278.6,2,2,0.4311,0.6564,0.6564,0,1,65.8
15.49,35.21,71.47,132.84,44.32,88.51,1.94,0.02,15.1,2046.5,201.2,0,1,0.375,0.486,0.486,0,0,59.9
125.34,335.16,480.12,811.0,121.44,98.0,6.2,2.8,39.51,969.1,195.1,1,1,1.0,1.0,1.0,1,1,29.1
157.95,424.14,861.1,1536.93,133.61,98.0,6.12,2.37,26.33,1967.5,99.6,3,4,1.0,1.0,1.0,1,1,24.2
25.19,62.49,121.24,259.68,23.97,93.33,2.57,0.57,42.27,2184.9,60.6,1,0,0.5215,0.7477,0.7477,0,1,52.4
6.37,20.03,54.52,138.43,18.74,82.81,1.55,-0.08,20.29,1188.3,17.0,2,2,0.3564,0.5208,0.5208,0,0,70.2
10.67,35.97,87.8,173.22,33.76,77.87,1.42,-0.07,20.29,1357.8,445.6,3,0,0.3043,0.4877,0.4877,0,0,69.3
2.6,8.7,39.68,84.0,24.23,53.56,1.38,-0.17,20.19,1724.5,23.7,1,3,0.2558,0.45,0.45,0,0,70.7
4.0,9.22,23.1,74.35,14.87,55.4,1.62,-0.17,17.66,2182.6,34.9,2,0,0.282,0.3246,0.3246,0,0,73.5
22.86,50.66,110.74,220.45,47.16,98.0,1.96,0.44,36.23,2247.9,173.4,1,1,0.4712,0.7296,0.7296,0,1,59.9
4.0,12.75,19.57,37.34,12.78,27.8,0.87,-0.09,18.18,1631.8,51.8,4,0,0.2137,0.2472,0.2472,0,0,80.0
14.9,33.0,63.81,116.49,19.88,68.79,1.51,-0.03,18.37,1835.8,105.2,0,4,0.3182,0.5375,0.5375,0,0,64.2
24.69,72.97,159.25,226.94,30.99,85.14,1.26,-0.01,9.69,2190.3,172.1,0,2,0.3613,0.5705,0.5705,0,0,66.5
80.02,172.41,379.93,563.88,56.46,98.0,4.92,1.81,42.75,1131.6,97.5,1,1,0.8926,1.0,1.0,1,1,38.1
16.75,46.34,102.61,229.48,31.39,98.0,1.73,0.34,39.91,2111.6,81.0,1,3,0.4477,0.8091,0.8091,0,1,67.3
5.93,16.81,37.69,77.95,10.27,61.97,1.69,-0.08,18.53,1182.1,10.0,3,1,0.3271,0.3978,0.3978,0,0,71.8
65.9,150.28,236.27,493.45,81.59,98.0,3.63,0.98,26.75,1708.7,80.3,2,2,0.7294,0.8372,0.8372,1,1,41.7
89.09,211.64,322.7,503.11,78.14,98.0,3.4,1.2,25.38,2292.2,72.8,1,1,0.789,0.9018,0.9018,1,1,46.2
32.8,101.1,228.6,347.25,25.25,98.0,1.31,0.16,11.16,1594.0,254.9,1,5,0.4277,0.7931,0.7931,0,1,54.9
15.98,54.41,108.87,201.84,32.53,98.0,2.37,0.11,27.12,904.1,71.2,1,1,0.4524,0.6545,0.6545,0,1,59.2
0.89,16.26,44.64,105.86,5.25,55.88,1.62,-0.12,12.08,2228.1,119.3,1,1,0.259,0.3376,0.3376,0,0,74.1
20.06,54.4,126.3,247.65,23.45,98.0,2.03,0.24,23.63,1715.2,178.3,0,1,0.4364,0.6478,0.6478,0,1,60.8
60.48,171.88,259.65,435.7,22.5,98.0,2.48,0.35,11.16,867.4,75.7,4,1,0.622,0.711,0.711,1,1,50.6
18.41,48.68,98.7,225.08,31.55,94.85,2.04,0.21,29.2,767.4,36.3,0,1,0.4416,0.6498,0.6498,0,1,62.2
34.21,82.35,151.56,287.37,21.62,98.0,1.88,0.06,9.76,1181.1,269.3,3,2,0.4642,0.5978,0.5978,0,0,59.6
43.12,87.39,147.24,279.93,53.99,98.0,2.78,0.74,30.62,948.5,271.0,3,3,0.5955,0.7893,0.7893,0,1,52.0
5.18,18.01,50.66,86.5,2.15,47.37,0.79,-0.01,33.46,1786.9,276.1,1,4,0.2045,0.5822,0.5822,0,0,80.0
4.77,17.55,45.61,105.09,4.12,62.94,1.61,0.03,28.55,1734.6,38.2,1,3,0.3096,0.5504,0.5504,0,0,69.4
18.88,53.71,99.79,200.67,25.47,98.0,1.91,0.26,24.9,2137.5,45.5,5,2,0.4975,0.6556,0.6556,0,1,59.3
10.59,36.15,81.73,150.57,23.99,55.14,0.73,-0.05,10.19,1597.0,301.3,1,0,0.2248,0.3358,0.3358,0,0,70.4
36.63,93.37,132.14,210.43,56.46,83.01,1.33,0.11,8.41,1167.6,16.1,0,1,0.4221,0.4912,0.4912,0,0,67.0
46.06,98.38,207.57,382.68,40.24,98.0,2.11,0.49,20.33,833.0,128.0,2,2,0.5568,0.7507,0.7507,0,1,57.1
8.72,16.96,38.91,98.61,12.2,68.11,0.72,0.0,35.77,767.3,41.5,1,2,0.2882,0.5844,0.5844,0,0,69.3
5.41,29.22,58.1,91.39,7.99,73.6,0.83,-0.06,31.3,2277.5,153.3,0,3,0.2659,0.6175,0.6175,0,0,75.6
112.58,238.91,392.08,774.2,150.0,98.0,2.85,0.82,12.51,988.4,215.2,1,2,0.7673,0.9137,0.9137,1,1,42.7
6.43,17.25,43.06,116.6,17.98,85.47,1.83,0.04,32.77,1573.7,62.9,2,1,0.3809,0.5841,0.5841,0,0,65.8
34.59,103.83,221.82,407.94,29.41,98.0,2.22,0.51,28.7,2061.4,19.7,0,1,0.5294,0.8051,0.8051,0,1,56.4
11.02,32.89,58.49,135.46,14.11,69.24,1.04,-0.11,14.0,2282.2,158.1,0,1,0.2739,0.4074,0.4074,0,0,75.7
22.03,45.94,84.5,164.2,28.38,97.88,2.34,0.37,35.19,1082.8,10.0,1,1,0.4995,0.6889,0.6889,0,1,58.4
157.18,414.45,836.11,1608.85,150.0,98.0,6.2,2.8,37.89,1132.7,10.0,1,0,1.0,1.0,1.0,1,1,18.0
19.56,54.42,107.83,209.43,22.5,95.81,0.8,0.15,16.37,1046.6,251.7,1,1,0.3667,0.561,0.561,0,0,71.6
139.46,264.92,457.47,704.75,150.0,98.0,6.2,2.36,30.89,1012.2,203.7,1,0,1.0,1.0,1.0,1,1,20.6
17.67,46.29,99.95,184.74,27.59,70.53,1.87,-0.01,21.61,1500.7,104.7,1,0,0.357,0.4926,0.4926,0,0,62.3
3.68,14.49,48.77,125.83,13.65,83.34,1.7,-0.18,10.1,1799.2,131.4,1,1,0.3228,0.4038,0.4038,0,0,70.1
150.84,354.76,565.0,1112.29,150.0,98.0,6.2,2.8,39.01,1915.3,365.9,2,4,1.0,1.0,1.0,1,1,27.2
39.73,113.0,217.2,316.81,54.71,98.0,3.28,0.72,37.55,1289.9,10.0,2,4,0.6315,0.9602,0.9602,1,1,48.5
100.03,276.79,576.54,894.34,126.06,98.0,3.41,1.04,19.45,1779.3,29.3,1,3,0.8077,1.0,1.0,1,1,35.9
2.01,7.11,30.15,75.56,0.0,55.03,0.74,-0.13,27.13,753.9,156.8,3,1,0.2354,0.438,0.438,0,0,80.1
0.48,6.11,24.61,76.15,2.16,64.07,1.34,-0.12,26.45,2215.7,36.8,3,2,0.2954,0.481,0.481,0,0,70.6
20.54,51.14,106.55,157.45,19.96,68.53,1.74,-0.03,14.39,2185.1,27.9,2,5,0.3727,0.5872,0.5872,0,0,70.3
18.68,44.4,106.67,199.48,22.24,87.28,1.23,-0.01,13.24,1647.7,70.1,3,4,0.3929,0.6007,0.6007,0,0,69.9
15.82,41.55,62.79,117.01,17.98,68.87,1.94,0.16,38.39,1151.6,154.4,1,0,0.3625,0.5767,0.5767,0,0,66.3
5.28,18.71,52.87,138.64,5.75,76.79,1.69,0.0,39.22,2354.2,28.4,2,4,0.3537,0.7134,0.7134,0,1,58.8
9.92,31.06,57.13,109.21,27.88,58.34,1.65,-0.01,34.11,2087.6,67.4,2,1,0.3163,0.536,0.536,0,0,76.7
159.28,349.57,576.1,1132.83,111.24,98.0,3.33,0.82,10.62,778.0,87.8,0,5,0.9125,1.0,1.0,1,1,32.5
79.25,150.59,325.13,532.84,97.76,98.0,5.02,1.81,40.73,1524.9,22.7,1,2,0.9044,1.0,1.0,1,1,31.0
88.1,236.09,410.15,823.0,98.72,98.0,5.24,2.17,43.31,918.4,77.7,2,3,0.9753,1.0,1.0,1,1,26.2
2.93,17.61,32.11,105.82,6.54,59.8,0.96,-0.13,35.92,968.2,241.1,1,3,0.2261,0.5841,0.5841,0,0,74.9
23.76,53.23,106.63,215.9,59.44,80.17,2.34,0.18,20.72,752.2,164.5,1,5,0.4256,0.6706,0.6706,0,1,58.9
10.36,41.36,92.51,164.21,29.75,83.07,1.87,-0.07,22.61,1884.7,84.0,2,3,0.3737,0.6165,0.6165,0,0,69.4
11.18,28.9,70.47,108.77,0.0,64.16,1.66,0.06,39.31,1166.7,16.1,0,1,0.3269,0.6102,0.6102,0,0,74.9
74.77,150.35,231.78,423.41,64.42,98.0,2.79,0.72,18.09,1253.0,10.0,1,0,0.6876,0.7024,0.7024,1,1,39.0
23.58,52.91,104.99,213.44,35.3,72.57,1.91,0.05,13.11,827.6,10.0,0,3,0.3877,0.5264,0.5264,0,0,62.0
94.79,242.51,488.3,919.79,109.78,98.0,5.77,1.99,37.62,763.1,166.5,2,4,0.9855,1.0,1.0,1,1,29.7
2.75,20.33,55.27,144.63,14.62,73.42,1.44,-0.05,14.96,2058.0,146.2,0,2,0.2885,0.4528,0.4528,0,0,71.8
2.2,11.55,26.21,47.5,13.4,62.73,0.98,-0.12,40.66,1841.3,164.5,1,3,0.2429,0.623,0.623,0,1,79.3
147.0,323.9,483.8,903.48,104.19,98.0,5.72,2.35,29.44,1380.8,44.0,0,0,1.0,1.0,1.0,1,1,29.1
17.27,45.51,106.38,229.23,30.67,98.0,2.48,0.12,27.99,865.3,11.3,0,2,0.4594,0.6884,0.6884,0,1,64.5
6.41,18.48,50.2,101.67,32.74,80.29,1.69,0.09,35.93,2030.1,150.4,1,5,0.3462,0.7236,0.7236,0,1,69.0
153.45,386.09,645.77,1195.36,150.0,98.0,2.94,0.71,8.59,2278.5,306.8,0,2,0.8401,1.0,1.0,1,1,38.6
1.79,12.01,25.7,51.63,3.72,63.04,0.95,-0.08,33.69,1620.3,72.2,1,0,0.2578,0.4774,0.4774,0,0,75.0
44.92,83.84,158.96,325.32,59.5,98.0,2.85,0.6,29.55,979.3,173.4,2,2,0.5917,0.7651,0.7651,0,1,56.0
4.26,16.97,31.31,98.61,23.17,63.17,1.74,-0.05,26.86,1826.7,156.3,4,4,0.3214,0.55,0.55,0,0,69.8
7.81,20.69,62.73,171.22,30.09,98.0,0.58,0.01,15.82,868.0,230.6,2,2,0.3312,0.5377,0.5377,0,0,72.5
5.14,22.11,40.03,106.69,7.73,71.66,1.85,-0.07,37.86,1023.1,10.0,0,2,0.3241,0.6124,0.6124,0,0,63.8
8.77,32.46,59.71,115.73,11.75,66.33,1.76,-0.09,17.02,1526.7,372.9,1,1,0.2775,0.4249,0.4249,0,0,76.7
1.44,5.84,28.04,62.0,16.64,75.86,1.28,-0.01,25.63,1160.9,240.6,2,2,0.2942,0.5117,0.5117,0,0,72.0
14.64,41.73,81.46,139.73,16.48,81.97,1.55,0.07,13.69,2284.9,251.0,3,4,0.3691,0.5586,0.5586,0,0,66.7
1.4,7.08,20.77,49.02,8.83,61.02,1.86,-0.08,43.05,2084.6,673.7,1,1,0.2125,0.5707,0.5707,0,0,79.8
32.22,87.78,134.72,278.56,50.87,98.0,1.92,0.11,15.0,1206.7,122.4,4,1,0.4966,0.5891,0.5891,0,0,57.5
5.32,23.07,42.42,101.76,18.2,63.26,1.73,0.02,36.92,2340.3,10.2,1,1,0.3198,0.5543,0.5543,0,0,73.3
15.53,44.32,87.41,148.63,26.47,85.31,1.11,0.01,17.47,1374.2,207.7,2,1,0.3494,0.5155,0.5155,0,0,62.6
42.42,94.96,186.59,360.01,42.35,98.0,1.9,0.34,17.22,1687.8,17.4,2,2,0.5383,0.7002,0.7002,0,1,53.0
21.05,54.45,99.48,181.53,27.04,86.8,1.72,0.25,23.18,1680.6,160.7,1,3,0.4134,0.6401,0.6401,0,1,60.4
15.23,35.89,84.43,144.2,28.64,86.99,1.74,0.21,38.45,1821.8,66.2,0,1,0.3993,0.6844,0.6844,0,1,61.0
7.84,22.3,57.57,91.32,22.92,57.32,1.64,-0.04,32.75,1152.0,10.0,1,0,0.3032,0.4929,0.4929,0,0,72.2
8.1,31.68,85.71,148.91,0.29,81.55,1.48,-0.02,39.38,2271.4,68.7,4,2,0.3748,0.7081,0.7081,0,1,60.9
22.14,73.45,165.45,313.09,33.8,96.6,2.06,0.07,9.7,1188.4,191.1,1,1,0.4309,0.5803,0.5803,0,0,57.1
102.79,232.6,382.23,551.73,131.09,98.0,6.2,2.44,42.4,1847.0,11.0,0,3,1.0,1.0,1.0,1,1,22.5
21.68,58.72,93.08,206.66,0.0,90.38,1.52,-0.06,10.78,2013.5,10.0,2,1,0.4136,0.483,0.483,0,0,63.4
16.32,54.76,104.78,208.9,19.55,95.74,2.04,0.2,33.96,2204.5,72.3,2,1,0.4524,0.6978,0.6978,0,1,63.9
26.23,69.92,146.88,220.94,16.98,92.04,1.36,0.04,15.46,1503.9,10.0,1,4,0.4216,0.6809,0.6809,0,1,64.2
12.52,36.37,70.64,154.37,21.38,98.0,2.03,0.16,38.27,1924.3,327.5,1,3,0.3997,0.7569,0.7569,0,1,67.2
1.24,15.07,28.55,54.84,0.0,52.45,1.17,-0.11,39.05,890.9,209.1,1,2,0.222,0.5541,0.5541,0,0,73.0
16.52,36.79,88.13,155.6,19.78,84.48,1.9,0.09,27.84,2033.7,119.3,1,2,0.3945,0.627,0.627,0,1,61.0
63.22,151.21,322.93,579.96,74.28,98.0,3.25,0.69,22.5,1996.8,10.0,3,2,0.6956,0.9091,0.9091,1,1,44.1
3.85,22.97,58.71,133.0,3.44,55.03,1.77,-0.06,36.56,1427.5,101.2,0,2,0.2701,0.5783,0.5783,0,0,72.8
23.42,73.63,111.33,193.25,36.43,98.0,2.83,0.41,39.47,1267.2,133.4,3,1,0.5335,0.7562,0.7562,0,1,52.0
4.49,17.34,38.51,92.54,28.64,72.75,1.59,-0.07,34.58,1377.3,106.2,2,1,0.3205,0.5574,0.5574,0,0,58.1
15.35,38.56,71.16,166.62,20.68,82.83,1.7,0.28,40.65,899.4,352.2,3,2,0.3871,0.7041,0.7041,0,1,55.5
2.03,14.19,26.77,41.92,7.18,41.88,1.23,-0.05,30.56,1802.4,213.6,1,2,0.2091,0.4544,0.4544,0,0,77.2
11.97,28.49,66.4,112.72,24.89,61.19,2.4,-0.04,32.14,2256.5,54.5,4,2,0.3802,0.5696,0.5696,0,0,68.9
28.23,66.29,154.3,236.81,34.21,98.0,2.27,0.43,28.59,1848.4,142.4,0,0,0.4908,0.6917,0.6917,0,1,53.8
8.54,27.68,66.33,161.67,15.9,67.59,1.71,-0.04,25.57,1707.9,74.2,2,1,0.3322,0.5049,0.5049,0,0,68.2
21.87,52.29,90.39,204.35,39.55,79.47,1.7,0.32,31.57,2384.7,316.3,3,3,0.4049,0.6756,0.6756,0,1,70.4
31.74,75.66,139.45,235.77,26.12,85.4,2.26,0.29,28.2,1644.0,115.5,1,0,0.4716,0.6352,0.6352,0,1,62.4
52.39,110.6,228.11,417.6,48.85,98.0,3.36,0.94,34.32,1320.6,104.7,2,4,0.6761,0.9478,0.9478,1,1,45.7
78.15,201.95,339.13,486.22,75.33,98.0,5.34,1.81,41.63,1912.7,83.3,2,2,0.9185,1.0,1.0,1,1,31.1
10.19,32.59,76.13,147.24,0.0,97.64,1.37,-0.02,21.43,1610.4,56.9,1,2,0.3814,0.5979,0.5979,0,0,66.1
3.31,16.54,48.87,88.38,0.0,76.8,1.96,-0.12,22.8,2353.9,19.2,2,2,0.3499,0.5172,0.5172,0,0,67.1
80.21,188.5,363.17,496.87,122.68,98.0,2.13,0.35,8.54,2231.6,38.4,0,2,0.6208,0.8466,0.8466,1,1,43.8
72.99,157.9,327.09,648.22,117.42,98.0,4.02,0.96,26.97,2312.3,48.5,4,1,0.7864,0.92,0.92,1,1,38.4
15.53,32.27,58.55,119.59,19.31,79.64,1.6,-0.09,12.73,751.7,20.1,3,1,0.3835,0.4264,0.4264,0,0,64.0
36.91,89.12,169.86,244.55,34.61,98.0,2.62,0.69,33.78,1301.4,201.0,2,1,0.5663,0.7822,0.7822,0,1,54.1
14.72,42.83,79.16,193.32,30.82,75.6,2.07,0.18,36.07,1784.9,10.0,6,1,0.4512,0.6269,0.6269,0,1,62.4
19.54,56.22,132.62,266.22,31.19,89.53,1.34,0.28,34.02,1258.7,296.9,0,3,0.3741,0.7749,0.7749,0,1,63.8
1.87,4.88,23.1,47.43,0.0,55.85,1.56,-0.14,27.68,1833.1,16.5,2,3,0.2806,0.496,0.496,0,0,74.4
28.15,78.63,156.28,313.5,28.5,98.0,1.72,0.38,27.23,1929.7,10.0,1,4,0.4893,0.8033,0.8033,0,1,60.7
2.73,20.3,48.92,107.34,0.0,65.12,1.32,-0.1,31.28,1778.4,640.4,2,1,0.2135,0.5223,0.5223,0,0,78.8
34.98,81.08,163.17,243.67,29.5,98.0,2.51,0.44,27.97,1506.1,800.0,1,1,0.4421,0.7276,0.7276,0,1,57.6
30.47,65.54,132.24,220.15,36.99,98.0,2.36,0.51,35.01,1899.6,25.5,2,4,0.5444,0.8361,0.8361,0,1,61.2
24.67,61.97,96.65,171.93,37.7,76.99,1.85,0.33,40.2,2037.6,17.2,0,2,0.4246,0.7153,0.7153,0,1,58.0
79.41,212.16,314.41,473.61,115.84,98.0,4.21,1.23,27.3,1898.5,26.4,0,2,0.8005,0.9371,0.9371,1,1,43.8
88.85,186.62,350.12,591.49,60.3,98.0,2.61,0.59,11.97,2089.8,85.9,1,3,0.6918,0.8881,0.8881,1,1,47.1
157.31,352.38,609.79,832.34,150.0,98.0,3.49,1.11,12.72,2313.0,46.5,2,1,0.9685,1.0,1.0,1,1,31.6
8.93,26.14,67.78,153.46,10.23,77.41,1.17,-0.01,21.53,919.1,49.2,1,2,0.3271,0.5319,0.5319,0,0,67.9
1.83,14.44,38.2,69.08,0.0,66.16,0.87,-0.09,25.87,2245.6,199.0,0,1,0.2335,0.4689,0.4689,0,0,68.8
55.28,133.83,191.81,305.59,82.66,98.0,2.4,0.49,16.1,1201.3,265.1,1,3,0.5641,0.7277,0.7277,0,1,50.0
16.14,31.65,77.01,159.33,19.24,83.29,1.47,0.06,24.3,1680.2,420.1,0,0,0.3185,0.5217,0.5217,0,0,69.3
7.29,19.96,37.69,106.33,6.23,76.41,1.76,0.02,12.89,2304.9,86.8,3,4,0.3651,0.4831,0.4831,0,0,67.8
10.12,19.46,57.7,120.47,21.07,82.7,1.98,-0.11,16.67,1773.1,33.9,1,4,0.3694,0.5554,0.5554,0,0,69.2
11.86,34.46,87.07,205.78,18.23,98.0,1.38,0.08,34.42,888.9,97.1,0,2,0.3818,0.7162,0.7162,0,1,57.3
130.11,343.02,708.16,1310.51,128.95,98.0,6.2,2.8,43.48,1573.7,245.8,3,0,1.0,1.0,1.0,1,1,25.3
14.5,41.14,95.02,159.69,39.82,73.36,1.61,0.0,14.7,2225.7,10.0,1,4,0.358,0.5592,0.5592,0,0,72.0
50.36,106.04,211.1,382.33,66.66,98.0,2.62,0.41,20.21,1430.0,290.6,2,3,0.5598,0.7841,0.7841,0,1,63.5
13.74,47.13,98.81,175.22,7.71,72.93,1.14,-0.07,20.62,2149.1,30.8,0,4,0.3139,0.61,0.61,0,0,78.3
96.97,257.24,441.11,596.82,122.88,98.0,3.55,0.82,16.04,2060.4,44.6,1,2,0.7818,1.0,1.0,1,1,46.9
38.13,100.54,177.82,282.23,37.21,98.0,2.34,0.18,15.35,2245.6,54.3,1,0,0.5152,0.6145,0.6145,0,0,56.1
4.68,14.86,52.4,124.75,6.76,61.24,1.79,-0.11,12.74,1184.1,294.1,1,1,0.2654,0.3675,0.3675,0,0,74.3
53.36,115.55,165.79,307.6,56.74,98.0,3.29,1.24,40.67,1569.3,23.2,2,1,0.7157,0.8324,0.8324,1,1,47.9
2.47,8.97,39.58,61.6,0.0,80.84,1.21,-0.04,31.38,1303.1,30.3,1,1,0.3196,0.5558,0.5558,0,0,73.3
34.01,77.72,169.89,276.09,67.4,98.0,2.29,0.23,18.46,1631.5,157.6,1,2,0.494,0.6897,0.6897,0,1,55.5
9.58,33.54,62.21,127.02,9.22,56.19,1.71,0.02,17.29,781.6,327.4,1,0,0.2724,0.3717,0.3717,0,0,71.3
42.07,102.82,215.03,428.24,42.34,98.0,2.16,0.66,29.23,1148.8,13.3,0,0,0.561,0.7711,0.7711,0,1,50.2
40.51,94.28,143.98,215.31,28.24,92.56,2.3,0.68,33.1,2357.2,88.6,1,2,0.5531,0.7599,0.7599,0,1,56.3
32.79,99.85,208.78,313.8,28.22,98.0,1.38,0.25,17.11,1745.2,295.1,1,1,0.4342,0.6964,0.6964,0,1,65.1
31.22,80.94,144.05,269.59,36.31,98.0,1.89,0.38,20.5,1036.0,260.7,2,2,0.4803,0.6744,0.6744,0,1,58.4
7.27,21.46,52.96,137.21,13.13,68.19,1.06,-0.01,18.46,1588.7,355.8,2,1,0.2675,0.4334,0.4334,0,0,74.1
1.69,14.15,38.96,89.16,8.96,62.12,1.5,-0.03,11.16,1901.7,278.9,3,2,0.2767,0.3708,0.3708,0,0,76.8
10.32,35.41,87.12,182.89,0.0,89.26,2.04,-0.07,21.92,1746.1,45.3,1,1,0.3899,0.5617,0.5617,0,0,66.9
140.07,260.85,403.07,700.2,150.0,98.0,5.34,2.07,27.21,1578.2,28.0,0,2,1.0,1.0,1.0,1,1,17.4
139.85,314.99,504.43,938.64,136.39,98.0,6.2,2.49,31.59,1862.0,278.1,1,1,1.0,1.0,1.0,1,1,25.3
8.5,21.85,52.12,111.55,11.11,66.61,1.33,0.06,23.0,1025.5,149.4,2,2,0.313,0.4942,0.4942,0,0,68.5
74.27,192.57,394.53,636.28,63.37,98.0,5.13,1.71,43.4,1473.0,57.1,0,1,0.8724,1.0,1.0,1,1,31.8
20.49,56.7,98.31,198.45,21.14,93.17,2.73,0.27,30.53,1987.9,149.8,2,1,0.4847,0.6553,0.6553,0,1,57.1
34.57,97.98,203.92,335.95,53.77,98.0,3.19,0.66,39.92,1706.1,44.0,2,2,0.6038,0.903,0.903,1,1,41.5
118.16,237.52,492.26,755.79,150.0,98.0,6.2,2.8,40.98,2245.4,104.5,0,1,1.0,1.0,1.0,1,1,29.9
39.61,105.28,236.69,356.7,45.13,98.0,3.87,0.75,37.57,1482.2,31.9,1,2,0.6475,0.9243,0.9243,1,1,49.3
51.22,104.05,156.85,222.36,70.7,98.0,1.65,0.45,17.72,968.1,99.0,1,1,0.5385,0.6379,0.6379,0,1,61.6
13.35,40.88,95.37,152.01,25.19,71.38,2.13,0.03,23.53,830.5,307.9,0,4,0.3274,0.6246,0.6246,0,1,62.6
18.64,63.15,99.46,154.26,13.56,69.38,1.04,0.02,8.01,1537.8,177.1,1,2,0.3138,0.4399,0.4399,0,0,67.0
28.95,80.8,178.83,273.26,43.34,98.0,1.96,0.24,24.25,1472.0,128.1,1,1,0.4718,0.717,0.717,0,1,56.8
141.77,336.32,647.82,1027.07,117.19,98.0,4.87,1.41,18.58,1173.2,33.9,1,1,1.0,1.0,1.0,1,1,25.3
13.97,32.52,50.65,112.4,34.15,79.44,1.79,-0.0,12.03,1724.4,10.0,1,1,0.3777,0.4106,0.4106,0,0,63.7
10.17,28.63,66.73,138.91,3.98,81.63,0.74,0.12,38.19,1162.8,148.8,1,1,0.3197,0.6456,0.6456,0,1,71.2
3.17,14.43,49.37,93.19,8.18,57.0,1.1,0.02,32.24,1106.9,103.0,1,1,0.2607,0.5079,0.5079,0,0,84.4
9.16,32.07,71.77,122.9,18.37,88.03,1.98,0.13,43.97,1776.7,28.7,2,2,0.4141,0.7459,0.7459,0,1,63.0
1.41,17.53,38.84,113.34,0.0,50.57,1.3,-0.03,25.94,2309.2,327.6,1,1,0.2154,0.4266,0.4266,0,0,78.9
0.52,15.97,38.52,97.93,0.0,53.96,1.67,-0.16,19.91,1084.6,96.4,4,4,0.2848,0.4774,0.4774,0,0,69.5
2.9,18.4,58.25,153.64,4.68,68.87,1.65,-0.04,17.5,1051.7,101.8,0,4,0.2949,0.524,0.524,0,0,75.6
66.0,138.59,252.91,397.55,105.34,98.0,3.31,0.8,23.67,1606.9,42.6,1,2,0.6923,0.8329,0.8329,1,1,47.6
15.95,44.45,95.54,189.93,24.06,98.0,1.98,0.05,19.16,947.1,253.8,2,2,0.4146,0.6044,0.6044,0,0,65.2
67.52,148.4,288.65,572.22,57.91,98.0,4.71,1.61,43.67,1235.2,266.4,2,1,0.8192,1.0,1.0,1,1,36.6
11.33,34.12,89.18,156.72,0.0,96.41,1.24,-0.03,14.58,2384.8,150.7,1,2,0.3625,0.5556,0.5556,0,0,70.5
7.47,29.72,56.96,134.68,18.74,67.63,1.34,-0.13,8.69,2137.7,12.5,4,3,0.3323,0.4185,0.4185,0,0,71.0
14.11,35.54,81.98,157.72,21.99,98.0,1.07,0.02,12.68,1915.1,10.6,2,3,0.3989,0.566,0.566,0,0,69.7
123.62,294.93,451.68,713.76,131.12,98.0,6.2,2.8,40.1,792.9,76.0,1,1,1.0,1.0,1.0,1,1,21.1
98.31,234.88,391.07,681.68,133.91,98.0,4.91,1.81,32.98,1187.4,18.4,1,1,0.948,1.0,1.0,1,1,29.3
20.48,59.61,133.9,219.59,13.87,98.0,2.8,0.43,36.22,1690.0,48.4,2,4,0.5282,0.8478,0.8478,0,1,55.9
4.87,15.94,38.66,88.15,3.04,68.85,0.84,-0.11,19.54,1922.0,22.6,0,0,0.2672,0.3963,0.3963,0,0,71.4
19.33,56.94,98.15,171.29,14.33,79.22,2.1,0.26,30.42,1852.8,44.5,1,1,0.4261,0.6151,0.6151,0,0,63.3
21.01,64.2,118.04,204.95,34.0,91.36,2.1,0.33,33.48,1056.0,343.6,0,2,0.4138,0.728,0.728,0,1,66.0
120.5,302.05,545.44,958.0,150.0,98.0,3.84,1.33,19.75,1519.4,168.0,3,2,0.9081,1.0,1.0,1,1,33.5
1.27,8.86,32.49,64.97,14.42,66.15,1.6,-0.15,34.08,1077.5,17.9,1,2,0.292,0.5576,0.5576,0,0,72.6
30.35,80.62,162.23,279.71,52.27,98.0,1.99,0.39,30.67,2273.9,132.6,0,2,0.4818,0.778,0.778,0,1,55.3
12.32,29.37,72.5,153.14,33.01,84.58,1.47,-0.06,18.66,1669.7,10.0,1,2,0.3652,0.5348,0.5348,0,0,67.8
118.02,267.59,388.55,532.39,150.0,98.0,2.51,0.49,9.9,1393.9,493.4,0,2,0.6852,0.8885,0.8885,1,1,40.4
105.44,270.14,527.98,1046.55,78.63,98.0,3.67,0.91,16.56,2264.7,91.0,2,1,0.8217,1.0,1.0,1,1,37.7
1.19,9.75,40.36,100.58,7.22,81.54,1.34,-0.01,30.3,2241.5,84.5,2,2,0.3295,0.5801,0.5801,0,0,66.6
23.75,69.24,144.54,294.76,11.3,98.0,2.75,0.31,29.57,1581.8,33.0,2,3,0.5242,0.7776,0.7776,0,1,60.5
82.31,187.07,310.93,435.09,94.0,98.0,3.5,1.1,26.28,1883.2,73.5,2,4,0.7773,0.9846,0.9846,1,1,39.2
5.47,20.72,48.24,103.5,17.03,58.83,1.39,-0.03,17.05,1276.1,89.6,1,1,0.2804,0.3901,0.3901,0,0,68.0
3.07,18.38,50.44,98.07,5.61,69.74,1.51,-0.08,24.0,1257.6,128.8,0,1,0.2828,0.4789,0.4789,0,0,74.4
2.59,11.58,42.35,101.8,4.79,57.36,1.71,-0.02,13.19,1656.8,10.0,1,0,0.2955,0.3178,0.3178,0,0,70.7
144.11,326.78,504.2,929.7,108.23,98.0,5.83,2.67,31.85,2147.0,50.3,1,1,1.0,1.0,1.0,1,1,24.2
2.13,18.44,56.38,96.21,22.63,90.25,1.97,-0.08,39.29,1735.3,58.7,1,0,0.3662,0.6359,0.6359,0,1,65.0
23.56,62.52,122.61,212.62,27.04,98.0,1.94,0.15,24.69,1507.4,19.4,2,4,0.4733,0.7418,0.7418,0,1,56.9
158.36,392.76,562.22,1064.54,150.0,98.0,4.44,1.41,15.67,1845.8,32.9,0,3,1.0,1.0,1.0,1,1,28.1
106.99,218.28,318.55,534.18,150.0,98.0,6.2,2.24,37.8,2090.3,32.4,0,0,1.0,0.9662,1.0,1,1,24.1
114.26,308.31,508.9,712.71,97.15,98.0,4.05,1.14,19.27,2049.1,199.5,0,1,0.8485,1.0,1.0,1,1,37.2
33.64,94.4,149.78,332.49,41.29,98.0,2.17,0.53,29.38,1361.5,139.5,2,3,0.5305,0.7825,0.7825,0,1,57.4
19.1,50.33,107.05,202.2,10.25,98.0,1.34,0.07,10.72,2293.8,307.3,2,2,0.3891,0.551,0.551,0,0,68.7
7.31,26.74,54.13,120.26,3.32,97.8,1.73,-0.02,33.85,776.0,44.5,3,1,0.4128,0.6408,0.6408,0,1,63.5
138.71,326.91,673.79,1272.98,150.0,98.0,4.81,1.99,24.58,1493.8,256.1,2,2,1.0,1.0,1.0,1,1,18.0
78.98,161.15,347.28,529.33,68.17,98.0,2.92,1.01,23.24,2247.4,239.2,2,1,0.7122,0.9148,0.9148,1,1,46.7
11.11,37.29,82.34,174.74,13.43,94.26,1.97,0.16,41.65,1898.4,71.3,1,0,0.4191,0.6978,0.6978,0,1,61.9
139.91,308.61,450.53,625.86,150.0,98.0,5.27,2.06,25.69,1911.6,119.2,3,2,1.0,1.0,1.0,1,1,23.8
43.54,118.78,212.39,373.62,72.4,98.0,1.75,0.2,8.6,1008.2,109.3,0,2,0.4876,0.6628,0.6628,0,1,67.3
11.95,29.78,74.82,183.91,11.36,74.47,1.93,0.05,42.55,1710.4,44.2,2,4,0.3785,0.7604,0.7604,0,1,69.7
4.33,14.88,37.52,78.55,14.29,78.54,1.59,-0.07,8.44,2345.5,36.5,2,3,0.342,0.4233,0.4233,0,0,69.2
9.17,28.11,51.44,82.22,9.05,49.23,1.11,0.04,27.29,1099.1,22.2,2,3,0.2815,0.5091,0.5091,0,0,70.6
103.43,257.5,549.4,935.1,124.31,98.0,5.15,1.68,30.81,1289.8,218.2,1,2,0.9319,1.0,1.0,1,1,30.1
35.15,84.61,187.75,364.13,35.96,98.0,2.54,0.65,40.2,1391.2,91.5,1,1,0.5594,0.8555,0.8555,0,1,44.8
26.46,69.26,115.28,219.04,26.67,98.0,2.39,0.45,32.45,1343.8,49.6,1,0,0.5164,0.6749,0.6749,0,1,60.6
29.33,74.19,134.91,277.96,47.57,98.0,2.1,0.63,37.2,1784.6,85.6,1,5,0.5243,0.8869,0.8869,0,1,52.5
0.22,1.53,11.12,54.57,29.02,73.72,1.13,-0.06,35.72,1137.0,10.1,1,1,0.2953,0.5357,0.5357,0,0,65.4
10.76,29.81,62.65,129.22,14.0,92.05,1.49,0.07,15.69,1584.4,13.4,1,1,0.3912,0.4898,0.4898,0,0,60.4
13.13,33.51,69.98,131.32,17.9,90.09,1.66,0.15,33.22,1410.4,170.9,1,3,0.3867,0.6935,0.6935,0,1,62.9
0.39,11.32,27.77,62.91,11.49,62.28,1.77,-0.11,30.95,1813.4,277.8,0,1,0.2487,0.4859,0.4859,0,0,75.5
6.02,21.32,51.28,122.3,22.56,98.0,1.3,0.05,16.78,1149.2,46.3,0,1,0.3669,0.5013,0.5013,0,0,66.2
28.57,75.04,142.22,316.4,40.4,98.0,1.93,0.02,12.62,1662.7,63.1,2,5,0.4658,0.6992,0.6992,0,1,56.1
2.95,11.91,30.28,90.01,13.45,82.28,1.41,-0.05,35.06,1971.6,56.2,3,1,0.3488,0.5779,0.5779,0,0,64.6
15.33,40.34,96.52,200.31,16.21,93.95,1.68,0.24,42.96,1893.4,78.3,2,7,0.4333,0.9347,0.9347,0,1,57.0
4.85,21.6,41.23,77.53,18.24,66.57,1.76,0.01,34.58,2126.6,64.1,3,0,0.3397,0.5135,0.5135,0,0,71.0
73.55,199.89,328.24,634.31,77.03,98.0,4.15,1.39,34.98,2327.7,58.6,3,3,0.8255,1.0,1.0,1,1,39.6
5.52,15.38,47.04,96.67,11.37,67.23,0.92,-0.06,14.0,2159.0,129.4,1,2,0.2689,0.4177,0.4177,0,0,78.4
74.49,187.27,370.02,604.85,85.94,98.0,2.78,0.57,16.89,2298.0,38.1,2,1,0.6771,0.8918,0.8918,1,1,45.6
32.34,68.27,142.74,242.77,49.2,98.0,2.01,0.51,29.09,778.9,343.0,0,1,0.4712,0.7116,0.7116,0,1,60.0
64.17,174.86,274.09,438.48,52.84,98.0,2.15,0.34,9.13,1787.7,44.3,2,3,0.6001,0.7724,0.7724,1,1,52.7
13.38,45.24,111.46,222.97,10.87,90.57,1.29,0.2,32.05,1191.7,29.0,3,2,0.4159,0.7062,0.7062,0,1,65.9
2.32,13.91,28.89,81.95,0.0,51.74,1.78,-0.04,13.21,2084.8,428.7,4,1,0.2579,0.3159,0.3159,0,0,66.2
15.88,36.55,72.27,170.85,12.15,79.16,1.13,0.08,22.88,2101.4,31.2,3,2,0.3785,0.553,0.553,0,0,63.4
12.12,32.3,69.58,138.3,14.75,85.08,1.21,0.05,19.53,828.8,92.3,4,0,0.3836,0.4795,0.4795,0,0,63.7
102.69,212.02,373.82,549.76,125.08,98.0,2.43,0.66,11.83,1732.7,47.9,0,4,0.72,0.946,0.946,1,1,37.0
2.06,17.45,47.02,91.39,6.47,54.43,1.24,-0.04,28.84,2154.0,10.0,1,2,0.2648,0.5006,0.5006,0,0,77.2
13.4,39.07,95.2,173.41,24.42,73.35,0.98,0.08,21.0,1719.2,366.7,3,2,0.308,0.5498,0.5498,0,0,63.5
3.25,14.37,48.19,100.17,13.41,91.35,1.31,0.0,9.58,1452.1,56.3,0,3,0.3399,0.4814,0.4814,0,0,62.3
7.85,28.07,54.54,144.49,1.04,61.96,1.2,-0.08,24.0,876.7,124.2,2,1,0.2842,0.4621,0.4621,0,0,69.5
26.74,63.17,110.04,200.85,35.35,82.96,2.39,0.38,29.25,1954.9,237.9,1,2,0.4522,0.6608,0.6608,0,1,59.5
12.93,30.23,45.01,97.47,8.3,73.26,1.13,-0.05,12.69,873.2,96.6,0,0,0.3053,0.3617,0.3617,0,0,75.7
124.96,329.42,503.7,914.17,94.28,98.0,5.75,1.96,29.06,1736.6,149.7,1,2,1.0,1.0,1.0,1,1,33.1
10.03,27.95,72.44,136.94,16.96,66.18,1.53,0.0,18.87,2264.1,184.2,0,6,0.2939,0.6048,0.6048,0,0,71.6
12.3,35.22,73.55,165.07,19.19,77.94,1.89,-0.02,17.35,1441.5,57.7,0,7,0.3566,0.6569,0.6569,0,1,64.1
30.74,72.78,160.96,269.05,22.0,98.0,2.37,0.54,36.64,2020.8,118.9,2,1,0.5356,0.7942,0.7942,0,1,50.4
44.53,83.89,140.22,249.47,62.88,84.73,2.4,0.54,24.84,2069.7,27.7,1,2,0.5444,0.6673,0.6673,0,1,57.1
62.17,127.8,243.48,453.3,78.78,98.0,2.5,0.75,21.61,767.1,10.0,0,2,0.6354,0.8048,0.8048,1,1,43.9
30.92,78.82,123.65,186.17,35.31,72.47,2.67,0.46,37.27,2259.7,518.6,0,0,0.4124,0.6522,0.6522,0,1,62.1
80.73,180.83,375.47,726.64,94.17,98.0,5.09,1.91,40.77,1061.5,11.7,2,0,0.9333,1.0,1.0,1,1,33.6
23.3,60.84,114.0,235.1,27.04,98.0,2.1,0.13,19.34,1216.5,67.2,0,3,0.4514,0.6585,0.6585,0,1,62.9
11.51,30.24,62.5,141.31,3.94,88.54,1.42,-0.03,9.81,2186.8,10.0,2,0,0.3823,0.4028,0.4028,0,0,62.3
5.88,16.71,50.71,116.98,14.02,63.16,1.07,-0.01,27.47,1882.9,307.2,1,5,0.2488,0.6086,0.6086,0,0,76.7
36.76,97.05,160.0,327.96,53.02,98.0,2.82,0.56,33.75,1363.6,13.9,1,3,0.5764,0.8299,0.8299,0,1,49.8
0.78,9.64,23.41,39.56,6.36,69.44,1.39,-0.18,29.16,895.0,185.3,1,4,0.2637,0.5763,0.5763,0,0,78.1
153.16,388.63,742.1,1235.5,150.0,98.0,6.2,2.8,32.77,1387.3,150.9,3,1,1.0,1.0,1.0,1,1,22.1
12.38,32.0,79.42,137.54,17.25,80.04,0.96,0.02,31.28,2344.4,10.0,1,2,0.3402,0.6314,0.6314,0,1,72.6
76.99,170.15,357.93,497.48,114.32,98.0,5.35,1.74,42.42,922.6,153.3,2,2,0.8993,1.0,1.0,1,1,28.3
21.54,58.27,105.41,199.49,27.72,87.18,1.78,0.38,39.17,2146.1,418.1,0,2,0.3871,0.7463,0.7463,0,1,68.3
45.1,132.36,238.38,480.44,55.91,98.0,2.04,0.33,12.75,1286.7,88.3,2,2,0.5408,0.7277,0.7277,0,1,57.3
20.25,51.4,121.64,198.76,20.68,98.0,2.44,0.14,24.29,1830.0,41.0,2,2,0.4834,0.6774,0.6774,0,1,55.8
19.03,53.46,107.03,186.06,18.6,97.63,1.6,0.21,24.37,1792.0,94.5,3,1,0.4519,0.6291,0.6291,0,1,68.1
153.7,317.26,475.59,842.06,125.21,98.0,5.25,2.2,24.43,1287.2,15.5,0,1,1.0,1.0,1.0,1,1,19.5
14.61,49.6,123.62,288.7,25.06,98.0,1.24,0.28,41.51,839.6,374.7,1,5,0.375,0.9075,0.9075,0,1,64.3
3.25,22.52,51.86,111.42,17.82,88.82,1.15,-0.06,19.78,995.6,54.6,2,2,0.3411,0.5303,0.5303,0,0,63.8
26.75,63.16,112.64,207.43,27.09,79.63,2.13,0.31,30.11,1683.7,73.3,0,2,0.4376,0.6615,0.6615,0,1,62.7
14.36,35.43,61.93,167.3,29.63,89.95,2.43,0.26,40.27,2315.6,61.6,0,2,0.4391,0.7097,0.7097,0,1,62.7
22.8,47.96,71.44,134.94,21.05,56.95,1.53,-0.1,9.82,2277.5,10.0,1,5,0.3295,0.4753,0.4753,0,0,64.5
0.85,11.78,31.03,103.6,3.98,68.42,1.68,-0.09,39.63,937.2,10.0,1,0,0.3072,0.5465,0.5465,0,0,69.8
133.64,279.76,411.49,756.51,93.46,98.0,6.2,2.63,35.54,2194.1,99.2,1,0,1.0,1.0,1.0,1,1,30.9
25.2,69.36,127.36,232.82,50.27,82.75,1.43,0.13,15.48,1135.8,83.7,2,3,0.4101,0.6012,0.6012,0,0,65.4
1.5,17.26,44.41,106.95,8.34,69.59,1.16,-0.05,19.72,2251.3,516.6,3,4,0.2447,0.5269,0.5269,0,0,80.6
1.48,7.61,22.92,88.53,16.16,81.62,0.8,-0.15,19.18,2001.5,36.7,4,2,0.3193,0.47,0.47,0,0,70.8
0.24,6.66,31.2,78.31,9.31,50.37,1.62,-0.18,15.97,2336.1,55.2,3,2,0.2682,0.3669,0.3669,0,0,66.6
99.67,244.47,390.91,609.6,116.38,98.0,5.22,1.67,30.99,1478.9,529.4,0,1,0.8731,1.0,1.0,1,1,29.6
105.17,287.19,409.64,690.25,134.43,98.0,6.2,2.61,43.38,1957.1,10.0,3,2,1.0,1.0,1.0,1,1,25.1
8.72,34.38,69.73,156.29,13.3,80.22,1.78,-0.13,14.0,1963.2,123.5,2,2,0.3478,0.4818,0.4818,0,0,63.5
7.03,27.73,68.62,139.15,1.66,64.31,1.73,-0.1,16.36,1568.7,12.9,3,2,0.3338,0.4548,0.4548,0,0,68.8
136.67,310.75,524.4,1027.8,150.0,98.0,3.9,1.36,18.45,2358.0,351.1,0,0,0.8999,1.0,1.0,1,1,35.7
124.13,261.45,452.66,919.04,150.0,98.0,6.2,2.8,41.75,1152.0,40.8,1,3,1.0,1.0,1.0,1,1,30.3
21.66,53.58,109.89,178.37,20.61,98.0,2.49,0.26,30.53,2377.3,201.9,0,1,0.4595,0.6829,0.6829,0,1,59.9
4.1,17.15,54.61,91.75,0.0,58.82,1.29,0.01,15.66,2090.0,290.6,3,5,0.2697,0.5067,0.5067,0,0,69.5
3.83,10.9,25.5,48.86,0.0,72.42,1.56,-0.07,36.94,1766.6,225.3,1,4,0.2914,0.6495,0.6495,0,1,74.7
130.45,305.97,545.59,1065.35,104.31,98.0,6.2,2.8,41.22,874.7,97.7,1,4,1.0,1.0,1.0,1,1,27.6
21.59,52.59,97.57,158.55,21.24,86.71,1.86,0.17,22.52,1177.9,435.3,1,3,0.3767,0.6322,0.6322,0,1,65.4
105.02,240.93,387.57,655.48,107.36,98.0,2.8,0.76,14.22,2138.1,135.5,2,1,0.761,0.8919,0.8919,1,1,38.4
113.9,229.95,453.79,888.19,148.12,98.0,3.66,1.22,19.16,1951.5,185.1,0,1,0.8407,1.0,1.0,1,1,27.9
0.42,2.76,6.13,32.6,12.37,43.99,1.21,-0.04,15.82,2338.4,33.6,0,2,0.2234,0.3172,0.3172,0,0,76.8
1.71,10.54,34.11,78.51,4.77,55.87,1.13,-0.03,15.25,1404.7,65.0,3,3,0.2753,0.4101,0.4101,0,0,73.7
68.75,147.58,252.62,446.31,51.02,98.0,1.98,0.38,14.15,2225.8,109.4,2,5,0.5988,0.8463,0.8463,0,1,60.1
7.0,21.79,55.7,114.83,10.57,76.36,1.4,0.1,39.54,2172.0,18.9,1,3,0.345,0.6882,0.6882,0,1,66.1
29.33,81.61,179.35,356.16,31.61,98.0,1.69,0.04,11.09,2344.1,404.8,2,2,0.4144,0.6423,0.6423,0,1,64.4
19.6,42.09,99.16,191.23,32.64,98.0,1.52,0.08,22.88,1199.5,13.9,4,1,0.458,0.6086,0.6086,0,0,61.4
9.62,34.76,54.43,107.44,14.06,76.16,1.63,-0.14,8.53,1566.0,158.4,0,3,0.3086,0.438,0.438,0,0,73.9
4.61,12.47,35.73,64.94,12.74,58.65,0.93,-0.08,18.56,883.6,10.0,0,2,0.2529,0.4164,0.4164,0,0,77.0
2.59,7.37,25.28,94.74,0.0,78.04,1.9,-0.03,33.45,1725.0,13.0,1,0,0.3477,0.517,0.517,0,0,73.3
19.09,62.1,119.74,233.25,28.51,89.02,1.61,0.06,15.3,1958.3,117.2,1,2,0.3955,0.578,0.578,0,0,66.3
29.8,80.48,153.1,229.35,27.65,98.0,2.49,0.77,43.95,1142.7,72.3,1,3,0.5575,0.9032,0.9032,0,1,56.0
20.65,50.32,110.64,161.42,10.93,74.03,1.14,-0.04,9.74,1029.9,10.0,2,3,0.3592,0.5104,0.5104,0,0,71.4
15.11,54.63,99.88,204.88,16.19,98.0,1.75,-0.01,12.91,1805.2,60.0,2,2,0.4227,0.5598,0.5598,0,0,63.5
0.86,9.8,23.5,60.98,2.03,56.54,1.44,-0.08,36.33,1398.7,34.5,0,1,0.2584,0.5077,0.5077,0,0,73.3
69.15,199.06,365.96,530.88,53.92,98.0,4.49,1.56,43.14,1453.8,246.3,1,5,0.8009,1.0,1.0,1,1,43.9
32.06,68.9,135.89,241.31,36.03,87.64,2.68,0.68,42.34,1527.3,147.8,1,5,0.5303,0.9002,0.9002,0,1,60.1
159.09,316.43,577.65,1154.1,150.0,98.0,6.2,2.8,36.74,1593.9,160.5,2,0,1.0,1.0,1.0,1,1,23.2
78.21,195.15,402.6,740.33,84.99,98.0,5.73,1.87,43.03,1072.6,361.8,1,0,0.8942,1.0,1.0,1,1,31.3
18.42,47.16,104.76,180.23,27.36,98.0,2.46,0.39,38.27,1703.3,148.5,2,1,0.4906,0.7386,0.7386,0,1,58.5
17.47,39.73,94.95,217.12,28.29,90.75,1.1,0.0,10.09,864.0,21.0,2,3,0.3894,0.5409,0.5409,0,0,67.8
27.57,57.96,129.97,212.58,58.42,83.85,2.02,0.52,38.44,937.3,332.4,3,3,0.4611,0.7912,0.7912,0,1,57.9
33.4,87.37,168.77,271.96,41.65,98.0,1.6,0.41,25.42,1924.0,14.4,0,1,0.4896,0.714,0.714,0,1,51.2
21.37,59.08,119.22,207.3,41.65,83.26,1.9,0.26,24.44,1956.9,25.7,0,2,0.4233,0.6344,0.6344,0,1,65.8
2.74,9.01,22.92,82.54,18.56,71.01,1.59,-0.02,8.09,1189.4,40.3,2,1,0.3263,0.3216,0.3263,0,0,67.9
8.26,34.5,75.75,177.45,13.4,98.0,1.22,0.06,30.33,1054.7,23.1,1,2,0.3831,0.6696,0.6696,0,1,60.4
52.65,131.87,190.76,296.28,74.2,98.0,3.36,0.85,32.18,839.1,10.0,0,1,0.6598,0.795,0.795,1,1,41.3
5.09,24.3,64.82,122.02,0.29,85.74,1.7,-0.01,36.47,1441.2,73.8,0,1,0.3466,0.641,0.641,0,1,72.6
9.31,34.69,76.8,190.27,9.52,95.41,1.26,-0.0,19.73,1589.9,139.8,1,3,0.3603,0.6089,0.6089,0,0,71.5
11.32,31.18,59.86,103.45,18.64,75.42,2.01,-0.01,12.61,2234.1,65.6,2,0,0.3736,0.3852,0.3852,0,0,67.3
89.25,210.23,426.36,695.22,123.91,98.0,4.35,1.13,23.83,754.1,32.1,1,3,0.8306,1.0,1.0,1,1,34.3
18.98,46.66,86.17,158.71,39.01,64.71,1.36,-0.01,21.04,1419.7,257.4,2,3,0.3148,0.5448,0.5448,0,0,68.6
57.32,134.39,304.25,607.36,69.99,98.0,4.02,1.0,35.11,1441.8,59.0,5,2,0.7599,0.9872,0.9872,1,1,38.4
5.51,16.49,35.65,79.68,13.45,52.51,1.29,-0.17,16.26,2212.8,219.1,0,3,0.2203,0.4107,0.4107,0,0,73.0
2.59,14.04,37.17,97.55,14.26,64.89,1.32,-0.14,12.97,1073.5,23.6,1,4,0.2811,0.4509,0.4509,0,0,70.7
4.4,22.32,46.59,102.54,12.82,90.6,0.87,0.03,23.85,859.2,48.7,0,3,0.326,0.5914,0.5914,0,0,64.8
107.61,221.32,413.95,839.71,142.67,98.0,5.26,1.91,30.61,1379.7,195.3,6,3,1.0,1.0,1.0,1,1,20.8
96.26,223.3,389.61,747.87,72.16,98.0,3.33,0.93,18.12,1760.3,10.0,2,2,0.7953,0.9555,0.9555,1,1,32.1
6.73,26.52,61.32,109.92,30.1,64.74,1.19,-0.1,12.12,2165.9,303.8,2,0,0.2615,0.3532,0.3532,0,0,67.8
33.85,81.92,174.44,340.76,46.34,98.0,1.83,0.45,23.81,1193.9,60.6,1,1,0.5085,0.7081,0.7081,0,1,54.1
39.52,101.02,170.64,352.91,54.89,98.0,2.57,0.91,42.63,1164.7,457.9,1,5,0.5486,0.974,0.974,0,1,49.2
37.48,93.55,195.42,351.7,26.25,98.0,3.12,0.83,42.82,1287.9,145.0,0,0,0.5912,0.8558,0.8558,0,1,54.4
50.25,131.69,271.79,518.74,67.7,98.0,3.07,0.95,33.51,945.1,358.0,3,2,0.6348,0.9347,0.9347,1,1,47.9
5.81,26.89,73.7,127.22,5.43,73.33,1.4,-0.05,35.98,2362.4,10.0,3,3,0.3421,0.6732,0.6732,0,1,69.7
28.13,60.08,117.0,236.33,30.97,98.0,1.56,0.19,15.33,1642.0,153.6,2,1,0.4533,0.57,0.57,0,0,59.5
12.34,34.21,66.55,143.36,17.14,76.33,1.49,0.07,21.49,1199.2,250.0,4,1,0.3585,0.497,0.497,0,0,64.5
138.86,361.75,635.56,919.55,150.0,98.0,6.2,2.42,29.77,1346.9,526.5,1,2,1.0,1.0,1.0,1,1,29.0
26.08,54.39,111.57,206.45,35.19,95.98,2.65,0.39,35.01,2178.8,10.0,2,7,0.5319,0.8952,0.8952,0,1,53.1
138.76,311.65,645.41,936.93,150.0,98.0,3.3,1.1,14.0,1861.6,10.4,1,2,0.9074,1.0,1.0,1,1,28.4
21.35,61.64,111.35,244.18,15.18,98.0,2.27,0.28,24.47,1662.8,157.9,0,1,0.4571,0.6363,0.6363,0,1,62.5
96.32,207.52,307.65,555.88,130.97,98.0,2.41,0.72,13.86,1945.9,10.0,1,1,0.7247,0.7913,0.7913,1,1,42.0
15.75,48.82,98.56,165.43,12.07,98.0,1.85,0.14,30.8,1997.1,10.0,0,0,0.43,0.6413,0.6413,0,1,64.6
83.56,236.54,414.46,824.96,114.97,98.0,4.28,1.7,35.8,1070.4,94.5,3,3,0.8824,1.0,1.0,1,1,31.2
55.42,119.26,236.41,434.18,48.65,98.0,3.73,1.23,38.0,1011.8,90.5,4,2,0.7513,0.9273,0.9273,1,1,34.3
0.88,3.69,26.59,62.97,11.87,41.56,1.1,-0.11,34.37,2345.0,114.1,0,3,0.1961,0.5138,0.5138,0,0,75.4
3.6,11.44,35.97,55.22,14.94,72.47,1.62,-0.09,13.73,1056.4,10.0,3,0,0.3396,0.3567,0.3567,0,0,71.2
2.83,8.84,32.89,77.99,0.0,49.64,1.43,-0.14,37.82,1516.9,84.0,2,2,0.2543,0.5418,0.5418,0,0,68.0
77.33,181.28,375.45,719.8,94.96,98.0,2.72,0.88,20.04,2371.6,40.5,1,2,0.7024,0.9536,0.9536,1,1,43.4
34.05,78.78,168.77,257.12,30.06,82.2,2.59,0.45,38.09,1438.4,169.3,0,3,0.4837,0.8311,0.8311,0,1,51.4
71.03,193.92,315.04,508.79,87.63,98.0,2.97,0.7,17.03,1599.5,51.4,1,1,0.6784,0.8257,0.8257,1,1,45.8
14.1,49.64,108.34,193.19,10.82,72.18,1.58,0.04,25.13,2067.3,52.9,1,3,0.3511,0.6255,0.6255,0,1,68.5
36.74,80.39,166.23,325.33,36.15,98.0,2.66,0.47,28.76,1311.6,127.4,1,2,0.5451,0.7676,0.7676,0,1,51.8
26.4,54.72,123.78,232.29,31.02,98.0,1.1,-0.01,9.25,1461.2,129.7,2,1,0.4121,0.5297,0.5297,0,0,65.2
15.63,45.55,86.13,169.64,23.46,88.72,1.71,0.21,40.53,1298.1,10.0,2,3,0.4293,0.768,0.768,0,1,53.4
17.85,59.98,125.93,219.67,37.38,98.0,1.65,0.08,26.42,1224.2,118.0,0,1,0.4062,0.6696,0.6696,0,1,72.2
14.2,50.42,103.32,193.38,10.58,98.0,1.47,0.04,14.91,1528.5,128.7,3,2,0.4131,0.58,0.58,0,0,68.3
7.06,19.66,50.77,101.46,8.87,69.83,1.62,-0.09,13.79,1980.7,73.4,3,5,0.3342,0.5179,0.5179,0,0,71.3
108.47,283.65,549.2,840.4,144.67,98.0,5.13,2.06,32.72,2181.0,211.1,1,0,0.983,1.0,1.0,1,1,29.9
106.93,259.62,386.71,705.87,113.81,98.0,2.55,0.62,10.94,1525.7,10.0,2,2,0.7568,0.8946,0.8946,1,1,43.6
41.32,101.25,199.69,317.78,39.17,98.0,2.12,0.56,23.83,1279.7,414.5,0,1,0.4936,0.7391,0.7391,0,1,60.3
20.23,52.52,93.61,190.34,34.5,88.49,1.78,0.18,27.45,2254.1,56.6,2,3,0.4348,0.6718,0.6718,0,1,66.9
28.64,78.14,139.51,299.75,38.84,98.0,2.09,0.1,16.39,1304.3,108.7,2,2,0.4756,0.636,0.636,0,1,57.2
158.96,374.82,705.84,1430.43,150.0,98.0,3.49,1.11,12.65,2028.8,10.0,0,2,0.958,1.0,1.0,1,1,23.4
12.38,26.54,56.18,118.72,12.33,64.48,1.15,-0.02,25.67,1985.2,148.1,1,1,0.2926,0.4845,0.4845,0,0,63.7
0.19,13.56,44.63,67.46,0.0,76.59,1.08,-0.05,20.25,832.1,94.2,2,1,0.2997,0.461,0.461,0,0,71.7
5.67,13.32,25.37,76.45,1.73,73.41,1.71,-0.08,13.05,1043.1,387.4,3,4,0.3023,0.4609,0.4609,0,0,73.0
25.93,66.88,127.44,221.91,43.47,90.9,1.82,0.19,15.57,1695.2,65.9,2,1,0.456,0.5649,0.5649,0,0,63.5
96.1,236.66,349.4,659.69,110.77,98.0,4.59,1.41,24.95,2181.6,153.6,3,2,0.89,0.9611,0.9611,1,1,27.4
2.09,9.75,40.68,98.88,0.0,79.36,1.59,-0.19,12.79,1730.1,10.0,2,5,0.3307,0.5242,0.5242,0,0,66.6
10.27,31.24,63.53,124.34,6.76,66.61,1.3,0.0,41.7,1975.5,10.0,2,2,0.3289,0.6578,0.6578,0,1,65.9
32.2,93.94,171.9,331.73,20.39,98.0,2.35,0.55,35.92,1961.8,357.1,0,3,0.4883,0.8618,0.8618,0,1,58.9
4.56,23.41,54.88,83.89,8.21,64.78,1.28,-0.02,19.72,1565.7,35.1,3,4,0.3142,0.5262,0.5262,0,0,68.0
16.2,37.39,66.76,160.7,23.04,78.84,1.49,-0.02,17.3,1675.3,292.2,2,0,0.3396,0.4407,0.4407,0,0,66.2
26.42,67.5,161.26,330.39,42.56,98.0,2.27,0.59,39.47,867.6,11.0,3,4,0.5502,0.9073,0.9073,0,1,55.8
19.14,56.08,89.03,171.51,42.43,75.27,1.84,0.08,23.37,2280.8,121.8,2,4,0.3865,0.6265,0.6265,0,1,65.8
4.17,19.0,46.52,139.11,10.02,83.61,1.93,-0.08,39.06,1862.7,96.2,2,1,0.3593,0.6334,0.6334,0,1,68.6
8.78,35.56,82.1,198.75,8.92,98.0,2.17,0.04,34.73,1004.9,406.4,3,3,0.3943,0.7426,0.7426,0,1,65.4
30.63,81.1,177.47,352.31,48.6,98.0,1.6,0.05,11.32,1152.6,62.1,2,2,0.4602,0.6418,0.6418,0,1,55.1
16.16,35.36,69.4,145.29,6.16,94.83,1.73,0.33,37.29,757.7,10.0,1,2,0.4475,0.7087,0.7087,0,1,55.3
0.1,8.27,18.59,68.41,0.0,51.78,1.2,-0.01,27.44,1185.6,77.1,0,3,0.2364,0.4772,0.4772,0,0,77.7
28.63,68.57,146.9,291.84,44.06,98.0,2.24,0.46,32.39,1272.4,208.6,1,4,0.4947,0.8331,0.8331,0,1,58.0
0.72,15.1,31.35,77.12,14.59,48.58,0.63,-0.15,15.88,1877.2,10.0,1,0,0.21,0.3014,0.3014,0,0,81.1
112.28,295.5,532.77,1032.56,150.0,98.0,2.01,0.47,8.01,1536.5,10.0,1,1,0.721,1.0,1.0,1,1,47.0
4.52,18.05,30.59,83.29,7.62,62.03,0.91,-0.11,20.01,2140.6,206.9,1,2,0.2393,0.4312,0.4312,0,0,75.1
93.08,261.08,487.62,839.52,101.02,98.0,2.27,0.8,14.86,893.2,208.5,1,2,0.6915,1.0,1.0,1,1,49.1
9.18,25.38,47.49,114.76,8.18,69.51,1.26,-0.04,23.67,1916.6,26.8,1,0,0.3142,0.442,0.442,0,0,76.6
7.92,26.09,54.19,106.17,10.55,86.79,1.41,-0.14,11.27,2193.6,128.6,1,2,0.3323,0.4594,0.4594,0,0,68.9
3.22,7.3,29.58,61.48,11.34,48.15,1.93,-0.05,40.22,1445.2,10.0,0,0,0.273,0.4927,0.4927,0,0,68.0
7.29,20.19,50.42,114.62,26.16,83.29,1.13,0.03,12.27,1226.4,174.1,0,2,0.3118,0.453,0.453,0,0,70.5
41.85,99.65,216.22,344.1,55.75,98.0,2.98,0.73,35.51,1485.2,43.7,3,4,0.6299,0.9428,0.9428,1,1,52.1
112.17,257.01,371.75,739.71,128.61,98.0,6.2,2.58,41.82,2051.6,31.4,1,3,1.0,1.0,1.0,1,1,28.3
150.21,337.96,631.95,1117.98,150.0,98.0,3.8,1.11,13.34,2266.4,135.9,1,3,0.9423,1.0,1.0,1,1,26.6
114.2,247.36,363.85,698.37,143.49,98.0,4.21,1.3,20.47,858.2,291.0,1,1,0.8693,0.9129,0.9129,1,1,30.3
25.61,53.5,108.54,180.21,36.94,81.16,1.44,0.36,34.32,1622.1,10.0,2,3,0.4414,0.7244,0.7244,0,1,60.8
43.47,101.81,210.81,380.99,49.27,98.0,3.15,0.84,33.72,1805.5,18.6,2,3,0.6457,0.8918,0.8918,1,1,54.4
123.93,274.33,438.98,821.09,150.0,98.0,2.66,0.62,9.35,778.8,35.4,2,3,0.8007,0.9757,0.9757,1,1,37.5
78.61,142.4,253.74,416.33,80.04,98.0,2.32,0.4,10.54,1049.1,315.4,1,2,0.6036,0.7289,0.7289,1,1,51.7
10.64,35.09,83.74,190.68,16.78,85.52,1.51,-0.02,12.33,853.2,251.6,1,4,0.3367,0.5604,0.5604,0,0,70.5
23.79,56.46,86.2,150.65,38.79,74.61,2.19,0.26,28.45,1229.1,285.2,0,2,0.389,0.6018,0.6018,0,0,66.7
0.06,9.42,38.63,75.67,0.0,69.51,1.41,-0.11,9.98,1088.9,57.0,0,2,0.277,0.3817,0.3817,0,0,74.7
19.33,41.63,74.51,174.86,27.44,97.79,1.65,0.22,29.18,1553.2,31.6,2,2,0.4548,0.6583,0.6583,0,1,60.2
104.46,250.26,387.9,688.58,111.72,98.0,3.8,1.17,20.33,1831.3,25.5,0,4,0.8396,1.0,1.0,1,1,35.0
31.62,80.84,131.5,260.29,20.5,98.0,2.67,0.41,32.1,2139.7,256.4,1,3,0.5103,0.7819,0.7819,0,1,54.7
1.95,13.45,34.6,94.48,25.22,61.09,1.28,-0.17,36.15,1252.1,31.6,2,0,0.2753,0.5026,0.5026,0,0,73.6
17.74,59.68,105.81,201.57,22.17,82.43,2.22,0.18,36.49,833.2,90.8,1,1,0.4209,0.6821,0.6821,0,1,70.5
13.12,42.16,103.42,179.83,24.42,87.17,1.13,0.01,9.35,756.3,48.4,2,0,0.369,0.4453,0.4453,0,0,70.1
20.56,54.66,123.72,204.28,18.64,98.0,2.36,0.32,42.1,2143.5,82.9,0,0,0.4729,0.7624,0.7624,0,1,55.7
1.34,18.25,43.07,88.85,0.0,48.9,1.47,-0.13,29.12,2198.9,50.9,1,2,0.2463,0.4825,0.4825,0,0,75.9
17.35,48.43,110.18,205.11,24.25,98.0,1.64,0.32,40.25,916.6,41.6,1,3,0.4487,0.821,0.821,0,1,59.4
16.49,43.22,87.79,183.13,16.6,97.52,1.71,0.12,30.15,766.8,66.9,1,3,0.4242,0.7115,0.7115,0,1,61.3
16.45,42.13,84.19,162.05,17.03,82.58,2.18,0.18,25.43,2070.4,48.6,3,2,0.4406,0.5976,0.5976,0,0,62.8
18.5,45.27,77.22,128.15,33.84,74.42,1.2,0.15,34.27,1807.2,219.7,0,2,0.3291,0.6369,0.6369,0,1,67.2
22.57,61.23,121.88,207.01,28.35,80.51,1.62,0.12,15.9,1667.6,104.3,1,3,0.3932,0.5916,0.5916,0,0,63.5
154.98,314.76,611.2,1012.78,136.3,98.0,3.07,0.96,11.72,1629.8,23.3,0,4,0.9123,1.0,1.0,1,1,27.0
6.29,22.0,59.59,144.13,9.58,87.53,1.71,-0.02,11.26,2026.7,32.3,4,4,0.3978,0.528,0.528,0,0,64.0
34.87,70.36,112.44,206.89,47.61,98.0,2.16,0.67,38.57,1234.0,10.0,2,2,0.5647,0.7804,0.7804,0,1,53.6
13.79,42.45,66.24,121.62,29.11,81.0,2.16,0.19,40.85,1392.0,42.7,1,1,0.4117,0.6646,0.6646,0,1,65.9
1.6,7.67,33.8,59.54,7.92,66.78,1.18,-0.09,37.32,878.5,132.9,0,1,0.2565,0.5568,0.5568,0,0,66.3
1.21,17.76,41.42,71.49,0.07,63.77,1.43,0.0,40.56,1684.1,24.2,0,1,0.2841,0.5837,0.5837,0,0,72.6
8.14,34.8,89.0,163.31,18.74,90.5,1.27,0.19,43.45,2335.3,12.5,0,1,0.3732,0.7398,0.7398,0,1,61.8
30.73,91.18,143.61,250.32,36.09,88.46,2.82,0.28,26.94,1218.4,46.5,2,0,0.5189,0.6387,0.6387,0,1,47.5
24.6,64.51,141.41,235.06,41.55,98.0,1.36,0.14,13.54,2283.3,113.8,1,1,0.4267,0.5855,0.5855,0,0,66.6
31.08,86.91,194.44,299.45,52.63,98.0,2.41,0.41,29.89,1953.2,76.8,1,0,0.5209,0.7511,0.7511,0,1,57.7
123.06,295.26,482.92,868.39,144.19,98.0,4.69,1.49,20.74,1135.9,48.5,2,2,0.9747,1.0,1.0,1,1,34.0
11.6,28.42,42.18,62.44,10.58,51.48,1.56,-0.06,20.47,1843.7,257.4,3,2,0.2813,0.4195,0.4195,0,0,73.7
3.19,12.04,26.65,87.5,11.91,84.64,1.41,-0.09,34.2,1354.3,75.9,1,3,0.3281,0.6332,0.6332,0,1,71.6
7.96,28.71,52.14,100.92,14.93,61.04,1.48,-0.11,11.26,951.8,72.8,1,2,0.2892,0.3848,0.3848,0,0,64.2
11.38,28.78,57.09,147.62,30.82,79.28,1.72,-0.12,9.35,903.0,10.0,1,3,0.3558,0.4566,0.4566,0,0,70.0
1.86,18.21,57.56,136.01,18.9,88.3,1.39,-0.14,33.03,778.4,122.4,3,0,0.3402,0.5818,0.5818,0,0,67.6
101.01,238.16,388.53,689.08,115.21,98.0,2.41,0.99,17.39,2066.4,73.8,2,1,0.7646,0.9184,0.9184,1,1,39.1
18.24,52.68,110.32,234.05,9.21,83.52,2.14,0.08,21.88,2210.0,18.8,1,1,0.4206,0.5737,0.5737,0,0,64.1
126.31,292.39,594.48,1063.41,150.0,98.0,4.61,1.41,19.07,1546.2,33.5,0,1,0.9531,1.0,1.0,1,1,29.0
128.11,316.39,596.37,831.92,150.0,98.0,5.52,2.25,30.13,1607.9,27.1,1,3,1.0,1.0,1.0,1,1,23.5
54.1,139.23,232.39,330.75,74.46,98.0,2.24,0.35,13.56,1891.1,15.6,2,2,0.5829,0.7269,0.7269,0,1,56.1
20.58,62.97,131.43,213.33,19.82,76.47,1.55,0.31,33.94,1906.5,68.6,1,0,0.4008,0.6463,0.6463,0,1,63.1
10.94,26.66,73.64,121.35,29.69,73.46,1.52,0.13,41.3,1284.8,54.2,1,3,0.3523,0.7161,0.7161,0,1,75.0
20.22,53.58,108.87,209.98,31.18,85.17,2.22,0.27,38.1,1012.7,53.6,1,3,0.446,0.7663,0.7663,0,1,60.4
151.94,296.77,477.87,808.45,141.14,98.0,6.2,2.8,40.65,1460.2,34.8,1,0,1.0,1.0,1.0,1,1,25.4
2.52,20.49,32.05,64.68,0.0,63.5,1.83,-0.05,41.73,1900.1,68.8,1,2,0.3036,0.6109,0.6109,0,0,71.3
10.55,28.57,66.56,162.09,31.06,77.66,1.39,0.01,21.4,2076.9,95.2,1,1,0.3371,0.5,0.5,0,0,66.1
94.66,175.38,356.2,724.94,86.05,98.0,5.17,2.04,36.65,897.1,113.5,0,3,0.9506,1.0,1.0,1,1,32.1
9.68,36.53,77.78,169.2,12.58,85.5,1.61,-0.05,25.81,1720.7,29.8,3,4,0.3855,0.661,0.661,0,1,68.5
16.97,50.32,95.33,146.61,27.95,72.61,1.22,-0.07,17.71,839.3,156.2,0,1,0.3092,0.4915,0.4915,0,0,62.9
115.46,233.8,424.58,828.09,91.16,98.0,5.63,2.28,34.89,2110.9,10.0,1,4,1.0,1.0,1.0,1,1,19.3
4.08,16.55,56.98,118.77,26.0,91.6,1.24,-0.02,16.79,1850.2,166.6,2,1,0.3425,0.4904,0.4904,0,0,59.6
156.28,318.52,533.02,1070.39,150.0,98.0,3.92,1.06,11.95,1899.4,39.9,1,2,0.9716,1.0,1.0,1,1,23.2
8.14,26.16,63.89,111.26,33.55,70.64,1.35,-0.03,33.37,2006.8,55.4,1,4,0.3156,0.6628,0.6628,0,1,64.2
0.53,2.18,17.65,67.92,11.71,55.89,1.3,-0.08,18.35,1567.8,104.3,1,3,0.2504,0.4149,0.4149,0,0,72.8
0.49,10.14,37.63,76.97,7.86,77.83,1.63,-0.06,19.01,1243.2,113.1,2,4,0.3233,0.536,0.536,0,0,71.1
35.64,89.19,132.59,191.51,31.52,98.0,3.14,0.71,39.72,2046.3,65.6,3,3,0.617,0.8442,0.8442,1,1,60.3
6.38,19.84,52.42,97.14,6.86,78.18,0.91,-0.12,12.88,2032.7,333.5,2,0,0.2716,0.386,0.386,0,0,68.2
14.6,40.56,97.1,229.9,10.52,74.2,1.48,0.09,35.53,972.7,234.5,3,3,0.3534,0.7007,0.7007,0,1,69.2
7.1,23.28,45.9,83.91,29.8,69.76,2.1,-0.1,21.9,2239.6,30.6,1,1,0.3406,0.4566,0.4566,0,0,74.3
56.5,150.68,282.7,393.42,47.36,98.0,3.39,1.23,40.15,1115.0,106.7,0,2,0.696,1.0,1.0,1,1,42.4
6.0,14.74,34.75,69.86,18.98,62.93,0.95,-0.06,23.85,1255.7,153.2,0,1,0.2492,0.4395,0.4395,0,0,84.3
11.23,33.21,53.57,112.55,30.15,86.13,1.58,0.13,22.72,1106.3,29.3,2,2,0.3966,0.5484,0.5484,0,0,68.1
41.23,91.07,145.24,293.76,36.5,98.0,2.85,0.48,23.48,2343.2,10.0,1,0,0.5821,0.6397,0.6397,0,1,48.9
36.89,97.07,194.91,407.64,48.55,98.0,3.37,0.67,38.16,1244.1,445.6,2,1,0.5651,0.8479,0.8479,0,1,51.9
4.12,16.66,28.88,69.22,3.04,47.7,1.28,-0.11,8.38,2352.8,381.4,3,2,0.2199,0.2959,0.2959,0,0,80.4
32.45,83.91,171.44,247.31,22.61,90.68,2.91,0.45,33.38,1802.6,46.3,1,2,0.5388,0.7904,0.7904,0,1,51.1
12.26,32.48,82.15,165.75,8.81,98.0,1.65,0.08,15.39,1041.3,32.8,4,3,0.4434,0.5879,0.5879,0,0,56.2
13.19,42.77,83.34,189.38,24.38,80.52,1.65,0.07,39.76,1663.8,20.2,3,3,0.3978,0.7354,0.7354,0,1,62.4
2.87,8.3,18.07,79.9,18.37,59.8,1.29,-0.13,21.53,2205.7,139.4,2,1,0.2647,0.3918,0.3918,0,0,69.3
1.68,17.72,45.77,92.34,6.92,69.71,1.61,-0.17,20.2,1676.8,168.9,1,4,0.2799,0.5328,0.5328,0,0,78.7
26.03,74.44,127.65,205.66,44.28,98.0,2.73,0.46,33.65,968.8,65.5,0,3,0.5192,0.7896,0.7896,0,1,54.9
13.72,45.64,87.28,167.01,24.66,67.89,2.07,0.07,34.01,1223.4,33.4,0,1,0.3584,0.5988,0.5988,0,0,63.6
11.48,35.58,80.44,177.05,14.85,85.56,2.0,0.02,30.81,1120.9,71.5,0,1,0.3786,0.6144,0.6144,0,0,59.2
26.15,51.9,111.39,209.67,47.3,85.94,2.21,0.18,19.87,957.7,87.2,0,3,0.4395,0.6258,0.6258,0,1,55.4
29.01,86.63,178.03,296.53,29.99,98.0,2.72,0.44,29.97,1290.0,94.1,1,1,0.531,0.7618,0.7618,0,1,48.7
3.46,10.15,17.8,54.61,5.51,46.01,0.86,-0.07,9.95,1840.8,70.3,3,3,0.2414,0.3202,0.3202,0,0,82.0
18.84,38.74,68.25,128.21,20.96,90.12,1.68,0.3,42.39,1381.1,10.0,2,2,0.4492,0.7348,0.7348,0,1,63.7
2.91,18.86,35.43,72.5,0.0,40.29,1.84,-0.06,24.3,1482.3,76.6,0,1,0.2416,0.3805,0.3805,0,0,79.9
85.52,167.84,350.86,695.16,104.99,98.0,2.98,0.91,18.96,1279.1,51.2,3,5,0.7557,1.0,1.0,1,1,47.3
21.4,42.0,93.54,208.93,6.85,96.28,1.75,0.38,38.99,2390.9,97.6,0,2,0.4483,0.7558,0.7558,0,1,61.5
62.75,144.41,233.17,431.55,94.16,98.0,3.08,0.71,19.67,1717.2,10.0,4,4,0.6991,0.8367,0.8367,1,1,43.2
1.43,15.21,38.05,78.88,0.0,67.1,1.95,-0.16,43.9,2125.9,253.6,2,1,0.2883,0.6156,0.6156,0,0,76.8
1.17,4.5,21.82,60.92,6.04,47.02,1.26,-0.18,32.86,1478.2,250.0,2,0,0.2117,0.4212,0.4212,0,0,81.3
134.77,260.13,421.05,751.45,150.0,98.0,6.2,2.29,31.38,1028.3,99.6,0,2,1.0,1.0,1.0,1,1,26.1
6.07,22.71,43.97,102.27,10.18,78.42,1.68,-0.11,13.47,2147.2,160.3,1,2,0.3197,0.4411,0.4411,0,0,64.0
5.67,26.77,60.21,105.71,0.0,80.55,0.96,-0.08,29.96,2009.7,69.1,0,2,0.2971,0.5988,0.5988,0,0,71.6
125.3,330.8,607.03,1077.46,150.0,98.0,2.72,0.83,13.58,1294.2,107.1,0,6,0.7987,1.0,1.0,1,1,36.5
5.74,24.44,56.34,117.31,7.57,64.96,2.13,0.05,36.21,1750.6,115.4,1,1,0.3312,0.5704,0.5704,0,0,59.8
6.35,24.11,49.98,101.8,18.98,87.95,1.73,0.0,12.98,904.2,52.4,0,0,0.3596,0.4112,0.4112,0,0,65.9
28.49,58.63,135.0,205.69,35.44,98.0,2.24,0.19,20.92,793.4,388.9,0,1,0.433,0.6367,0.6367,0,1,57.0
11.95,23.93,65.02,111.32,27.49,67.76,0.77,0.04,25.16,2096.0,110.7,1,2,0.2925,0.5305,0.5305,0,0,64.5
29.99,71.57,154.39,313.06,38.32,98.0,2.15,0.49,36.99,2304.2,559.2,1,0,0.4509,0.759,0.759,0,1,59.3
1.35,17.99,53.69,100.51,15.25,64.78,1.62,-0.01,30.78,1317.7,68.0,0,4,0.2874,0.6132,0.6132,0,0,70.5
131.17,334.47,613.16,1006.76,150.0,98.0,6.2,2.68,34.93,1736.0,10.0,1,0,1.0,1.0,1.0,1,1,24.2
0.68,1.85,6.34,30.04,18.52,58.61,1.61,-0.08,16.78,1933.5,43.2,2,3,0.289,0.3961,0.3961,0,0,73.1
1.29,10.23,22.86,69.91,1.25,58.6,1.74,-0.05,16.54,1981.0,126.2,0,3,0.2679,0.4144,0.4144,0,0,74.7
47.38,99.55,200.27,363.9,52.78,98.0,2.96,0.44,21.7,1543.8,289.4,0,5,0.5512,0.8428,0.8428,0,1,54.5
3.0,17.85,33.46,62.83,0.0,63.47,1.57,-0.17,8.67,1761.9,114.6,3,5,0.2941,0.438,0.438,0,0,70.4
15.2,43.14,81.54,161.48,24.38,73.25,1.87,0.12,37.91,1834.1,76.6,3,0,0.3945,0.608,0.608,0,0,69.8
10.59,34.45,76.93,164.1,16.32,69.5,1.76,0.07,21.32,920.4,10.1,0,4,0.3435,0.5792,0.5792,0,0,63.8
8.53,22.65,46.11,72.67,14.68,54.01,1.1,0.03,10.43,1814.4,18.8,1,3,0.2791,0.381,0.381,0,0,65.4
46.02,127.56,272.33,421.43,77.85,98.0,3.16,0.91,39.4,1592.9,10.0,1,2,0.6507,0.9824,0.9824,1,1,48.7
0.44,11.6,34.88,101.64,7.33,73.17,1.04,-0.17,42.84,1374.5,149.0,6,1,0.3117,0.6202,0.6202,0,1,63.4
21.8,60.86,108.09,179.48,38.13,98.0,1.8,0.21,31.28,1181.9,213.4,0,1,0.4226,0.6867,0.6867,0,1,62.5
66.15,155.76,256.5,466.69,83.72,98.0,2.98,0.67,20.84,1802.6,21.6,1,0,0.6673,0.7546,0.7546,1,1,49.9
16.43,50.96,93.26,197.33,9.64,75.01,1.39,0.16,22.9,1025.2,47.2,3,0,0.388,0.5072,0.5072,0,0,63.4
55.24,125.94,199.58,410.85,52.26,98.0,2.68,0.46,17.22,2087.9,78.3,2,4,0.6087,0.7761,0.7761,1,1,49.4
1.07,8.91,37.01,81.83,19.24,64.74,1.72,-0.08,33.61,1033.5,18.5,0,2,0.2907,0.5554,0.5554,0,0,76.3
10.85,24.58,42.26,108.27,25.09,62.86,1.16,0.08,20.82,2023.2,64.6,3,2,0.326,0.4542,0.4542,0,0,67.5
6.03,12.27,33.66,78.7,16.01,63.22,1.41,-0.16,9.17,2098.7,408.7,2,0,0.2463,0.2915,0.2915,0,0,72.8
26.25,61.73,140.98,194.71,42.6,98.0,1.2,-0.0,9.66,2300.4,152.4,0,2,0.3938,0.584,0.584,0,0,64.1
79.58,161.78,339.23,700.73,48.9,98.0,3.71,1.37,30.13,1514.4,21.9,2,2,0.8134,0.9901,0.9901,1,1,45.9
5.93,22.12,42.32,108.13,11.53,63.72,0.51,-0.09,18.45,855.1,12.5,0,1,0.2473,0.4078,0.4078,0,0,70.7
21.24,58.46,122.91,195.71,15.43,98.0,2.29,0.01,14.07,1868.2,70.7,0,1,0.4422,0.5672,0.5672,0,0,61.5
4.42,20.05,49.19,133.42,12.26,74.85,1.28,-0.12,27.89,1216.3,530.3,5,3,0.2802,0.5828,0.5828,0,0,65.8
16.66,31.35,60.53,127.01,12.03,74.08,1.78,-0.04,18.02,903.0,189.2,1,3,0.3445,0.5156,0.5156,0,0,62.0
12.47,34.61,87.33,192.05,28.33,95.26,2.25,-0.08,10.64,2162.0,41.6,2,0,0.4273,0.4586,0.4586,0,0,65.9
101.61,259.01,508.85,859.63,104.05,98.0,3.01,0.77,14.97,980.6,10.0,1,4,0.7691,1.0,1.0,1,1,36.7
18.76,50.25,119.73,189.44,16.69,98.0,2.38,0.38,36.0,1585.5,63.6,2,1,0.4977,0.7388,0.7388,0,1,59.0
98.25,210.42,388.24,615.22,93.47,98.0,5.42,2.18,38.67,2051.0,21.0,3,1,1.0,1.0,1.0,1,1,23.3
2.42,15.63,43.83,112.98,0.0,56.93,1.11,-0.07,39.4,1078.5,23.9,2,2,0.2702,0.5882,0.5882,0,0,82.6
3.28,19.57,44.8,125.55,7.43,91.21,1.12,-0.02,27.25,2229.4,21.3,4,2,0.3736,0.5882,0.5882,0,0,69.2
5.11,21.4,48.94,125.68,16.57,64.95,1.41,-0.06,42.23,1297.1,152.6,1,2,0.2822,0.6396,0.6396,0,1,72.0
5.78,23.31,54.36,103.36,3.5,84.63,1.82,0.02,13.46,1404.1,10.0,4,1,0.4017,0.4411,0.4411,0,0,65.5
38.02,90.24,197.29,401.73,23.02,98.0,2.69,0.54,32.42,967.0,99.8,1,2,0.5605,0.8349,0.8349,0,1,48.3
16.48,42.73,67.34,153.83,19.62,85.05,2.08,0.21,33.35,1813.4,167.6,2,0,0.4197,0.5873,0.5873,0,0,63.8
131.58,359.13,560.22,801.36,100.82,98.0,2.89,0.66,9.91,1567.3,20.4,2,1,0.8365,1.0,1.0,1,1,34.0
2.44,19.39,55.2,87.82,2.0,67.95,0.85,-0.05,18.17,2357.4,268.1,0,2,0.2328,0.4631,0.4631,0,0,80.7
39.34,89.18,147.18,274.12,36.38,98.0,3.16,0.82,42.17,1902.2,10.0,2,4,0.6348,0.9116,0.9116,1,1,48.6
89.4,200.51,304.86,489.85,88.58,98.0,5.18,1.83,35.33,2002.3,137.8,3,3,0.9434,1.0,1.0,1,1,25.4
1.4,7.24,11.71,47.07,0.19,58.71,1.05,-0.07,9.97,1078.5,22.6,3,1,0.2798,0.2885,0.2885,0,0,77.9
107.77,264.03,380.74,565.93,139.05,98.0,4.03,1.62,27.47,1926.1,196.8,2,2,0.8996,1.0,1.0,1,1,29.0
15.69,45.17,105.74,222.96,19.79,98.0,2.27,0.28,31.35,1669.7,101.7,0,1,0.4502,0.6844,0.6844,0,1,56.4
86.94,229.74,435.41,837.67,95.7,98.0,5.8,2.08,43.03,1416.3,106.8,1,2,0.9744,1.0,1.0,1,1,27.6
70.75,157.95,250.07,378.4,72.39,98.0,3.85,1.27,33.79,2041.4,51.0,0,1,0.7636,0.8804,0.8804,1,1,39.1
13.26,38.73,75.01,173.56,3.04,86.54,1.62,0.02,30.99,2364.6,40.0,0,4,0.3726,0.7019,0.7019,0,1,64.6
3.63,23.42,66.19,117.78,21.23,91.67,1.71,-0.11,40.71,906.4,74.7,3,4,0.3754,0.7832,0.7832,0,1,60.6
58.26,161.93,302.39,477.61,64.94,98.0,4.05,1.04,31.79,2051.7,170.1,2,1,0.7221,0.9283,0.9283,1,1,39.4
37.94,111.0,225.15,442.69,47.72,98.0,3.3,0.79,41.56,2267.1,22.1,1,2,0.6237,0.942,0.942,1,1,48.1
22.11,56.66,97.75,209.99,57.84,77.84,2.49,0.25,25.74,1270.1,203.3,0,3,0.415,0.6334,0.6334,0,1,56.4
12.41,31.68,67.72,171.58,29.53,88.58,1.7,0.08,33.87,1349.0,78.4,0,3,0.379,0.6917,0.6917,0,1,63.3
10.61,36.73,95.7,170.05,24.67,82.5,1.65,0.09,30.74,2061.4,72.2,2,1,0.3811,0.6239,0.6239,0,1,68.9
21.05,54.71,116.32,197.09,19.23,91.8,1.96,0.28,27.89,2323.5,10.0,0,2,0.4483,0.6823,0.6823,0,1,59.6
15.77,55.03,101.23,162.47,23.19,98.0,2.11,0.18,19.67,2299.2,15.9,3,0,0.4748,0.5555,0.5555,0,0,51.8
1.29,10.05,27.69,52.35,0.0,55.44,1.04,-0.09,40.54,841.8,67.9,3,3,0.2636,0.6034,0.6034,0,0,76.6
14.37,44.74,97.79,177.87,22.27,98.0,1.2,0.11,17.72,2187.9,477.5,2,2,0.3528,0.5957,0.5957,0,0,60.8
32.84,87.1,154.27,314.55,54.92,98.0,1.94,0.15,13.74,1717.6,34.5,2,7,0.4942,0.7829,0.7829,0,1,60.2
12.3,37.65,91.77,181.85,22.1,98.0,1.17,0.14,33.63,1444.9,10.0,0,2,0.3913,0.7156,0.7156,0,1,66.1
1.07,9.48,42.48,75.59,28.49,71.61,1.81,-0.11,27.68,2145.1,68.7,2,1,0.3205,0.5038,0.5038,0,0,63.2
157.31,350.78,562.7,762.26,150.0,98.0,4.44,1.57,17.46,2070.7,10.0,1,1,1.0,1.0,1.0,1,1,23.2
4.5,18.1,50.17,112.31,13.25,79.04,1.75,0.06,39.33,1590.4,49.2,1,0,0.3522,0.5973,0.5973,0,0,71.4
5.98,30.66,73.39,154.85,8.0,64.44,1.09,-0.11,18.3,1427.7,52.4,0,0,0.2669,0.4165,0.4165,0,0,70.7
3.6,18.46,41.71,110.96,29.09,85.49,1.63,-0.18,10.3,1529.6,10.0,2,1,0.3503,0.4027,0.4027,0,0,61.1
8.02,19.7,43.96,101.98,10.62,74.25,1.89,-0.05,8.55,1275.3,181.5,1,2,0.3285,0.3901,0.3901,0,0,72.7
28.27,68.68,136.07,269.41,18.87,98.0,2.79,0.61,41.22,1872.9,292.8,1,0,0.5222,0.7705,0.7705,0,1,54.4
14.65,31.35,71.04,141.53,9.75,89.0,1.41,0.0,22.48,2221.9,800.0,1,2,0.2786,0.5759,0.5759,0,0,77.6
4.59,16.13,45.01,69.08,33.37,58.8,1.76,-0.01,15.69,1163.3,85.3,1,5,0.2966,0.4951,0.4951,0,0,70.1
42.05,97.82,191.46,318.59,50.42,98.0,2.37,0.63,28.42,2112.1,43.9,1,1,0.5736,0.7657,0.7657,0,1,52.1
42.34,97.52,225.46,445.21,56.07,98.0,2.99,0.58,25.56,1345.2,151.7,1,2,0.5823,0.8145,0.8145,0,1,52.5
40.89,103.49,183.92,381.81,53.21,98.0,3.02,1.03,43.99,967.5,160.0,1,1,0.6242,0.8811,0.8811,1,1,49.9
5.46,17.35,48.12,108.33,10.04,76.94,1.38,-0.01,39.99,816.8,57.2,1,0,0.3257,0.5941,0.5941,0,0,63.5
12.0,38.21,64.96,146.08,13.63,67.18,1.57,-0.04,17.76,1540.9,100.1,0,3,0.3104,0.4996,0.4996,0,0,64.5
83.98,189.26,304.59,577.91,72.2,98.0,4.1,1.46,33.12,1687.7,207.0,4,2,0.846,0.9716,0.9716,1,1,30.4
29.57,81.7,139.22,196.94,25.23,92.83,2.1,0.23,21.94,760.0,25.2,3,2,0.5015,0.6656,0.6656,0,1,64.3
0.55,12.72,31.53,81.09,0.0,45.24,1.28,-0.01,21.12,1826.8,10.0,2,2,0.2556,0.3942,0.3942,0,0,67.5
108.85,284.17,433.94,686.84,89.73,98.0,3.85,1.35,21.22,1605.6,93.1,3,1,0.8913,1.0,1.0,1,1,29.3
12.47,28.7,72.36,177.43,1.67,98.0,2.49,0.22,31.01,2395.7,131.0,2,0,0.4615,0.611,0.611,0,0,60.3
157.24,407.68,769.89,1051.54,150.0,98.0,6.19,2.48,27.37,922.5,102.7,2,2,1.0,1.0,1.0,1,1,21.6
15.47,46.77,79.57,162.17,33.37,84.38,1.71,0.23,35.18,1913.3,108.8,2,2,0.4083,0.675,0.675,0,1,66.1
13.78,43.11,86.47,176.72,17.16,69.21,1.95,-0.08,13.51,1108.1,59.9,2,3,0.3575,0.4975,0.4975,0,0,66.3
2.23,13.12,33.3,76.46,9.95,66.0,1.44,0.01,23.32,1090.5,126.5,1,1,0.2892,0.442,0.442,0,0,70.5
21.39,67.04,137.99,222.25,39.05,98.0,2.33,0.37,38.97,780.9,10.0,2,6,0.5082,0.9348,0.9348,0,1,60.9
82.63,192.38,293.17,580.53,106.96,98.0,1.81,0.27,8.11,760.8,19.7,2,0,0.6275,0.6976,0.6976,1,1,41.5
9.57,30.72,72.26,179.85,9.18,71.63,1.76,0.02,30.45,1057.9,70.6,1,2,0.3425,0.5924,0.5924,0,0,62.5
29.89,65.02,129.46,217.45,22.23,76.88,2.07,0.5,36.29,1039.6,343.7,0,3,0.4198,0.7538,0.7538,0,1,67.2
66.75,172.54,289.46,613.6,82.12,98.0,2.64,0.69,21.82,750.7,124.1,2,1,0.6523,0.8327,0.8327,1,1,43.6
4.56,13.14,37.99,64.45,0.0,67.85,1.46,-0.0,39.81,1933.3,52.7,2,0,0.3185,0.5549,0.5549,0,0,65.3
14.82,41.4,82.45,175.87,30.41,76.23,2.38,0.14,34.48,1581.1,73.5,3,4,0.425,0.7101,0.7101,0,1,65.8
6.77,17.2,37.66,86.54,0.0,62.69,1.92,-0.06,29.82,1403.6,224.2,3,2,0.3145,0.5201,0.5201,0,0,64.9
31.49,82.84,147.46,244.04,27.81,96.91,2.16,0.14,15.14,921.3,93.8,3,2,0.4998,0.6327,0.6327,0,1,56.3
122.86,255.35,380.72,752.65,116.49,98.0,6.16,2.27,32.12,1300.9,10.0,2,2,1.0,1.0,1.0,1,1,22.9
20.13,56.88,126.79,193.15,8.47,80.44,2.01,0.37,38.02,1526.5,64.7,1,1,0.4347,0.7143,0.7143,0,1,64.7
31.98,86.28,130.03,221.8,32.45,98.0,3.1,0.48,34.28,2396.8,58.9,2,0,0.5739,0.7075,0.7075,0,1,55.7
10.08,35.09,94.79,234.66,24.43,98.0,1.81,0.02,28.69,1592.5,276.2,1,2,0.3763,0.6798,0.6798,0,1,66.7
49.32,93.58,156.75,256.21,46.17,98.0,3.39,0.85,33.72,782.2,43.7,1,4,0.6585,0.8558,0.8558,1,1,52.0
15.23,32.83,68.14,106.09,16.82,71.25,1.7,0.09,43.17,1092.8,10.0,0,1,0.3584,0.6581,0.6581,0,1,62.6
3.44,15.14,46.59,108.81,18.72,75.35,1.17,-0.03,8.39,1335.0,52.6,3,2,0.3267,0.395,0.395,0,0,66.6
88.09,193.21,400.48,576.44,82.47,98.0,4.33,1.63,31.9,1502.3,10.0,1,2,0.88,1.0,1.0,1,1,41.6
31.53,73.91,158.38,340.91,63.25,98.0,2.45,0.48,36.55,1862.6,214.3,1,2,0.5126,0.8204,0.8204,0,1,59.3
7.62,17.81,44.38,94.02,24.91,72.64,1.59,-0.07,31.0,1724.5,107.1,3,1,0.3383,0.5356,0.5356,0,0,71.4
38.92,79.53,152.14,281.07,49.45,98.0,1.79,0.4,17.83,1590.3,76.0,1,2,0.5121,0.663,0.663,0,1,60.2
47.32,97.67,165.05,302.41,54.88,98.0,3.68,0.98,37.62,2132.5,53.5,2,1,0.6884,0.8071,0.8071,1,1,50.8
6.48,18.66,53.05,127.04,11.9,57.39,1.49,-0.01,40.88,1073.8,64.9,5,2,0.3286,0.6126,0.6126,0,0,72.9
82.11,232.94,416.81,656.03,62.7,98.0,4.45,1.45,32.61,878.5,186.1,3,1,0.8486,1.0,1.0,1,1,32.9
3.03,7.82,29.92,48.06,4.89,70.62,1.15,-0.05,26.4,2133.0,23.8,1,3,0.2959,0.5355,0.5355,0,0,65.4
4.51,14.59,45.12,79.13,5.74,85.8,1.79,0.03,21.19,1512.6,10.0,2,0,0.3815,0.4649,0.4649,0,0,69.5
4.07,14.94,35.31,80.77,8.77,69.96,1.79,-0.06,19.88,1663.0,99.0,0,1,0.3042,0.4281,0.4281,0,0,77.0
44.88,110.86,225.13,404.55,25.79,98.0,3.29,0.79,34.04,2131.7,235.0,6,3,0.6616,0.9118,0.9118,1,1,51.3
21.24,62.03,135.05,278.98,25.39,98.0,2.58,0.31,29.86,2310.6,99.1,1,3,0.4913,0.7683,0.7683,0,1,60.5
3.3,8.38,22.07,48.92,24.43,77.22,1.64,-0.01,13.65,1660.8,190.8,1,1,0.3146,0.3824,0.3824,0,0,76.0
11.61,42.24,95.71,213.51,12.13,83.44,0.8,-0.03,13.08,2090.2,267.9,2,3,0.3097,0.5452,0.5452,0,0,71.6
19.11,44.19,96.48,191.63,14.12,98.0,1.4,0.06,10.56,1648.9,10.0,2,6,0.4304,0.6568,0.6568,0,1,57.2
1.74,15.14,37.67,76.51,6.11,59.5,0.69,-0.03,32.61,805.0,106.8,1,4,0.2388,0.5935,0.5935,0,0,77.4
42.81,88.15,157.4,316.71,63.08,98.0,1.86,0.34,19.32,2327.2,214.6,3,2,0.521,0.6813,0.6813,0,1,58.0
32.55,84.59,143.53,291.68,23.36,98.0,1.63,0.06,8.73,2099.3,123.8,1,3,0.4487,0.6097,0.6097,0,0,60.0
14.07,39.29,62.07,107.82,23.96,72.46,2.04,-0.03,20.16,1993.1,107.4,1,2,0.3585,0.5,0.5,0,0,67.2
141.11,378.17,802.8,1422.83,144.21,98.0,6.2,2.8,37.96,1479.0,186.2,1,4,1.0,1.0,1.0,1,1,31.9
10.82,28.37,74.94,134.73,25.53,66.91,1.9,0.06,16.92,2305.2,147.4,1,2,0.3348,0.4743,0.4743,0,0,71.3
82.84,206.73,314.57,505.76,74.96,98.0,4.5,1.4,30.81,1558.2,83.6,2,1,0.8516,0.9353,0.9353,1,1,38.2
140.53,318.49,677.09,1358.05,122.72,98.0,4.75,1.85,23.83,1939.3,10.0,3,0,1.0,1.0,1.0,1,1,22.5
80.13,181.01,352.83,579.17,111.15,98.0,4.57,1.15,27.76,916.0,114.0,1,4,0.8093,1.0,1.0,1,1,30.8
3.63,13.28,29.92,88.37,21.86,95.07,1.22,-0.06,29.45,1111.1,28.8,0,1,0.343,0.5683,0.5683,0,0,71.0
42.73,126.01,200.31,375.77,47.39,98.0,2.23,0.45,24.37,1449.9,35.2,0,0,0.542,0.7142,0.7142,0,1,50.2
11.15,23.75,56.98,92.28,16.63,75.71,1.41,-0.05,10.08,1709.1,136.6,2,1,0.3338,0.3923,0.3923,0,0,72.2
3.54,9.52,35.05,92.64,9.1,85.37,1.25,-0.07,28.44,2079.2,72.4,2,3,0.3356,0.5994,0.5994,0,0,61.9
0.25,4.62,30.2,56.83,19.58,49.9,1.2,-0.0,22.31,1147.4,151.4,0,1,0.2235,0.3851,0.3851,0,0,78.0
16.41,44.32,95.43,181.47,0.37,68.12,1.3,-0.07,15.2,2027.7,59.8,4,3,0.3536,0.5189,0.5189,0,0,72.1
14.99,39.79,75.57,142.98,8.85,76.67,1.79,0.24,40.27,2218.5,244.9,1,2,0.3676,0.6892,0.6892,0,1,69.6
25.41,59.59,101.27,175.94,27.91,96.11,1.67,0.36,34.5,2100.4,66.8,3,3,0.4859,0.7589,0.7589,0,1,58.0
152.09,404.13,660.5,1240.73,150.0,98.0,4.73,1.54,18.23,1777.0,81.7,0,2,1.0,1.0,1.0,1,1,30.3
1.65,7.22,15.76,57.54,2.2,52.81,0.76,-0.16,27.4,2086.5,16.2,1,3,0.2256,0.4763,0.4763,0,0,73.7
26.3,70.59,135.93,263.08,50.99,95.96,2.41,0.59,42.67,2197.9,84.0,3,1,0.5414,0.8062,0.8062,0,1,53.2
4.15,16.22,26.98,78.13,17.13,69.31,1.84,-0.17,16.84,1665.9,32.9,1,1,0.3138,0.3917,0.3917,0,0,75.0
39.06,90.68,178.49,317.91,60.76,98.0,3.27,0.82,42.11,2086.8,172.8,1,1,0.6073,0.8594,0.8594,1,1,45.8
87.52,223.07,435.32,808.81,75.98,98.0,4.45,1.55,32.6,1444.9,150.2,0,3,0.8477,1.0,1.0,1,1,32.4
15.57,51.1,118.58,278.73,10.75,98.0,2.58,0.06,27.47,1612.1,10.0,3,5,0.484,0.7891,0.7891,0,1,56.8
24.77,68.98,146.83,289.43,39.02,98.0,2.61,0.52,43.4,836.8,81.7,0,1,0.515,0.831,0.831,0,1,58.3
7.55,20.36,47.16,107.04,16.25,47.92,1.98,-0.03,20.01,2207.8,10.0,2,0,0.3081,0.3519,0.3519,0,0,73.2
12.74,39.34,73.49,143.55,37.33,71.38,1.87,-0.04,18.02,981.6,101.1,1,2,0.3446,0.4938,0.4938,0,0,63.8
125.17,279.65,561.66,1042.27,150.0,98.0,4.44,1.44,20.23,1205.7,278.3,0,2,0.9129,1.0,1.0,1,1,29.9
12.3,27.97,65.46,179.13,36.25,94.35,1.1,0.14,35.03,1273.8,242.2,3,2,0.3787,0.6844,0.6844,0,1,66.6
8.86,30.95,78.95,136.6,19.87,96.09,1.37,-0.08,20.13,941.2,33.5,1,2,0.3723,0.5866,0.5866,0,0,67.6
13.63,37.33,57.71,115.6,19.39,94.05,1.25,0.0,11.7,2270.9,18.1,1,0,0.3843,0.4275,0.4275,0,0,75.2
35.23,74.45,132.8,231.56,44.72,84.66,2.29,0.47,31.2,2350.6,187.9,0,1,0.4785,0.6789,0.6789,0,1,65.7
8.17,28.24,53.47,119.44,22.24,80.9,1.95,-0.0,16.03,2177.6,94.8,2,3,0.372,0.5101,0.5101,0,0,64.1
3.82,17.13,52.35,76.61,5.88,70.36,1.18,-0.12,8.15,1321.5,66.2,3,2,0.3063,0.3862,0.3862,0,0,69.0
158.71,400.19,596.77,1157.56,150.0,98.0,3.34,1.36,15.17,841.1,199.6,2,2,0.9704,1.0,1.0,1,1,29.1
34.97,81.76,130.36,260.89,41.88,94.86,2.45,0.58,37.49,1051.8,34.9,1,2,0.5488,0.7849,0.7849,0,1,58.5
2.12,13.38,26.25,60.07,7.04,56.97,0.81,-0.1,41.85,2024.0,30.5,2,1,0.2529,0.5564,0.5564,0,0,75.1
5.49,23.73,48.51,73.95,18.58,64.16,1.04,-0.12,31.83,1221.9,113.6,0,1,0.2537,0.5236,0.5236,0,0,74.7
3.06,11.52,31.5,96.22,3.16,64.71,1.82,-0.16,19.18,2222.8,38.2,1,4,0.2995,0.4931,0.4931,0,0,74.3
8.55,22.1,51.58,83.06,9.77,61.65,1.75,0.01,23.71,2128.0,66.8,4,5,0.3471,0.5754,0.5754,0,0,69.1
11.97,30.23,68.15,133.64,16.11,88.31,1.58,-0.07,15.0,1141.0,72.8,2,2,0.3776,0.5106,0.5106,0,0,63.0
27.63,56.21,109.8,150.74,37.54,74.83,2.07,0.48,39.71,1894.2,27.5,2,1,0.4704,0.6914,0.6914,0,1,60.3
21.06,48.15,96.57,170.6,32.68,94.75,2.23,0.32,31.96,1479.8,10.0,1,3,0.4806,0.729,0.729,0,1,61.3
149.42,291.38,493.46,796.18,150.0,98.0,3.35,0.82,11.04,1104.7,174.6,1,1,0.8862,0.9958,0.9958,1,1,35.9
8.69,29.75,55.54,146.38,13.46,93.08,1.89,0.09,21.21,1723.7,183.7,3,2,0.4046,0.5582,0.5582,0,0,64.4
36.83,76.81,156.22,332.61,52.53,98.0,2.75,0.47,27.37,2131.6,109.5,0,3,0.5425,0.7743,0.7743,0,1,58.7
12.75,35.31,76.84,174.16,29.05,84.82,1.8,0.09,36.7,2279.2,19.3,2,4,0.4047,0.7451,0.7451,0,1,63.4
77.36,153.79,300.19,451.43,63.53,98.0,4.8,1.73,41.14,846.9,77.6,1,0,0.8751,0.9704,0.9704,1,1,27.7
156.09,422.92,768.32,1037.44,150.0,98.0,3.81,1.02,12.78,1440.9,23.5,3,3,0.9839,1.0,1.0,1,1,25.6
2.7,9.12,27.03,73.81,0.0,71.08,1.05,0.01,38.04,1747.3,255.7,1,4,0.267,0.6564,0.6564,0,1,63.3
22.55,48.96,88.06,161.03,14.03,82.84,1.89,0.05,10.37,1307.7,143.4,4,1,0.4286,0.4525,0.4525,0,0,64.0
7.86,19.14,45.3,109.56,0.31,76.79,1.02,-0.09,16.66,1274.1,10.0,3,3,0.3335,0.4936,0.4936,0,0,64.7
23.19,43.41,90.8,170.45,26.47,80.49,1.75,-0.02,8.76,2023.7,10.0,3,1,0.4197,0.4364,0.4364,0,0,55.8
1.44,7.46,16.06,43.58,18.74,64.94,1.22,-0.01,10.3,2041.1,494.4,0,0,0.2134,0.2838,0.2838,0,0,70.7
3.84,9.02,26.32,40.05,16.79,59.04,1.9,-0.17,9.17,1952.7,10.0,4,4,0.3255,0.3908,0.3908,0,0,70.5
38.72,74.89,148.14,277.24,62.84,98.0,1.5,0.27,13.26,2232.6,241.1,2,3,0.4735,0.6515,0.6515,0,1,54.6
5.15,20.69,32.67,68.38,0.48,76.71,1.01,-0.02,39.56,1566.3,374.3,4,0,0.2943,0.5712,0.5712,0,0,68.4
36.29,68.74,120.54,203.37,37.23,88.52,1.62,0.31,18.22,2049.9,44.2,0,6,0.4626,0.7209,0.7209,0,1,60.9
6.55,20.66,53.77,149.16,17.99,83.24,1.58,-0.08,25.27,768.5,93.2,1,1,0.3391,0.5309,0.5309,0,0,64.2
20.59,63.18,148.9,247.98,49.11,98.0,1.78,0.19,25.54,2379.3,125.1,3,0,0.4586,0.6607,0.6607,0,1,61.3
100.83,236.01,498.84,739.79,114.55,98.0,5.97,2.52,43.83,2266.7,88.2,1,2,1.0,1.0,1.0,1,1,29.3
79.5,175.14,281.79,397.7,105.51,98.0,3.33,0.84,21.13,2138.2,28.8,2,2,0.7426,0.8478,0.8478,1,1,40.8
86.95,179.71,318.34,479.19,127.46,98.0,2.84,0.83,17.54,1719.8,104.5,2,1,0.7279,0.8338,0.8338,1,1,43.2
4.78,14.61,22.32,70.37,14.96,73.34,1.95,0.09,42.68,1647.9,35.9,3,0,0.3739,0.5741,0.5741,0,0,72.9
115.04,218.54,356.09,568.19,150.0,98.0,5.1,1.97,29.33,997.7,21.6,1,1,1.0,0.9743,1.0,1,1,26.3
7.25,33.22,80.1,152.48,15.86,78.38,0.99,0.05,18.42,839.0,84.5,0,1,0.3084,0.4947,0.4947,0,0,71.3
21.18,53.75,89.98,187.53,7.96,98.0,1.54,0.18,18.35,1172.2,55.8,1,3,0.4381,0.6212,0.6212,0,1,70.3
141.39,337.25,552.94,1003.61,122.16,98.0,3.47,0.74,11.11,999.1,10.0,1,3,0.8861,1.0,1.0,1,1,32.8
40.99,96.42,215.88,465.45,79.44,98.0,3.17,0.64,28.05,1675.4,358.7,0,1,0.5548,0.7926,0.7926,0,1,54.3
29.05,68.28,159.61,318.9,35.61,98.0,2.66,0.46,34.05,1298.7,10.0,1,2,0.5418,0.8019,0.8019,0,1,58.4
31.07,76.71,152.83,219.85,42.49,98.0,2.94,0.3,25.09,1390.0,279.9,1,2,0.5067,0.7219,0.7219,0,1,55.7
21.87,51.37,104.46,205.18,10.0,76.72,2.13,0.25,39.84,793.5,25.2,1,3,0.4302,0.7512,0.7512,0,1,57.9
6.03,20.07,45.5,120.04,16.36,80.82,1.79,0.01,25.42,1655.2,18.4,1,2,0.3611,0.5453,0.5453,0,0,55.5
47.55,124.62,185.47,295.41,81.02,98.0,2.32,0.48,20.47,1832.7,10.0,1,3,0.574,0.7548,0.7548,0,1,60.3
22.22,49.97,111.33,203.1,9.04,91.57,1.47,0.19,17.03,1301.8,66.6,2,3,0.4327,0.6187,0.6187,0,0,58.8
16.44,45.82,85.99,178.62,26.66,90.33,1.46,0.13,16.76,966.6,106.1,2,3,0.4036,0.5821,0.5821,0,0,62.7
2.35,6.28,23.97,71.31,8.95,39.95,0.92,-0.04,19.39,1911.2,280.9,1,0,0.1832,0.2963,0.2963,0,0,71.3
11.85,35.64,78.66,189.03,20.71,85.08,1.35,0.23,43.71,962.8,183.8,1,2,0.3658,0.7441,0.7441,0,1,68.4
12.34,32.07,61.46,129.21,38.59,79.42,0.76,0.11,20.99,2097.8,20.9,1,4,0.3377,0.5854,0.5854,0,0,73.1
39.99,99.04,146.64,257.82,48.75,94.28,2.31,0.56,26.89,1650.9,22.0,3,4,0.5728,0.7783,0.7783,0,1,59.9
15.82,30.18,56.07,156.88,16.57,98.0,1.54,0.06,17.89,1141.8,10.0,0,2,0.4084,0.546,0.546,0,0,68.3
83.51,170.61,281.55,477.03,90.85,98.0,3.03,0.6,13.17,2232.9,139.7,5,0,0.7307,0.7239,0.7307,1,1,42.7
75.27,182.22,392.6,572.28,96.95,98.0,3.39,1.33,31.25,983.9,10.0,2,4,0.7856,1.0,1.0,1,1,45.2
2.35,7.04,27.01,66.1,8.31,56.58,1.13,-0.14,27.63,1742.0,17.9,1,5,0.2538,0.5625,0.5625,0,0,72.0
10.98,30.52,68.02,148.78,25.53,79.89,1.27,-0.1,10.44,1768.9,120.8,2,1,0.3342,0.4204,0.4204,0,0,70.5
0.86,11.55,21.16,41.71,0.0,65.43,1.39,0.01,39.78,811.6,19.5,3,2,0.3162,0.5873,0.5873,0,0,69.1
26.93,66.47,144.3,206.12,30.28,98.0,1.79,0.4,26.28,1756.0,20.0,1,2,0.4897,0.721,0.721,0,1,60.2
50.04,118.75,230.13,386.69,53.98,98.0,2.91,0.4,20.07,1895.5,32.0,0,0,0.5863,0.7162,0.7162,0,1,49.0
129.38,258.03,484.03,951.17,125.39,98.0,6.2,2.67,36.06,2251.7,58.4,4,2,1.0,1.0,1.0,1,1,15.0
99.12,260.39,549.05,990.89,109.46,98.0,2.93,0.7,12.04,1919.7,10.0,4,2,0.782,1.0,1.0,1,1,45.5
6.91,17.31,40.27,80.3,0.0,75.47,1.13,0.0,25.06,1549.3,164.5,4,2,0.3318,0.521,0.521,0,0,61.8
48.33,135.93,296.3,555.1,44.75,98.0,3.22,0.64,27.76,2157.9,178.4,1,3,0.6094,0.9486,0.9486,1,1,53.9
28.05,51.8,121.67,209.74,41.45,98.0,3.02,0.41,35.9,1333.7,54.8,1,0,0.5436,0.7103,0.7103,0,1,66.0
32.69,65.3,141.69,287.94,32.27,98.0,1.8,0.27,21.33,2161.6,192.0,1,4,0.4689,0.7382,0.7382,0,1,56.5
100.71,258.51,441.84,738.87,91.81,98.0,6.16,2.24,38.78,2142.6,40.2,2,1,1.0,1.0,1.0,1,1,27.3
65.83,164.58,332.39,498.51,78.32,98.0,3.19,1.08,33.12,1746.0,509.6,1,2,0.6525,1.0,1.0,1,1,47.8
25.94,79.61,177.05,293.84,27.8,98.0,2.05,0.52,35.76,1318.6,60.8,3,4,0.5248,0.8969,0.8969,0,1,55.9
7.27,17.69,38.19,112.31,2.92,55.82,1.51,0.03,42.89,1725.5,132.6,1,2,0.2833,0.606,0.606,0,0,72.9
35.37,92.05,201.56,317.75,51.71,98.0,2.76,0.73,38.41,2244.7,46.7,0,0,0.573,0.828,0.828,0,1,59.0
6.61,21.46,59.13,106.31,23.41,75.9,1.5,-0.04,20.48,1800.3,71.9,2,2,0.3371,0.5087,0.5087,0,0,65.4
41.23,79.06,142.77,221.89,57.87,82.77,3.08,0.62,31.25,2136.0,124.3,2,1,0.5672,0.6862,0.6862,0,1,60.0
2.39,13.12,24.13,44.05,0.0,42.05,1.21,-0.1,39.27,1318.6,51.2,3,0,0.2454,0.4614,0.4614,0,0,74.6
24.33,69.09,147.8,281.98,35.79,95.78,2.46,0.25,26.9,1232.3,128.3,1,1,0.4785,0.6941,0.6941,0,1,56.2
15.56,43.18,69.91,163.18,33.02,61.36,2.03,0.1,32.58,1172.1,18.9,2,0,0.3712,0.5179,0.5179,0,0,56.7
129.57,277.8,496.23,675.58,124.58,98.0,3.21,1.06,14.2,1560.6,79.3,3,4,0.8878,1.0,1.0,1,1,33.2
5.54,18.24,53.13,74.72,0.0,54.2,1.65,-0.08,37.37,1462.8,38.2,0,1,0.2727,0.5457,0.5457,0,0,69.8
0.25,12.46,36.15,78.53,4.38,76.03,1.22,-0.18,35.27,2159.5,303.1,1,1,0.2535,0.5692,0.5692,0,0,71.8
12.65,35.72,95.21,199.79,29.91,84.14,1.56,0.18,40.0,935.8,209.0,3,1,0.3865,0.702,0.702,0,1,66.6
7.17,26.19,68.84,149.57,1.85,65.07,1.22,0.05,33.57,1664.2,80.2,0,3,0.2893,0.6249,0.6249,0,1,68.1
112.03,242.77,480.41,723.69,148.32,98.0,6.2,2.42,39.57,1415.6,72.6,1,1,1.0,1.0,1.0,1,1,25.6
7.05,19.16,50.38,109.52,0.66,59.65,1.01,0.01,13.84,2297.0,215.5,1,3,0.2556,0.4293,0.4293,0,0,72.7
7.13,25.29,50.35,112.71,4.64,66.48,0.93,0.01,37.29,2050.8,140.7,2,4,0.2876,0.666,0.666,0,1,77.0
27.19,59.37,103.97,227.9,27.78,78.17,2.05,0.4,42.31,1465.0,138.0,1,1,0.4429,0.7144,0.7144,0,1,62.3
0.99,12.99,26.04,80.59,4.39,70.25,2.1,0.01,37.36,1807.0,95.4,3,4,0.3483,0.6474,0.6474,0,1,68.6
46.64,91.22,210.29,305.09,17.84,98.0,2.74,0.66,30.15,1980.2,238.0,2,6,0.5887,0.9526,0.9526,0,1,49.9
38.25,84.37,169.21,335.63,51.66,98.0,3.4,0.8,41.35,867.4,25.2,1,0,0.6286,0.812,0.812,1,1,49.5
143.08,302.02,581.16,863.06,150.0,98.0,3.61,0.81,11.4,1861.6,237.6,0,2,0.8629,1.0,1.0,1,1,39.7
17.99,39.21,86.02,142.92,25.75,81.27,0.94,0.03,8.61,980.2,88.3,3,1,0.367,0.4315,0.4315,0,0,68.2
44.57,113.4,207.99,387.64,36.24,98.0,3.56,1.07,42.75,1061.8,116.5,1,2,0.6664,0.9306,0.9306,1,1,51.8
4.1,21.75,57.3,106.48,4.34,78.77,1.94,-0.14,32.59,1511.0,393.8,2,1,0.3036,0.5813,0.5813,0,0,75.4
1.65,5.61,15.56,65.92,0.0,79.25,1.72,-0.06,12.11,2366.1,66.3,2,1,0.3398,0.3678,0.3678,0,0,68.6
5.48,15.48,43.75,99.56,13.47,72.66,1.35,0.04,20.24,2321.1,132.3,1,1,0.3102,0.4488,0.4488,0,0,76.1
31.65,77.51,146.95,292.1,45.61,98.0,1.95,0.58,34.96,2238.7,88.6,0,6,0.5074,0.9137,0.9137,0,1,54.1
0.71,10.77,34.07,57.32,23.13,77.13,1.09,-0.06,35.01,806.6,321.9,5,0,0.3004,0.5377,0.5377,0,0,73.3
84.03,237.15,437.39,861.05,92.91,98.0,2.75,0.52,14.12,2157.2,80.2,0,2,0.6691,0.9819,0.9819,1,1,53.4
107.8,268.84,562.98,976.75,94.4,98.0,4.47,1.52,24.93,2030.7,35.5,1,4,0.9216,1.0,1.0,1,1,26.1
38.72,107.84,223.47,421.84,62.45,98.0,2.83,0.69,37.06,1573.0,79.1,3,3,0.6062,0.934,0.934,1,1,52.5
14.74,53.59,115.44,200.75,18.59,93.8,2.28,0.33,42.8,1287.0,298.3,0,1,0.4183,0.7762,0.7762,0,1,60.4
1.32,6.57,22.7,91.96,0.0,57.25,1.55,-0.09,30.41,1996.7,83.3,3,2,0.2881,0.4914,0.4914,0,0,77.6
35.6,97.21,183.42,262.34,29.6,98.0,3.24,0.57,30.97,926.6,19.0,1,4,0.5927,0.8664,0.8664,0,1,53.8
18.27,60.82,91.58,175.63,27.07,64.41,1.0,0.11,24.9,1823.2,93.6,1,2,0.3204,0.5515,0.5515,0,0,72.9
2.44,16.79,30.28,93.03,4.93,79.3,1.08,-0.12,27.41,1858.6,58.8,3,2,0.3183,0.5383,0.5383,0,0,66.7
1.97,14.14,39.37,94.75,17.26,82.08,0.94,-0.11,11.56,1663.6,125.9,3,1,0.3095,0.4005,0.4005,0,0,68.9
48.08,111.7,210.29,344.09,72.42,98.0,2.57,0.39,20.59,2198.3,33.1,1,2,0.5749,0.7561,0.7561,0,1,43.7
141.1,348.42,690.77,1280.97,145.45,98.0,5.26,2.11,26.26,1294.3,46.7,1,3,1.0,1.0,1.0,1,1,19.5
35.36,79.95,150.42,228.67,47.12,98.0,2.14,0.35,17.9,1539.0,87.2,1,6,0.5122,0.7814,0.7814,0,1,59.0
42.24,109.35,234.73,387.16,47.77,98.0,2.28,0.47,20.95,2001.8,15.1,0,3,0.5479,0.8189,0.8189,0,1,56.1
16.96,49.42,111.74,225.17,25.48,96.9,2.73,0.29,42.96,1932.5,28.4,3,1,0.512,0.7816,0.7816,0,1,51.3
14.57,31.11,69.53,122.35,29.24,88.39,1.41,-0.07,8.19,1678.1,193.9,1,2,0.3507,0.458,0.458,0,0,67.8
11.26,25.72,52.55,73.84,12.59,50.79,1.45,-0.06,18.9,1199.0,336.1,0,4,0.2335,0.4776,0.4776,0,0,75.1
7.62,18.52,46.81,124.26,25.79,76.36,1.3,-0.04,29.02,1235.5,418.9,2,4,0.2848,0.6232,0.6232,0,1,79.3
11.4,36.28,71.89,151.75,14.75,79.09,1.27,0.08,18.04,1973.0,332.3,1,2,0.3125,0.5137,0.5137,0,0,75.5
75.78,172.09,292.64,403.27,88.95,98.0,3.71,1.38,32.35,759.5,341.7,0,1,0.7426,0.9209,0.9209,1,1,47.3
18.42,47.45,107.55,177.44,39.52,98.0,1.59,0.09,18.77,1827.0,206.5,3,2,0.4238,0.616,0.616,0,0,60.8
44.61,91.55,196.98,374.34,52.73,98.0,3.19,0.73,30.98,1159.7,159.6,0,2,0.6,0.823,0.823,0,1,47.8
87.46,168.02,329.35,522.64,127.42,98.0,5.07,1.88,38.6,1860.4,31.7,2,2,0.9438,1.0,1.0,1,1,31.1
18.68,40.16,94.39,168.57,22.91,89.57,1.55,0.28,31.71,1058.4,69.9,1,2,0.4211,0.6798,0.6798,0,1,58.7
129.05,312.88,554.99,1087.79,129.85,98.0,2.77,0.62,9.8,1371.1,60.9,2,5,0.8155,1.0,1.0,1,1,35.7
17.91,53.71,96.06,165.46,29.11,98.0,2.38,0.32,36.63,1993.8,157.3,2,1,0.4773,0.7148,0.7148,0,1,61.9
24.26,61.52,126.6,250.26,30.91,98.0,1.29,0.06,15.66,1996.1,77.4,0,4,0.4095,0.6744,0.6744,0,1,64.6
5.42,18.91,47.89,119.69,12.31,60.37,1.4,-0.06,30.85,1096.0,53.6,0,0,0.2756,0.4744,0.4744,0,0,65.8
14.36,37.4,70.66,148.79,22.41,85.96,1.89,0.03,31.28,1370.9,201.9,1,3,0.3754,0.6673,0.6673,0,1,67.5
2.2,7.13,14.8,72.33,13.26,58.88,1.8,-0.09,36.93,1579.1,166.3,0,3,0.264,0.5684,0.5684,0,0,69.4
146.94,405.17,800.76,1339.76,103.2,98.0,5.45,2.25,26.21,1719.1,55.2,0,2,1.0,1.0,1.0,1,1,21.8
92.74,237.44,450.55,815.11,122.84,98.0,3.67,1.13,21.53,1975.0,65.2,1,2,0.805,1.0,1.0,1,1,33.6
21.12,44.97,111.07,212.46,37.7,80.12,2.02,0.22,26.65,789.0,268.4,1,2,0.3951,0.6333,0.6333,0,1,61.8
60.13,134.46,215.4,374.88,79.48,98.0,3.47,0.97,27.65,940.3,158.3,0,0,0.6761,0.7588,0.7588,1,1,40.3
18.36,47.88,89.66,165.19,22.2,98.0,2.35,0.22,37.58,1010.2,140.5,2,2,0.4693,0.7446,0.7446,0,1,61.0
27.22,55.54,110.46,249.1,8.17,90.77,1.53,0.1,15.38,1064.6,149.3,0,3,0.4062,0.6022,0.6022,0,0,57.4
14.12,29.21,67.21,128.83,25.58,57.92,2.31,0.03,38.49,800.0,13.0,3,4,0.3761,0.6722,0.6722,0,1,67.3
20.11,51.98,100.52,178.6,45.67,75.04,1.13,0.07,21.17,2268.8,99.5,1,5,0.3497,0.6523,0.6523,0,1,70.1
99.45,249.3,363.22,707.38,117.03,98.0,5.38,1.86,34.78,1017.6,41.3,1,0,0.9742,0.9966,0.9966,1,1,28.0
5.87,17.63,46.34,104.62,17.1,54.9,1.11,-0.09,20.09,871.5,10.6,1,1,0.2645,0.4011,0.4011,0,0,73.6
8.98,20.85,37.36,92.05,22.27,54.91,1.6,0.08,33.52,1528.3,157.6,0,3,0.2815,0.5576,0.5576,0,0,66.8
12.79,33.19,83.85,125.02,16.24,57.47,1.16,0.16,36.77,2303.0,43.5,2,0,0.3197,0.5576,0.5576,0,0,73.6
0.93,9.66,29.9,59.55,0.0,58.14,1.64,-0.08,28.09,2341.2,44.5,0,4,0.2693,0.544,0.544,0,0,70.7
3.02,6.99,28.43,94.19,13.52,64.0,1.17,-0.09,30.3,1866.1,122.5,2,6,0.2748,0.6364,0.6364,0,1,72.5
6.48,17.43,35.43,75.64,23.36,45.71,1.81,-0.11,33.48,1044.3,131.7,0,2,0.2485,0.4991,0.4991,0,0,72.9
71.18,177.48,370.3,603.16,48.4,98.0,4.03,1.19,32.78,756.3,77.1,3,3,0.7916,1.0,1.0,1,1,43.4
118.34,321.96,521.24,1013.88,150.0,98.0,5.51,2.21,34.19,1302.8,97.6,2,1,1.0,1.0,1.0,1,1,27.5
89.04,171.57,305.78,519.04,103.81,98.0,5.32,2.0,38.59,957.0,226.8,3,4,0.9542,1.0,1.0,1,1,20.0
4.37,16.07,41.43,84.3,9.76,70.58,1.37,-0.12,15.94,1995.9,13.6,4,1,0.3331,0.4058,0.4058,0,0,75.9
18.87,46.52,90.49,178.14,21.46,74.49,2.1,0.06,15.73,2349.0,10.0,0,2,0.3893,0.505,0.505,0,0,66.8
6.59,25.46,55.26,132.04,15.49,79.45,1.74,-0.04,42.94,888.1,128.1,0,2,0.3277,0.6936,0.6936,0,1,67.3
143.0,309.0,541.36,839.24,145.81,98.0,6.2,2.8,38.65,1404.9,111.1,0,3,1.0,1.0,1.0,1,1,25.0
14.54,49.95,101.27,155.44,46.89,89.31,1.97,0.1,29.3,2239.1,24.7,1,2,0.4171,0.6683,0.6683,0,1,66.8
0.11,11.65,17.41,36.63,0.0,36.77,1.19,-0.18,8.29,1951.7,88.6,0,2,0.184,0.2506,0.2506,0,0,79.6
0.15,11.14,33.88,88.66,0.0,73.05,0.99,-0.11,38.77,2185.1,164.3,1,2,0.2625,0.6161,0.6161,0,0,74.7
4.95,12.62,47.67,126.51,12.9,81.32,1.36,0.04,35.06,2272.9,157.9,1,0,0.3243,0.5664,0.5664,0,0,70.9
0.75,2.1,19.72,49.29,6.76,53.9,1.73,-0.12,42.43,1430.8,108.7,1,3,0.2606,0.6044,0.6044,0,0,77.4
139.63,325.81,471.63,926.09,131.9,98.0,2.85,0.66,8.47,1894.5,16.8,2,1,0.8547,0.9486,0.9486,1,1,39.3
8.28,31.08,72.36,149.95,0.0,88.28,0.55,-0.11,9.03,1920.4,43.5,0,2,0.3021,0.4678,0.4678,0,0,71.3
32.45,72.78,150.27,244.76,19.81,80.59,2.06,0.24,26.63,1790.8,62.5,0,1,0.446,0.6523,0.6523,0,1,58.9
16.97,41.21,58.19,132.18,18.77,72.5,1.52,0.15,38.82,1287.5,186.3,3,2,0.3701,0.6446,0.6446,0,1,70.0
14.38,32.43,63.48,142.35,25.71,95.63,2.46,0.26,43.69,2123.1,94.2,2,0,0.4695,0.6948,0.6948,0,1,58.6
6.95,27.98,77.54,152.82,0.0,94.45,1.92,-0.11,19.52,2018.7,158.6,2,2,0.378,0.5754,0.5754,0,0,64.5
83.08,217.46,343.69,587.27,88.82,98.0,2.67,0.3,9.31,1484.6,308.5,1,2,0.6203,0.8289,0.8289,1,1,51.4
10.12,22.02,57.61,96.38,11.65,80.14,1.21,-0.02,15.04,1444.6,117.4,0,2,0.318,0.4751,0.4751,0,0,71.9
1.82,3.85,32.14,108.13,8.61,96.42,1.09,-0.07,39.57,767.8,32.5,3,3,0.3639,0.7158,0.7158,0,1,67.2
19.2,56.37,83.97,154.49,20.16,89.95,2.03,0.11,24.79,2141.7,18.0,1,4,0.4353,0.6728,0.6728,0,1,63.8
2.42,14.26,33.83,78.51,8.04,60.77,1.09,-0.05,38.72,1218.6,10.0,1,0,0.2714,0.5212,0.5212,0,0,71.6
8.47,32.37,72.97,153.25,16.25,87.34,1.53,0.03,23.98,1526.8,23.2,1,0,0.371,0.5256,0.5256,0,0,58.5
14.16,38.38,92.56,165.75,32.51,83.84,1.38,-0.1,9.92,1428.6,37.6,0,3,0.3457,0.5172,0.5172,0,0,67.9
41.46,103.44,176.3,278.46,43.17,98.0,2.36,0.66,30.23,1868.9,37.7,2,3,0.5857,0.8217,0.8217,0,1,50.8
111.74,257.05,533.36,856.94,142.36,98.0,4.35,1.36,23.68,1393.7,132.0,1,3,0.8965,1.0,1.0,1,1,30.8
24.23,72.62,144.09,281.21,27.76,98.0,2.31,0.3,25.69,1046.6,19.5,1,2,0.4961,0.716,0.716,0,1,49.2
98.72,201.13,329.43,509.32,112.32,98.0,6.2,2.3,42.16,2183.2,68.6,1,2,1.0,1.0,1.0,1,1,20.4
2.82,19.27,43.0,97.63,5.18,85.99,1.36,-0.07,24.45,1052.9,10.0,2,2,0.3488,0.549,0.549,0,0,57.1
6.42,26.99,72.82,118.21,8.01,71.2,2.06,0.09,36.67,796.9,36.3,2,3,0.3684,0.6718,0.6718,0,1,66.2
10.04,30.42,52.53,88.22,0.0,55.14,1.19,-0.13,10.12,1073.8,10.0,0,2,0.2653,0.3596,0.3596,0,0,76.2
10.96,40.24,90.66,180.64,8.65,93.09,1.35,-0.01,25.25,1501.0,148.4,2,3,0.3713,0.6634,0.6634,0,1,71.0
10.59,41.28,81.34,170.53,11.96,86.41,1.18,0.01,29.12,1448.3,52.5,5,2,0.3931,0.6343,0.6343,0,1,68.0
139.73,382.33,572.44,985.45,122.38,98.0,2.74,0.81,12.08,2063.9,78.5,2,1,0.8569,1.0,1.0,1,1,32.4
25.04,48.96,82.74,188.48,16.03,83.89,1.45,0.23,18.88,1071.6,172.0,3,2,0.4214,0.547,0.547,0,0,64.2
18.73,48.82,86.96,130.5,25.14,70.24,2.57,0.21,34.63,2029.8,238.5,2,0,0.405,0.58,0.58,0,0,63.1
7.4,21.07,43.03,91.9,20.25,83.28,1.63,-0.14,14.62,909.0,87.2,0,1,0.328,0.4327,0.4327,0,0,67.2
100.36,214.1,329.55,593.66,74.74,98.0,3.09,0.64,12.62,1531.5,125.9,1,1,0.7413,0.8082,0.8082,1,1,42.9
62.05,159.68,324.35,484.76,79.07,98.0,2.67,0.63,18.77,2177.8,159.8,2,1,0.6311,0.851,0.851,1,1,47.1
126.98,340.29,718.26,1064.65,123.76,98.0,6.2,2.8,38.92,1431.3,40.3,0,1,1.0,1.0,1.0,1,1,26.1
0.03,6.63,11.83,59.53,25.84,70.1,1.66,-0.19,35.47,2339.4,147.4,4,0,0.3096,0.4945,0.4945,0,0,74.2
20.23,49.12,101.42,218.91,39.27,82.79,1.6,0.22,35.96,1791.2,127.2,0,1,0.3886,0.6735,0.6735,0,1,59.6
1.05,13.86,29.3,70.22,25.32,78.65,0.73,-0.01,19.61,1998.5,70.2,1,1,0.2873,0.4429,0.4429,0,0,67.2
5.96,25.2,60.46,104.34,16.28,69.21,1.38,-0.02,11.56,1591.3,50.0,0,2,0.2997,0.4202,0.4202,0,0,74.8
1.23,13.2,34.98,67.56,0.0,79.68,1.84,-0.02,9.15,1459.1,436.4,3,5,0.3102,0.4891,0.4891,0,0,70.0
18.52,43.99,82.42,193.21,30.32,81.07,1.34,0.09,29.1,889.7,515.0,2,2,0.3243,0.6206,0.6206,0,1,70.5
23.2,59.96,132.12,213.65,1.81,95.95,2.0,0.37,33.28,947.9,142.5,3,1,0.4862,0.7264,0.7264,0,1,56.6
2.43,5.8,13.02,42.77,6.04,59.04,1.69,-0.18,21.6,1693.3,58.2,1,2,0.2755,0.414,0.414,0,0,69.3
9.68,25.83,59.99,118.32,11.85,96.75,1.02,-0.04,27.04,1762.5,167.1,2,3,0.3555,0.6505,0.6505,0,1,64.1
12.18,28.11,58.73,151.28,23.59,85.5,1.36,-0.02,18.04,2374.8,136.4,4,2,0.3789,0.5155,0.5155,0,0,63.9
9.21,37.35,72.29,127.21,16.51,74.97,1.31,-0.05,21.11,2165.3,94.5,1,1,0.3187,0.4972,0.4972,0,0,67.9
2.58,11.76,28.9,58.54,2.58,68.82,1.21,-0.06,34.27,2143.4,17.0,1,3,0.2933,0.5922,0.5922,0,0,69.9
10.86,24.34,42.74,103.56,0.95,50.92,1.06,0.03,33.86,1222.9,351.6,2,2,0.2422,0.5257,0.5257,0,0,72.7
27.82,79.26,166.9,354.57,23.55,98.0,1.58,0.07,9.01,1429.4,31.8,0,2,0.4382,0.6105,0.6105,0,0,59.2
1.47,10.34,22.81,62.95,4.58,47.16,1.14,-0.17,41.99,918.5,60.0,0,5,0.2135,0.6459,0.6459,0,1,73.5
1.67,17.53,42.66,86.04,0.0,62.22,1.73,-0.07,17.68,1709.5,50.3,1,3,0.2943,0.4578,0.4578,0,0,75.9
8.76,36.26,100.23,183.09,0.0,98.0,1.3,0.02,40.67,864.7,20.0,4,0,0.4144,0.7223,0.7223,0,1,66.1
56.85,118.39,193.55,321.49,75.43,98.0,2.66,0.73,26.43,1487.3,10.0,1,2,0.6373,0.7824,0.7824,1,1,49.0
22.09,58.42,118.7,197.82,18.97,98.0,2.05,0.29,25.97,1684.2,318.8,2,2,0.4484,0.6872,0.6872,0,1,69.0
22.71,48.87,103.25,215.83,28.84,98.0,1.87,0.25,24.22,1126.5,161.4,0,2,0.4395,0.6544,0.6544,0,1,64.2
74.52,148.19,214.42,401.21,102.19,98.0,4.81,1.78,41.21,2029.5,10.0,1,2,0.8819,0.9261,0.9261,1,1,30.9
18.01,40.89,83.41,193.8,25.52,83.73,0.97,0.11,15.49,1863.5,139.7,1,2,0.3544,0.5203,0.5203,0,0,72.1
0.2,2.31,9.78,53.44,15.98,49.65,1.41,-0.11,30.02,994.0,16.7,3,5,0.2694,0.5411,0.5411,0,0,73.1
20.22,58.25,105.77,197.75,17.02,97.15,1.56,0.17,19.44,2373.1,154.5,2,4,0.4302,0.6768,0.6768,0,1,67.9
124.78,300.33,462.65,789.59,145.44,98.0,6.2,2.8,40.95,1644.4,84.4,2,1,1.0,1.0,1.0,1,1,27.5
18.96,51.29,125.81,195.6,11.47,90.14,1.95,0.07,14.1,793.6,457.2,1,2,0.3688,0.5789,0.5789,0,0,63.2
41.38,109.05,191.15,303.33,36.89,98.0,2.27,0.78,32.34,1327.7,68.0,3,4,0.5987,0.8868,0.8868,0,1,52.8
25.75,54.64,86.63,142.82,30.68,54.92,1.26,0.17,23.18,2365.9,165.9,1,3,0.3265,0.5351,0.5351,0,0,62.2
2.57,14.14,43.24,70.45,2.51,82.67,1.81,-0.03,31.8,2238.8,10.0,1,4,0.3542,0.6588,0.6588,0,1,65.8
46.55,125.36,222.32,343.12,41.25,98.0,2.05,0.27,13.67,999.4,329.0,1,3,0.4962,0.7455,0.7455,0,1,63.9
1.38,5.17,13.56,53.3,10.38,74.74,1.31,0.01,22.17,2160.8,99.2,1,1,0.3039,0.4332,0.4332,0,0,72.4
83.74,219.04,347.87,672.4,85.41,98.0,2.9,0.52,11.86,1770.4,45.3,1,2,0.6891,0.8545,0.8545,1,1,37.9
3.07,21.08,45.54,112.81,7.38,76.66,1.4,-0.09,42.88,785.9,16.3,0,2,0.3078,0.6733,0.6733,0,1,74.1
0.24,13.68,43.33,89.24,0.0,57.53,1.37,-0.02,15.7,1999.8,122.9,2,2,0.2699,0.3997,0.3997,0,0,71.3
144.75,349.41,586.94,1140.0,110.12,98.0,6.2,2.8,43.76,1431.2,164.6,2,1,1.0,1.0,1.0,1,1,24.3
6.99,24.95,47.1,117.51,13.73,90.11,1.45,0.02,23.07,1403.6,10.7,0,1,0.3612,0.5244,0.5244,0,0,65.7
13.31,27.46,61.25,152.64,23.61,83.4,1.8,0.05,10.58,1381.6,21.6,2,1,0.3991,0.423,0.423,0,0,57.9
17.22,51.23,121.26,235.94,20.54,98.0,2.18,0.01,8.63,1734.3,58.4,1,3,0.439,0.5817,0.5817,0,0,62.2
0.89,16.39,30.04,91.95,2.05,63.96,1.3,-0.13,29.56,1928.5,229.1,1,1,0.2469,0.4823,0.4823,0,0,70.3
2.63,12.98,19.77,62.01,2.89,50.63,0.94,-0.17,30.13,1818.6,488.5,1,3,0.1674,0.497,0.497,0,0,84.3
16.36,36.93,67.29,161.8,32.05,91.83,1.89,0.23,26.89,1148.9,164.0,2,7,0.4283,0.7645,0.7645,0,1,59.8
8.41,22.54,43.72,91.91,3.53,81.61,1.16,-0.07,10.39,1916.2,10.0,1,0,0.3336,0.3651,0.3651,0,0,71.0
101.99,226.33,490.76,925.1,141.68,98.0,3.93,1.15,19.93,973.6,280.5,2,1,0.8227,1.0,1.0,1,1,36.2
21.13,61.19,105.25,211.31,42.18,93.53,1.51,0.16,20.93,2352.7,10.0,1,1,0.4305,0.5879,0.5879,0,0,64.0
37.36,89.65,166.09,268.9,49.08,88.4,2.59,0.46,33.37,1531.5,272.9,3,3,0.5231,0.8075,0.8075,0,1,48.1
23.59,53.16,95.33,201.91,38.83,90.9,1.55,0.1,23.08,900.7,63.4,2,1,0.4292,0.5857,0.5857,0,0,58.6
11.24,32.58,75.74,164.63,13.51,73.3,1.69,0.02,28.63,1701.4,162.5,2,0,0.3446,0.5268,0.5268,0,0,70.5
22.35,62.25,123.54,194.76,33.12,79.42,1.92,0.16,18.31,1702.0,10.9,0,2,0.4108,0.5798,0.5798,0,0,60.0
6.44,16.77,57.7,138.54,13.31,80.74,1.29,0.01,34.14,814.0,21.6,3,1,0.3587,0.5997,0.5997,0,0,64.7
7.31,22.64,37.79,107.99,35.17,56.62,1.38,-0.14,9.68,767.9,71.9,0,3,0.2601,0.3722,0.3722,0,0,66.1
31.12,86.37,180.4,286.11,56.42,98.0,2.73,0.68,43.59,2393.6,10.0,3,2,0.5917,0.9036,0.9036,0,1,56.6
11.83,40.99,93.58,149.64,28.48,67.72,1.51,0.01,31.09,1393.6,59.3,1,4,0.3283,0.6728,0.6728,0,1,72.3
32.03,93.27,200.59,408.73,38.48,98.0,2.02,0.1,13.36,1155.0,167.3,2,2,0.4728,0.6864,0.6864,0,1,55.2
34.57,88.88,178.34,397.58,35.65,98.0,2.31,0.6,33.83,1653.7,127.6,1,2,0.5372,0.823,0.823,0,1,55.2
38.98,93.41,134.1,252.66,52.78,94.64,2.69,0.67,36.32,763.8,52.0,1,2,0.5752,0.7794,0.7794,0,1,54.6
49.69,136.31,302.92,418.05,76.59,98.0,3.72,1.04,36.39,771.3,10.0,2,3,0.7079,1.0,1.0,1,1,46.2
11.28,38.52,73.6,168.16,32.05,80.11,1.01,0.02,17.75,936.1,37.7,2,0,0.3461,0.4562,0.4562,0,0,69.3
7.68,25.91,51.37,94.73,4.52,77.45,1.24,0.05,42.51,2074.2,179.7,1,3,0.3157,0.7097,0.7097,0,1,74.7
17.45,44.1,89.48,190.61,2.01,82.78,1.93,-0.07,8.64,1159.6,50.0,2,7,0.3977,0.6203,0.6203,0,1,50.4
9.28,28.89,48.55,133.28,9.17,80.22,0.96,0.0,21.67,1580.7,56.9,0,3,0.3154,0.5473,0.5473,0,0,71.0
18.38,53.2,118.0,250.72,31.66,96.63,2.04,-0.07,11.75,1119.0,10.0,5,3,0.4713,0.5988,0.5988,0,0,60.1
24.46,67.01,149.18,243.57,20.7,98.0,2.64,0.26,21.85,1649.0,110.5,2,0,0.5051,0.6316,0.6316,0,1,59.3
95.34,236.42,517.21,926.71,135.21,98.0,2.52,0.53,10.06,1589.5,116.7,2,3,0.7033,1.0,1.0,1,1,46.7
9.39,25.58,59.93,99.37,2.5,65.61,1.51,0.08,31.22,1411.2,67.6,2,1,0.3336,0.5367,0.5367,0,0,67.7
145.68,317.05,529.05,747.17,150.0,98.0,2.9,0.8,10.25,1464.8,171.5,1,0,0.8562,1.0,1.0,1,1,40.5
11.26,32.37,72.74,165.38,11.55,81.57,1.79,0.06,30.17,1828.1,251.3,2,0,0.3596,0.5587,0.5587,0,0,65.2
3.08,12.99,29.7,71.44,6.19,65.96,1.53,-0.04,16.43,2139.6,166.6,4,1,0.3143,0.3824,0.3824,0,0,73.3
44.16,94.4,182.19,349.36,41.77,98.0,1.79,0.2,14.45,1277.0,94.3,2,3,0.5133,0.7027,0.7027,0,1,52.6
8.49,26.57,77.92,163.66,23.49,93.7,1.88,-0.04,20.49,1628.0,329.3,2,2,0.3628,0.5815,0.5815,0,0,67.6
3.36,13.39,27.92,88.08,4.81,69.89,0.8,-0.01,31.07,2159.4,57.8,1,1,0.2789,0.5084,0.5084,0,0,76.9
0.52,8.94,17.2,44.01,0.0,36.21,1.04,-0.15,28.82,1027.1,127.6,3,7,0.205,0.5629,0.5629,0,0,79.7
20.76,58.53,108.4,202.19,16.24,97.76,2.64,0.28,32.5,2366.3,102.7,1,1,0.4886,0.6962,0.6962,0,1,59.7
20.26,52.92,116.57,214.55,41.17,98.0,1.95,0.35,41.08,1988.5,221.1,1,1,0.4486,0.7755,0.7755,0,1,50.5
8.33,29.83,73.71,144.66,7.56,82.15,1.41,-0.13,15.32,1354.1,83.1,1,3,0.3304,0.5327,0.5327,0,0,70.9
1.49,5.07,23.86,52.43,11.49,56.41,1.65,-0.04,22.88,1369.0,96.8,2,0,0.2845,0.3702,0.3702,0,0,74.7
10.54,31.69,80.98,174.99,0.0,78.98,1.45,-0.1,17.57,1088.8,72.6,1,1,0.3352,0.4907,0.4907,0,0,68.1
7.46,19.28,62.23,141.94,29.54,89.9,1.83,-0.02,29.11,1192.1,18.2,1,2,0.3829,0.6206,0.6206,0,1,66.2
22.61,61.52,138.12,240.92,54.85,98.0,1.46,0.2,18.2,1718.6,261.0,2,3,0.4224,0.6788,0.6788,0,1,64.0
18.62,61.98,146.7,234.96,22.24,84.94,2.44,0.08,28.09,756.2,237.5,1,1,0.4085,0.6718,0.6718,0,1,66.5
74.51,150.95,306.06,484.31,61.38,98.0,4.52,1.56,37.63,788.2,145.5,2,1,0.8392,0.9796,0.9796,1,1,37.2
4.92,21.53,65.04,122.66,24.88,91.35,1.36,0.03,27.83,2377.7,51.3,4,2,0.3903,0.6179,0.6179,0,0,69.5
88.52,228.12,325.24,521.88,85.25,98.0,4.31,1.93,38.17,1138.6,52.6,0,4,0.8947,1.0,1.0,1,1,32.1
12.1,38.39,75.43,112.16,14.02,79.77,1.73,0.03,30.01,2118.8,10.0,0,0,0.3643,0.5556,0.5556,0,0,60.8
23.31,51.38,93.28,214.62,6.17,98.0,2.33,0.35,39.33,1760.5,10.0,3,1,0.5212,0.7331,0.7331,0,1,60.2
3.03,15.11,26.2,84.54,7.23,74.98,0.86,0.01,41.5,1485.9,86.5,2,4,0.3,0.6939,0.6939,0,1,75.4
13.29,45.28,76.81,176.82,28.79,96.0,2.22,0.02,26.28,1958.1,10.0,0,5,0.4235,0.7229,0.7229,0,1,66.6
0.56,4.5,17.01,61.0,1.07,55.86,1.07,-0.01,36.46,832.5,12.5,1,2,0.2597,0.5289,0.5289,0,0,81.0
105.69,214.94,403.14,675.29,108.22,98.0,4.11,1.52,24.88,1997.5,34.7,0,2,0.89,1.0,1.0,1,1,33.2
103.3,267.74,447.95,724.13,123.19,98.0,4.94,1.96,33.39,2164.0,56.1,0,3,0.9614,1.0,1.0,1,1,29.0
9.7,27.74,79.09,161.61,31.51,98.0,1.18,-0.06,9.35,1212.4,80.6,0,0,0.3551,0.4459,0.4459,0,0,64.3
0.8,4.02,20.99,65.95,7.84,46.27,1.57,-0.11,42.81,1247.7,47.1,0,1,0.2367,0.5277,0.5277,0,0,81.0
0.63,6.28,23.04,57.88,6.08,51.84,1.82,-0.0,40.2,920.0,339.0,1,1,0.2411,0.5249,0.5249,0,0,64.8
95.63,181.87,368.24,634.16,133.65,98.0,5.75,2.25,40.16,2162.2,361.7,4,3,1.0,1.0,1.0,1,1,19.4
3.49,23.56,42.05,96.27,18.39,72.73,1.51,-0.1,18.13,2083.1,10.0,0,2,0.304,0.46,0.46,0,0,70.0
0.47,11.42,34.4,111.29,0.0,71.32,1.85,-0.09,18.19,1451.6,507.3,0,1,0.244,0.4173,0.4173,0,0,70.3
28.23,72.84,141.41,300.77,40.74,98.0,2.21,0.28,22.49,1373.2,22.8,2,4,0.5092,0.7472,0.7472,0,1,53.3
152.06,376.41,680.65,1245.34,143.43,98.0,6.2,2.8,39.69,1455.4,48.3,0,3,1.0,1.0,1.0,1,1,20.8
137.58,282.08,564.59,797.61,120.54,98.0,6.2,2.8,38.91,1443.6,217.7,1,1,1.0,1.0,1.0,1,1,32.0
46.07,131.08,211.47,440.49,61.96,98.0,2.89,0.38,18.42,1458.9,139.7,3,1,0.5887,0.7102,0.7102,0,1,55.7
75.75,183.22,395.67,823.33,82.67,98.0,3.25,1.04,27.5,990.5,10.0,2,2,0.7521,1.0,1.0,1,1,42.0
62.43,121.69,193.47,355.95,64.17,98.0,2.95,0.85,25.11,772.2,178.8,0,1,0.6439,0.7417,0.7417,1,1,41.6
7.54,23.38,58.67,133.11,13.53,71.03,1.56,-0.01,31.42,2008.0,130.6,0,2,0.3061,0.582,0.582,0,0,69.5
134.32,316.14,665.06,1015.33,131.47,98.0,4.26,1.15,15.7,1317.2,360.7,1,2,0.8983,1.0,1.0,1,1,26.0
18.47,54.81,113.65,257.09,34.0,98.0,1.95,0.1,11.06,1560.0,289.0,3,3,0.4296,0.5918,0.5918,0,0,65.1
35.06,87.19,159.82,334.22,25.63,98.0,1.6,0.1,8.98,1257.3,443.8,2,2,0.4248,0.6016,0.6016,0,0,65.5
117.46,309.55,466.32,866.92,150.0,98.0,3.91,1.45,21.73,1379.7,72.8,2,0,0.9185,1.0,1.0,1,1,27.5
6.8,22.74,55.28,97.44,8.53,67.51,1.28,0.06,42.08,873.5,147.1,3,3,0.3192,0.6832,0.6832,0,1,71.8
64.95,132.94,213.01,311.84,92.76,98.0,3.8,1.1,32.65,1361.0,392.1,2,0,0.7041,0.796,0.796,1,1,51.1
9.87,22.75,51.76,97.55,23.52,90.3,1.53,0.12,34.97,1514.1,10.0,2,2,0.4016,0.6558,0.6558,0,1,61.3
9.74,26.19,52.86,126.44,15.54,65.47,1.5,0.01,42.03,2124.2,186.7,2,0,0.3112,0.5841,0.5841,0,0,68.6
151.08,370.79,670.25,901.71,150.0,98.0,5.63,1.86,23.19,1281.6,10.0,1,2,1.0,1.0,1.0,1,1,22.1
15.59,43.08,80.44,150.82,13.71,98.0,1.39,0.16,25.08,896.1,800.0,1,1,0.3163,0.6033,0.6033,0,0,70.7
3.35,15.13,28.54,81.88,9.29,61.09,1.73,-0.02,20.94,2002.7,10.0,2,2,0.3162,0.4335,0.4335,0,0,79.2
16.14,37.88,88.05,163.43,30.76,74.92,1.16,-0.05,14.53,1369.8,97.1,0,1,0.3193,0.4636,0.4636,0,0,70.0
15.6,42.74,86.52,143.31,34.42,89.13,1.44,0.18,35.59,2260.3,88.3,2,0,0.4054,0.64,0.64,0,1,62.2
28.7,82.8,178.12,338.21,39.56,98.0,3.71,0.53,40.64,2332.4,43.6,0,1,0.5791,0.8472,0.8472,0,1,54.8
35.87,89.77,149.56,255.63,44.35,98.0,2.66,0.76,37.3,2188.6,158.2,2,1,0.5778,0.7856,0.7856,0,1,51.7
11.61,41.77,81.06,156.03,11.54,69.14,1.52,-0.08,9.72,1124.0,35.6,1,0,0.3256,0.3704,0.3704,0,0,70.3
7.2,27.01,52.82,108.01,7.34,63.45,1.3,-0.09,18.77,1168.8,41.2,2,3,0.3005,0.4824,0.4824,0,0,72.7
6.0,22.53,54.65,136.67,10.36,92.8,1.6,0.07,29.32,2060.3,23.9,0,0,0.3741,0.5611,0.5611,0,0,68.4
4.33,10.74,22.28,58.31,3.75,50.18,1.11,-0.0,19.78,1486.1,150.2,1,3,0.2399,0.416,0.416,0,0,69.9
98.17,230.09,424.66,735.02,90.75,98.0,2.66,0.59,13.4,1241.4,22.4,2,0,0.7348,0.9007,0.9007,1,1,43.5
8.38,34.02,81.33,149.88,21.9,70.1,1.93,0.06,27.38,1234.9,273.5,0,0,0.3103,0.5147,0.5147,0,0,65.4
6.3,19.73,39.51,118.85,0.0,93.91,1.75,-0.04,26.77,1702.8,40.7,3,4,0.4003,0.6454,0.6454,0,1,59.8
121.67,264.61,421.57,763.91,118.87,98.0,5.83,2.29,33.56,2226.8,87.7,1,2,1.0,1.0,1.0,1,1,29.9
16.32,42.84,104.01,185.4,17.73,77.98,2.0,0.17,44.0,1771.2,77.3,0,0,0.388,0.6974,0.6974,0,1,71.0
8.53,31.0,59.58,96.74,22.78,71.76,2.24,0.11,31.34,1773.5,145.4,2,1,0.37,0.5544,0.5544,0,0,68.8
17.37,51.86,88.12,148.52,28.88,79.14,0.98,0.16,19.41,1982.5,32.0,3,3,0.3827,0.5746,0.5746,0,0,67.2
115.07,249.32,374.17,641.78,114.98,98.0,6.2,2.72,42.43,2004.5,218.9,2,2,1.0,1.0,1.0,1,1,25.3
11.74,37.63,70.02,117.6,2.21,62.76,1.49,-0.05,28.57,2250.6,160.7,4,0,0.3272,0.4898,0.4898,0,0,71.4
19.68,59.51,107.85,206.72,29.33,98.0,1.65,0.23,31.25,1017.5,50.3,1,2,0.4451,0.7162,0.7162,0,1,60.8
13.42,29.72,68.88,157.88,8.58,94.59,1.25,0.08,20.87,2374.6,15.4,1,0,0.3933,0.516,0.516,0,0,58.7
10.28,24.92,49.55,106.6,2.31,87.12,1.75,0.04,24.27,1292.6,84.3,2,5,0.3882,0.6486,0.6486,0,1,66.2
101.82,195.18,318.36,493.79,83.66,98.0,3.68,1.23,23.07,1214.6,472.6,5,4,0.8232,0.9681,0.9681,1,1,29.2
42.46,115.47,255.95,441.31,25.39,98.0,3.36,0.94,41.7,1591.1,10.0,1,2,0.6537,0.9809,0.9809,1,1,39.5
19.53,40.4,77.84,135.15,50.3,83.03,2.3,0.22,37.15,1186.2,223.6,1,0,0.4161,0.6248,0.6248,0,1,63.2
16.85,51.62,93.27,217.2,23.85,83.59,1.37,-0.09,11.27,1134.3,144.4,1,1,0.3482,0.4682,0.4682,0,0,71.4
19.39,54.37,130.01,273.32,11.56,93.93,1.87,0.16,19.3,2345.2,24.3,2,2,0.4507,0.6363,0.6363,0,1,62.6
4.5,18.23,47.28,121.81,0.0,92.29,0.91,-0.01,10.0,921.6,77.6,1,2,0.3336,0.4562,0.4562,0,0,70.2
10.06,26.15,53.07,121.61,17.56,80.66,0.5,-0.04,26.6,2383.4,118.6,1,1,0.295,0.5335,0.5335,0,0,67.1
0.81,9.52,30.56,60.2,7.3,78.64,1.53,-0.13,18.06,1777.1,143.2,1,3,0.3006,0.492,0.492,0,0,70.5
12.91,43.09,98.35,178.5,10.76,98.0,1.46,-0.02,10.64,2331.7,305.2,0,0,0.3506,0.4797,0.4797,0,0,68.8
114.06,276.07,433.05,743.39,150.0,98.0,5.77,2.29,35.79,2230.7,247.7,0,2,1.0,1.0,1.0,1,1,25.6
5.17,12.75,27.61,47.6,0.21,77.11,1.12,-0.15,11.28,1819.9,47.8,1,2,0.3006,0.3999,0.3999,0,0,70.2
66.5,130.47,192.15,323.24,86.75,98.0,3.06,0.5,17.78,1723.2,15.3,3,0,0.6761,0.6515,0.6761,1,1,42.7
48.04,124.42,217.25,389.76,58.62,98.0,3.57,1.01,35.78,2387.8,13.2,4,3,0.7134,0.9162,0.9162,1,1,47.1
25.61,68.68,121.94,223.37,64.88,80.91,2.35,0.18,26.42,1600.1,415.9,4,4,0.4293,0.7069,0.7069,0,1,64.5
15.25,48.5,89.03,193.43,43.18,77.72,1.93,0.07,37.42,1045.0,374.3,2,0,0.3521,0.6257,0.6257,0,1,66.5
40.8,113.61,246.7,420.06,41.86,98.0,2.68,0.51,22.92,2388.4,205.5,2,1,0.5606,0.7893,0.7893,0,1,53.5
111.05,233.78,393.18,612.67,137.68,98.0,5.9,2.4,37.34,1283.8,472.3,3,2,1.0,1.0,1.0,1,1,32.2
31.26,83.81,171.05,271.63,37.61,89.96,2.0,0.44,27.37,894.2,38.5,1,3,0.4936,0.7699,0.7699,0,1,59.0
2.67,16.84,35.85,106.49,14.24,56.33,1.85,-0.07,11.17,1932.9,209.5,0,1,0.2572,0.3209,0.3209,0,0,70.0
31.62,58.55,105.04,196.95,10.85,93.96,1.95,0.29,24.97,1486.0,83.7,1,1,0.4801,0.6213,0.6213,0,1,63.5
88.51,234.97,389.29,772.61,84.38,98.0,3.69,1.35,27.93,1390.2,192.7,1,0,0.7995,0.9736,0.9736,1,1,37.8
41.93,119.28,258.47,515.23,55.11,98.0,2.48,0.66,30.04,1792.2,113.2,1,2,0.572,0.8906,0.8906,0,1,46.7
57.66,143.64,213.02,361.7,80.7,98.0,3.39,1.29,41.4,837.2,224.6,2,1,0.7096,0.896,0.896,1,1,48.2
3.22,19.14,57.24,126.19,24.05,81.83,1.0,-0.05,14.61,1902.1,60.8,1,2,0.3095,0.4759,0.4759,0,0,69.8
12.42,25.24,66.38,124.77,20.03,63.26,1.59,0.04,29.82,1580.7,542.7,0,2,0.2526,0.5568,0.5568,0,0,72.8
79.25,183.74,316.48,594.15,105.53,98.0,4.71,1.54,35.07,1558.9,29.7,2,4,0.8729,1.0,1.0,1,1,34.1
138.01,363.2,585.69,964.36,150.0,98.0,6.2,2.8,40.04,2235.1,134.0,2,0,1.0,1.0,1.0,1,1,24.6
39.84,88.22,168.15,280.14,66.03,98.0,2.44,0.52,26.91,2121.5,194.7,1,2,0.54,0.7552,0.7552,0,1,51.9
17.77,45.84,110.08,213.47,14.77,87.52,2.1,0.01,15.7,1627.1,105.8,0,4,0.3976,0.6252,0.6252,0,1,66.9
9.41,31.88,81.38,159.81,8.16,79.77,2.03,0.11,37.44,1704.3,41.1,1,3,0.3847,0.7123,0.7123,0,1,65.5
6.73,29.59,65.15,150.5,8.81,97.12,0.87,0.09,40.58,2081.5,98.9,1,2,0.3548,0.7362,0.7362,0,1,67.5
110.62,303.23,497.73,866.4,97.54,98.0,2.51,0.57,11.83,1428.6,84.3,0,1,0.7299,1.0,1.0,1,1,43.3
28.69,64.97,129.68,205.84,38.58,82.2,1.21,0.11,16.27,1857.5,25.3,1,1,0.4036,0.5488,0.5488,0,0,64.2
9.77,30.26,65.22,144.59,25.36,79.88,1.84,0.12,39.37,1642.3,172.9,6,3,0.4112,0.7084,0.7084,0,1,64.1
14.32,36.33,81.82,167.68,19.44,96.51,1.21,0.2,25.44,1574.4,37.3,0,4,0.3965,0.6937,0.6937,0,1,68.3
13.56,43.59,71.64,159.65,15.9,67.75,1.76,-0.04,14.09,2374.8,214.1,1,3,0.3184,0.48,0.48,0,0,72.3
17.22,52.45,109.76,233.82,21.84,98.0,2.25,0.3,31.23,778.9,28.9,2,1,0.4847,0.6884,0.6884,0,1,63.7
40.14,102.71,218.49,379.01,43.05,98.0,2.18,0.55,24.5,1434.1,83.7,3,1,0.5664,0.7674,0.7674,0,1,54.0
78.99,164.02,298.32,546.9,78.32,98.0,4.89,1.95,42.85,2284.8,142.6,0,5,0.8863,1.0,1.0,1,1,33.6
10.47,28.22,59.37,106.57,23.36,73.77,1.24,-0.05,16.02,2281.4,657.6,2,3,0.2503,0.4973,0.4973,0,0,71.4
35.15,77.39,128.29,264.92,59.66,98.0,2.17,0.35,21.04,1983.7,37.9,4,3,0.5503,0.6895,0.6895,0,1,48.9
28.92,80.7,150.6,257.56,46.37,98.0,1.76,0.09,13.98,1726.6,121.1,1,1,0.449,0.6003,0.6003,0,0,59.7
17.04,49.11,114.49,191.6,31.33,98.0,0.95,0.05,9.79,1889.9,20.0,0,5,0.3833,0.6426,0.6426,0,1,69.2
62.49,166.62,300.41,482.43,74.27,98.0,1.96,0.48,17.86,1167.3,205.5,1,2,0.5694,0.8444,0.8444,0,1,51.9
4.47,20.2,56.18,81.51,11.91,61.3,1.21,0.02,37.51,1555.9,237.2,0,2,0.2501,0.6004,0.6004,0,0,76.3
2.31,18.83,50.19,82.86,9.78,70.23,1.33,0.01,17.62,1634.5,262.7,2,1,0.2854,0.4289,0.4289,0,0,66.5
156.27,330.08,563.18,979.35,150.0,98.0,6.2,2.8,33.07,855.1,349.2,1,2,1.0,1.0,1.0,1,1,22.0
11.57,42.12,97.83,173.67,38.52,60.79,1.56,0.09,26.94,2179.3,52.7,1,0,0.324,0.5053,0.5053,0,0,73.5
37.54,91.27,147.01,302.03,38.45,95.58,2.76,0.49,26.71,1503.5,131.8,1,4,0.5483,0.781,0.781,0,1,57.9
44.72,127.01,237.56,456.12,52.2,98.0,3.18,0.76,36.14,2233.2,45.5,2,1,0.6383,0.8838,0.8838,1,1,44.1
1.29,13.72,25.48,79.27,4.25,50.41,1.46,-0.15,30.24,1393.4,195.4,2,1,0.238,0.4442,0.4442,0,0,75.0
42.99,104.43,205.96,354.51,77.05,98.0,1.34,0.26,13.75,1424.6,64.5,1,1,0.4896,0.6662,0.6662,0,1,54.8
11.9,34.89,57.65,108.08,29.15,59.95,1.9,-0.08,15.95,1153.0,97.1,0,5,0.3055,0.5159,0.5159,0,0,71.2
14.28,27.95,67.01,112.31,20.98,64.42,1.6,0.07,27.58,1813.1,17.1,1,1,0.3431,0.5129,0.5129,0,0,71.5
19.7,57.52,126.34,192.62,43.9,92.99,2.34,0.42,38.43,1655.0,228.1,3,1,0.4797,0.7522,0.7522,0,1,64.0
52.18,118.43,207.4,294.37,46.91,98.0,2.24,0.25,13.48,2256.4,79.2,1,2,0.5506,0.6958,0.6958,0,1,51.8
0.39,8.96,31.72,74.63,12.19,65.96,1.8,-0.15,11.85,1458.2,122.8,0,1,0.2746,0.3482,0.3482,0,0,66.8
12.96,38.94,76.26,108.42,15.78,85.03,2.19,-0.01,26.63,1819.3,132.8,2,0,0.3984,0.5443,0.5443,0,0,61.2
23.28,59.3,110.01,193.31,32.92,77.17,1.27,0.14,14.79,1917.5,38.5,2,0,0.3927,0.4688,0.4688,0,0,62.8
25.65,58.44,118.26,227.78,41.7,98.0,2.19,0.5,43.79,1277.8,190.2,3,3,0.5115,0.8593,0.8593,0,1,65.5
23.59,66.63,131.11,204.54,29.28,86.31,1.26,-0.06,8.16,2203.4,214.8,3,1,0.3799,0.4972,0.4972,0,0,61.2
2.89,10.03,24.83,74.93,0.0,41.35,1.45,-0.06,24.16,1378.4,87.0,3,3,0.2557,0.4294,0.4294,0,0,75.1
7.12,28.11,64.49,99.71,5.24,70.52,1.08,-0.04,13.85,1801.6,279.2,3,0,0.29,0.3871,0.3871,0,0,74.6
8.89,25.37,62.9,89.17,30.18,80.88,1.42,0.06,32.52,1766.1,21.1,3,0,0.3759,0.5635,0.5635,0,0,64.9
32.64,63.94,130.0,244.47,57.48,90.05,2.27,0.47,30.68,1445.3,64.2,1,4,0.5091,0.7765,0.7765,0,1,55.3
93.47,249.35,497.9,693.92,74.19,98.0,5.65,1.92,37.05,1052.5,10.0,3,1,1.0,1.0,1.0,1,1,30.0
4.73,15.89,41.96,67.87,0.0,53.93,1.67,-0.06,28.28,1727.6,61.0,2,2,0.2907,0.4885,0.4885,0,0,70.0
63.14,162.41,265.03,467.04,55.16,98.0,2.81,0.43,14.82,1369.6,698.6,0,7,0.5285,0.9269,0.9269,0,1,53.1
0.18,13.68,47.0,86.47,14.88,56.08,1.31,-0.12,9.92,1375.5,74.7,2,4,0.2599,0.4138,0.4138,0,0,70.8
122.58,293.58,463.1,765.4,103.75,98.0,6.2,2.31,34.0,1563.3,65.2,2,1,1.0,1.0,1.0,1,1,27.7
22.59,60.79,128.11,216.13,11.37,81.68,2.17,0.2,23.84,1867.4,139.7,1,2,0.4245,0.636,0.636,0,1,61.6
131.45,294.17,441.05,702.78,150.0,98.0,3.32,1.2,16.0,1953.9,10.0,5,4,0.9403,1.0,1.0,1,1,31.3
6.98,16.96,49.21,75.66,20.26,63.24,0.92,-0.06,17.07,1454.7,52.4,1,1,0.2742,0.4038,0.4038,0,0,71.2
0.29,8.89,27.09,60.25,21.23,58.82,0.96,-0.08,13.36,947.8,91.4,2,2,0.2523,0.3647,0.3647,0,0,78.1
26.78,61.12,143.51,282.45,3.68,98.0,2.12,0.14,18.21,2056.3,79.4,1,1,0.4707,0.6255,0.6255,0,1,65.1
35.93,92.0,187.33,350.31,41.89,98.0,2.38,0.66,36.51,1854.5,123.4,1,2,0.5506,0.8555,0.8555,0,1,54.8
154.66,284.44,582.13,1031.24,150.0,98.0,6.2,2.62,30.34,2071.1,18.0,5,0,1.0,1.0,1.0,1,1,23.3
3.08,15.07,45.52,132.64,2.09,95.18,2.02,0.04,43.55,1271.2,61.8,2,1,0.4022,0.7005,0.7005,0,1,59.4
28.0,55.41,110.76,225.78,10.2,98.0,2.21,0.24,26.87,2250.0,120.5,0,3,0.4721,0.7148,0.7148,0,1,61.3
29.3,76.82,163.02,306.5,26.18,98.0,1.8,0.42,26.77,1183.5,43.1,1,0,0.4948,0.6878,0.6878,0,1,57.6
21.49,58.01,129.32,257.2,22.47,98.0,1.22,0.11,14.89,1228.1,113.9,1,1,0.4092,0.5816,0.5816,0,0,64.7
29.06,71.72,144.7,243.99,19.45,97.45,1.61,0.35,29.11,1635.0,381.3,2,2,0.4428,0.7426,0.7426,0,1,59.0
37.41,83.31,160.37,350.12,52.65,98.0,2.75,0.65,29.9,2395.6,319.8,2,4,0.5538,0.8296,0.8296,0,1,50.7
19.02,55.81,117.26,228.63,39.52,98.0,1.44,0.01,15.44,1083.6,155.1,3,3,0.4173,0.6312,0.6312,0,1,65.7
1.86,5.22,21.84,38.5,5.96,71.69,0.5,-0.11,11.17,2133.5,23.5,1,0,0.2608,0.3168,0.3168,0,0,73.6
13.37,42.39,78.79,165.23,6.66,90.49,1.08,-0.02,21.28,753.9,184.0,0,1,0.3337,0.5499,0.5499,0,0,70.7
1.62,9.08,38.67,69.89,0.0,53.2,1.71,-0.1,14.2,1141.9,71.0,1,1,0.2674,0.3398,0.3398,0,0,80.5
10.47,37.39,77.32,105.98,20.25,85.13,1.03,0.13,26.12,1321.1,363.7,1,3,0.3141,0.6318,0.6318,0,1,72.4
10.45,31.99,73.54,183.05,11.37,86.53,1.83,0.05,26.94,1820.2,113.4,1,1,0.3774,0.5777,0.5777,0,0,75.4
129.71,350.46,699.43,1172.3,150.0,98.0,5.62,2.1,29.89,937.7,29.5,2,1,1.0,1.0,1.0,1,1,27.4
8.58,31.78,79.94,185.98,23.9,94.13,1.1,0.09,29.7,962.4,45.0,1,4,0.3707,0.7189,0.7189,0,1,70.7
148.41,303.31,464.75,683.46,150.0,98.0,6.2,2.75,32.3,991.5,46.1,2,6,1.0,1.0,1.0,1,1,26.3
33.03,74.12,149.65,265.92,31.28,98.0,2.06,0.31,16.3,1843.2,38.8,1,2,0.5057,0.6477,0.6477,0,1,52.1
59.01,154.24,273.13,399.09,54.33,98.0,4.08,1.02,34.31,939.2,177.3,2,1,0.7229,0.9127,0.9127,1,1,46.6
1.5,12.27,43.01,90.38,26.77,57.08,1.33,-0.16,26.89,1407.1,49.3,0,1,0.2459,0.4575,0.4575,0,0,73.5
62.07,159.63,266.66,454.39,74.46,98.0,2.89,0.83,23.74,1008.5,26.1,3,1,0.6892,0.8203,0.8203,1,1,43.0
144.47,342.5,690.25,1333.01,150.0,98.0,6.08,2.62,31.32,1380.4,108.8,0,2,1.0,1.0,1.0,1,1,20.3
7.12,24.71,46.24,93.31,29.41,72.03,1.12,-0.03,26.05,1928.2,75.0,3,1,0.3233,0.4966,0.4966,0,0,71.6
1.6,13.95,34.76,62.3,5.83,55.16,1.24,-0.03,26.92,1208.2,10.0,1,2,0.2661,0.4723,0.4723,0,0,74.8
13.89,41.1,88.26,121.54,3.66,58.64,1.11,0.0,8.84,1769.1,39.3,4,1,0.328,0.3727,0.3727,0,0,68.5
31.65,73.96,151.04,264.99,47.2,98.0,2.44,0.61,36.87,1160.0,10.0,1,1,0.5523,0.784,0.784,0,1,57.3
24.56,66.42,137.22,234.04,49.49,98.0,2.52,0.22,23.27,1967.0,174.8,1,5,0.4781,0.7783,0.7783,0,1,63.9
1.03,16.13,28.87,94.25,2.48,80.81,1.1,0.01,26.65,2032.2,362.0,0,0,0.2619,0.4748,0.4748,0,0,76.1
1.51,4.22,12.89,34.07,0.0,66.89,1.27,-0.16,22.04,1262.1,83.2,1,1,0.2703,0.4094,0.4094,0,0,76.9
10.31,29.91,59.05,125.15,8.22,73.22,2.14,-0.02,27.86,789.3,98.0,1,2,0.357,0.56,0.56,0,0,65.9
7.0,28.2,63.08,127.8,18.13,90.46,1.49,0.02,9.95,963.0,223.8,1,1,0.345,0.4399,0.4399,0,0,69.0
5.29,19.91,47.74,120.0,14.72,62.79,1.62,-0.07,21.82,1560.1,10.0,3,3,0.3247,0.4987,0.4987,0,0,73.5
6.6,12.57,32.12,92.12,10.53,75.08,1.54,0.07,32.07,1380.4,21.3,3,3,0.364,0.5961,0.5961,0,0,66.9
32.54,82.29,192.7,375.09,45.48,98.0,2.46,0.66,41.78,1320.2,127.5,2,1,0.5555,0.8742,0.8742,0,1,51.7
52.97,134.32,231.92,377.3,72.78,98.0,3.34,1.16,38.57,1705.9,162.5,0,2,0.6709,0.9264,0.9264,1,1,44.0
10.39,33.82,64.01,156.58,12.2,93.09,2.14,0.2,42.66,1016.5,118.1,1,2,0.42,0.7402,0.7402,0,1,59.4
47.31,115.1,162.01,228.31,39.88,98.0,3.72,0.84,36.13,1503.5,336.1,1,1,0.6282,0.7915,0.7915,1,1,49.2
7.76,22.14,61.79,146.37,14.29,98.0,1.95,0.08,30.77,1085.6,59.8,1,1,0.4116,0.6261,0.6261,0,1,70.5
12.94,36.64,66.69,115.76,15.72,72.84,1.92,-0.04,23.24,2368.7,97.2,1,1,0.3516,0.5014,0.5014,0,0,65.8
5.12,15.59,32.77,70.2,2.42,60.48,1.17,-0.13,12.43,830.2,375.9,3,2,0.2448,0.3689,0.3689,0,0,72.4
102.41,272.54,534.93,977.36,139.96,98.0,3.86,0.96,17.03,776.0,275.9,3,3,0.8126,1.0,1.0,1,1,43.5
77.25,155.87,329.58,691.98,104.68,98.0,3.02,0.67,17.76,1680.9,10.0,0,1,0.6887,0.8493,0.8493,1,1,37.6
18.5,50.13,90.55,197.85,32.31,87.79,1.48,0.23,23.4,853.3,52.1,1,1,0.4108,0.5737,0.5737,0,0,54.4
8.86,20.6,30.45,70.85,7.85,67.92,1.31,-0.01,29.95,2088.1,161.2,1,3,0.2978,0.557,0.557,0,0,71.8
124.01,293.07,479.2,647.29,150.0,98.0,4.92,2.04,30.27,2102.3,10.0,1,2,1.0,1.0,1.0,1,1,26.3
2.62,17.19,36.59,88.19,0.53,78.61,2.0,-0.14,24.4,1463.2,238.5,2,0,0.3229,0.46,0.46,0,0,72.9
43.9,120.99,244.53,351.33,79.22,98.0,2.34,0.34,17.89,2133.3,83.7,1,2,0.5419,0.7764,0.7764,0,1,60.0
13.99,49.49,100.31,235.24,12.53,98.0,1.7,0.01,10.03,1971.8,10.9,2,0,0.426,0.4773,0.4773,0,0,63.2
11.93,39.92,93.06,173.34,4.69,98.0,1.74,0.11,43.6,973.4,70.1,1,1,0.4144,0.7669,0.7669,0,1,55.9
17.63,33.75,74.03,159.23,29.71,79.93,2.37,0.16,41.82,2168.3,81.4,2,4,0.4298,0.7689,0.7689,0,1,65.6
19.61,52.46,102.28,214.09,9.85,98.0,2.04,0.16,14.59,2192.6,54.9,1,1,0.4543,0.5461,0.5461,0,0,53.2
1.49,5.25,17.84,69.36,21.2,45.07,0.88,-0.02,29.79,1282.5,72.7,3,1,0.2402,0.4163,0.4163,0,0,74.8
22.95,61.66,108.83,260.74,18.24,98.0,2.34,0.06,18.64,2028.7,266.4,5,0,0.4771,0.5566,0.5566,0,0,62.3
5.54,22.61,69.47,114.76,8.93,65.04,1.18,-0.17,15.0,2230.6,47.0,3,0,0.2967,0.387,0.387,0,0,70.7
25.03,68.4,110.51,226.2,24.03,98.0,2.07,0.29,32.64,1980.3,389.0,2,1,0.4473,0.7006,0.7006,0,1,61.5
34.58,89.2,148.56,331.1,35.43,98.0,2.01,0.72,36.3,905.1,139.4,2,1,0.5451,0.7764,0.7764,0,1,55.7
84.06,191.9,289.08,528.13,63.25,98.0,3.78,0.99,22.64,906.2,271.6,4,4,0.7762,0.9288,0.9288,1,1,34.7
16.08,51.06,113.05,210.53,28.59,94.74,1.29,0.08,10.13,2370.9,28.1,1,3,0.4001,0.5744,0.5744,0,0,63.5
14.69,35.75,83.66,155.61,11.12,91.1,1.77,0.09,22.45,1643.2,81.2,0,0,0.3937,0.537,0.537,0,0,71.5
3.08,19.5,34.56,65.09,0.0,82.72,1.83,-0.15,27.16,1813.3,100.0,1,2,0.3323,0.5511,0.5511,0,0,68.9
29.86,58.01,132.08,201.64,43.12,86.14,2.94,0.45,40.16,2255.2,10.7,0,2,0.5183,0.7839,0.7839,0,1,54.6
6.33,29.85,61.72,157.09,9.52,94.86,1.28,0.09,31.64,762.3,81.7,0,0,0.3595,0.5942,0.5942,0,0,72.2
13.73,41.28,105.15,185.13,19.15,73.38,1.81,0.09,33.58,1454.0,236.8,1,1,0.3439,0.6326,0.6326,0,1,74.6
6.69,18.14,43.23,103.82,8.01,69.43,1.12,0.01,15.29,1684.6,10.0,1,3,0.3092,0.4596,0.4596,0,0,64.4
2.87,18.51,54.96,134.43,21.08,51.01,1.09,-0.0,33.93,753.5,123.4,4,2,0.2712,0.5414,0.5414,0,0,68.8
19.86,52.57,97.49,201.47,33.78,76.08,2.37,0.21,26.07,1780.3,538.5,4,3,0.3916,0.6307,0.6307,0,1,60.8
1.12,15.16,44.05,85.93,8.76,57.82,1.45,-0.0,37.53,2154.0,89.9,1,0,0.2721,0.516,0.516,0,0,76.4
27.62,74.63,135.17,264.11,36.91,85.45,2.53,0.18,15.79,840.6,43.4,0,3,0.4619,0.6208,0.6208,0,1,59.8
7.64,32.29,69.58,160.11,0.0,82.54,0.71,-0.08,26.54,2077.0,105.5,0,2,0.2899,0.5884,0.5884,0,0,72.9
0.0,10.38,32.7,72.09,25.79,85.16,1.18,-0.07,15.54,2362.9,93.6,1,0,0.3102,0.4027,0.4027,0,0,70.1
14.31,41.92,87.48,133.04,0.0,80.25,0.91,-0.04,18.29,2268.5,13.3,3,3,0.3565,0.568,0.568,0,0,71.9
0.96,7.37,19.28,57.93,18.27,56.04,1.31,0.0,37.96,1636.1,28.9,2,3,0.2806,0.5741,0.5741,0,0,69.3
6.46,14.22,31.6,81.17,0.0,67.08,1.43,-0.03,32.76,2169.8,132.8,0,0,0.2865,0.4885,0.4885,0,0,68.1
24.55,73.83,123.9,202.95,36.29,77.82,2.42,0.28,34.23,2021.6,107.7,3,2,0.4633,0.7031,0.7031,0,1,58.8
1.29,5.94,20.53,80.53,0.43,61.37,2.16,-0.18,10.47,2099.1,50.6,0,1,0.2894,0.3107,0.3107,0,0,69.5
36.57,95.25,210.14,356.42,53.7,98.0,3.19,0.71,34.24,1406.8,460.9,5,3,0.5882,0.8951,0.8951,0,1,51.1
0.08,9.18,16.12,42.07,12.79,59.02,1.28,-0.15,25.69,1534.8,124.2,1,4,0.2454,0.5105,0.5105,0,0,71.0
5.67,17.88,46.37,98.35,9.04,53.89,0.98,-0.11,24.53,1144.6,31.5,1,2,0.2509,0.4638,0.4638,0,0,84.3
118.2,221.79,373.91,623.6,105.68,98.0,4.13,1.48,22.85,835.1,76.5,3,2,0.943,0.9742,0.9742,1,1,24.4
7.6,18.36,45.63,114.67,16.31,72.24,1.27,0.08,38.66,1735.4,149.2,3,2,0.3328,0.6274,0.6274,0,1,61.3
2.15,6.61,15.26,30.34,14.61,58.34,1.94,-0.06,14.39,1260.8,133.8,2,0,0.2965,0.2971,0.2971,0,0,73.1
8.93,33.92,79.59,188.66,14.6,85.97,2.07,0.06,37.31,1579.5,33.9,1,3,0.3953,0.7264,0.7264,0,1,62.8
90.74,164.33,294.16,591.59,68.67,98.0,5.46,2.11,41.42,2338.4,125.2,3,4,0.9898,1.0,1.0,1,1,28.8
136.94,383.12,777.25,1398.7,110.74,98.0,3.8,0.99,14.06,854.2,48.6,1,1,0.9095,1.0,1.0,1,1,23.9
7.52,18.97,39.63,79.57,9.67,67.43,1.56,0.08,43.99,2191.3,73.4,1,3,0.3249,0.6791,0.6791,0,1,71.9
31.11,81.4,167.56,327.5,43.39,98.0,2.28,0.74,43.66,893.2,132.7,1,1,0.5411,0.8585,0.8585,0,1,55.5
44.49,110.15,178.94,354.22,48.87,98.0,2.96,0.61,30.37,1828.4,104.4,0,2,0.5856,0.796,0.796,0,1,53.9
11.38,23.01,63.05,103.86,14.22,79.24,1.94,-0.05,17.67,1316.4,149.7,2,2,0.3638,0.5003,0.5003,0,0,62.2
48.15,130.26,250.61,488.37,50.31,98.0,2.28,0.59,23.47,915.2,57.7,1,0,0.5788,0.7684,0.7684,0,1,50.0
117.53,299.39,570.34,974.56,145.24,98.0,2.96,0.83,14.13,1998.9,167.3,0,3,0.7819,1.0,1.0,1,1,44.9
66.53,152.05,267.05,387.5,86.52,98.0,2.08,0.48,12.33,1902.7,10.0,0,1,0.6009,0.7294,0.7294,1,1,50.5
1.87,16.23,44.32,69.88,16.59,44.69,1.09,-0.05,33.35,1806.4,25.0,2,0,0.2425,0.4461,0.4461,0,0,72.3
23.23,49.56,101.55,198.29,33.58,98.0,2.39,0.37,28.87,2342.1,434.4,1,0,0.4485,0.6295,0.6295,0,1,65.0
13.62,34.94,73.44,162.84,25.75,81.05,1.98,0.13,28.29,789.1,10.9,1,1,0.4016,0.573,0.573,0,0,59.2
9.81,28.34,78.39,157.91,10.55,86.44,1.84,-0.03,16.92,1467.2,130.1,0,1,0.3562,0.5032,0.5032,0,0,67.2
20.03,51.52,91.26,160.59,13.78,82.54,2.28,0.03,16.46,1678.4,298.3,2,3,0.3965,0.5643,0.5643,0,0,60.2
24.34,51.24,110.46,216.22,24.68,86.85,2.01,0.36,43.63,1340.2,235.5,4,2,0.4659,0.7872,0.7872,0,1,69.8
107.01,292.52,463.37,716.56,150.0,98.0,5.26,1.81,30.64,1854.7,292.7,0,1,0.9386,1.0,1.0,1,1,28.7
3.65,15.67,32.86,64.37,1.88,49.75,1.49,-0.02,37.5,2233.7,495.5,0,2,0.197,0.5395,0.5395,0,0,80.8
24.97,60.22,104.53,214.31,30.87,98.0,1.89,0.16,21.63,1900.0,53.0,3,3,0.481,0.6652,0.6652,0,1,53.2
21.96,57.05,107.12,204.64,30.4,90.43,2.68,0.38,38.37,1689.5,48.1,1,3,0.4945,0.7811,0.7811,0,1,63.5
67.66,170.35,303.73,418.95,59.36,98.0,4.51,1.33,34.01,1967.4,15.5,1,1,0.8061,0.9477,0.9477,1,1,35.0
28.63,73.14,154.9,252.81,29.33,97.43,2.2,0.22,20.6,930.9,27.0,2,4,0.5024,0.747,0.747,0,1,55.8
60.23,132.0,256.11,346.13,59.83,98.0,3.94,1.09,33.84,1789.5,127.0,1,4,0.7231,0.9781,0.9781,1,1,56.4
24.25,57.61,101.76,224.85,47.72,95.08,2.15,0.57,41.32,1422.0,48.3,1,4,0.5057,0.8412,0.8412,0,1,58.8
7.08,19.29,43.3,112.9,21.49,51.83,1.61,-0.0,15.69,1276.0,50.1,1,3,0.2864,0.4136,0.4136,0,0,76.0
2.23,19.15,40.32,65.66,8.03,81.01,1.14,0.0,27.71,1586.7,124.6,1,0,0.308,0.4978,0.4978,0,0,61.6
30.45,85.89,152.58,249.46,30.27,98.0,2.65,0.68,42.8,2077.8,13.3,0,3,0.5555,0.8933,0.8933,0,1,50.0
20.66,59.79,113.23,242.25,28.56,98.0,2.42,0.26,37.57,1430.7,10.0,0,4,0.4791,0.8334,0.8334,0,1,59.8
0.99,14.26,39.26,99.43,0.0,63.41,1.54,-0.14,30.33,1909.0,194.8,0,1,0.2503,0.4982,0.4982,0,0,76.3
8.93,24.41,49.85,79.97,16.45,84.62,1.3,-0.01,10.51,1721.7,187.2,2,4,0.3399,0.502,0.502,0,0,66.2
62.84,168.97,339.64,620.97,87.7,98.0,2.75,0.65,22.63,2261.7,58.4,1,2,0.6417,0.9305,0.9305,1,1,39.7
94.19,219.59,419.84,833.99,115.07,98.0,4.74,1.63,31.43,1484.0,107.9,2,8,0.9106,1.0,1.0,1,1,29.9
11.34,28.87,50.13,105.84,0.82,76.6,1.56,-0.05,22.75,2102.9,32.6,3,1,0.3668,0.4877,0.4877,0,0,66.2
12.24,31.69,79.93,120.73,19.08,84.71,1.73,0.08,43.9,2139.3,55.0,1,2,0.3842,0.746,0.746,0,1,61.9
4.69,12.56,24.75,60.64,6.22,48.56,1.7,-0.11,35.12,1515.9,10.0,2,4,0.2812,0.5672,0.5672,0,0,75.4
9.2,26.05,61.87,150.43,24.72,60.85,1.12,-0.12,14.73,1556.2,38.4,3,2,0.2998,0.4239,0.4239,0,0,78.3
9.23,27.52,48.68,130.03,3.07,74.22,1.98,-0.08,25.65,1300.1,10.0,3,2,0.3746,0.5326,0.5326,0,0,62.9
1.08,4.67,21.59,74.64,7.1,46.37,2.14,-0.04,21.82,1567.7,66.2,0,4,0.2673,0.4508,0.4508,0,0,76.2
29.18,80.91,151.8,279.18,37.8,91.06,2.35,0.3,29.38,1161.3,88.0,2,2,0.496,0.7355,0.7355,0,1,58.2
10.77,41.09,94.97,199.15,15.82,74.86,0.78,0.08,24.08,2166.1,82.1,2,2,0.3236,0.5783,0.5783,0,0,66.6
34.54,96.1,189.95,346.88,64.45,98.0,1.29,0.23,16.56,1162.4,50.0,3,0,0.485,0.6391,0.6391,0,1,55.9
37.99,97.63,154.84,305.92,35.66,98.0,3.34,0.74,34.08,1175.1,27.8,2,2,0.6292,0.7963,0.7963,1,1,46.9
4.76,12.15,41.11,86.18,0.0,61.81,0.78,-0.05,11.84,2227.8,72.7,0,1,0.2481,0.348,0.348,0,0,75.8
21.42,60.31,126.41,239.66,28.21,98.0,1.97,0.31,27.16,1628.1,244.8,1,1,0.4451,0.6762,0.6762,0,1,69.6
12.78,27.19,68.34,111.36,0.0,80.57,1.21,-0.05,19.17,923.5,490.6,0,2,0.2726,0.5225,0.5225,0,0,73.9
42.43,88.66,162.01,262.54,57.68,98.0,3.4,0.95,42.8,1320.4,45.0,2,1,0.6616,0.8448,0.8448,1,1,49.1
159.88,330.61,535.16,1038.71,150.0,98.0,4.92,1.74,18.93,1913.9,440.0,2,2,1.0,1.0,1.0,1,1,17.5
22.65,60.39,126.66,219.73,32.81,98.0,1.8,0.1,20.27,1419.6,68.4,1,3,0.443,0.6814,0.6814,0,1,59.3
18.72,42.31,78.93,121.34,14.22,58.55,1.78,0.09,33.46,1448.2,114.0,4,2,0.3685,0.588,0.588,0,0,66.2
7.0,20.69,57.17,154.46,14.84,73.79,1.29,0.02,12.63,1572.8,195.4,2,4,0.3133,0.4975,0.4975,0,0,70.3
2.94,19.44,53.79,78.02,19.2,81.44,1.6,-0.04,19.69,1117.1,53.4,2,3,0.3469,0.5413,0.5413,0,0,70.4
21.09,57.16,122.2,269.59,32.37,94.92,2.34,0.37,33.05,1449.7,28.0,0,3,0.4791,0.7696,0.7696,0,1,54.3
26.83,62.37,89.14,199.76,45.74,98.0,1.81,0.13,9.11,1105.3,38.3,2,5,0.4707,0.6062,0.6062,0,0,60.4
7.59,29.43,67.53,168.93,25.9,66.06,2.07,-0.08,19.2,1328.7,218.9,1,2,0.3091,0.4811,0.4811,0,0,72.9
20.7,41.72,74.57,189.5,44.99,98.0,1.28,0.07,8.3,1628.4,327.0,1,2,0.3783,0.4919,0.4919,0,0,59.4
76.45,163.81,327.36,589.88,72.54,98.0,3.24,0.57,13.41,1894.6,16.5,0,4,0.6857,0.9018,0.9018,1,1,44.7
24.98,67.05,114.59,206.29,29.07,98.0,2.31,0.28,29.75,1796.0,142.3,1,2,0.4796,0.7125,0.7125,0,1,55.0
4.44,16.91,52.25,128.52,26.13,92.15,1.3,-0.12,24.44,1699.6,10.0,2,3,0.3577,0.6074,0.6074,0,0,71.3
73.92,183.43,313.41,620.96,72.21,98.0,2.27,0.54,13.62,1732.6,249.5,1,2,0.612,0.8264,0.8264,1,1,57.7
6.78,25.64,49.54,94.45,18.52,81.0,1.08,-0.15,10.81,1593.0,233.2,2,1,0.2968,0.4038,0.4038,0,0,67.8
89.55,223.11,328.18,628.81,89.37,98.0,2.34,0.47,10.03,1764.1,178.8,1,1,0.6567,0.7857,0.7857,1,1,58.5
1.2,17.12,41.5,83.06,2.25,62.52,2.28,-0.07,11.07,1369.6,208.7,3,2,0.3175,0.3744,0.3744,0,0,67.0
2.36,14.49,42.3,106.09,21.68,69.33,1.52,-0.12,11.46,2234.1,111.3,0,4,0.2793,0.4575,0.4575,0,0,74.1
157.4,315.31,503.02,762.63,136.5,98.0,3.89,0.88,11.11,1724.4,19.1,0,1,0.9472,1.0,1.0,1,1,26.4
158.13,371.48,764.78,1030.86,150.0,98.0,3.15,0.73,9.98,2295.4,295.2,1,2,0.8748,1.0,1.0,1,1,32.0
36.09,70.57,127.29,300.72,47.85,98.0,2.69,0.55,33.09,1417.6,18.2,1,4,0.5677,0.8147,0.8147,0,1,51.9
0.3,0.87,17.09,41.88,16.31,66.26,1.08,-0.08,41.89,1400.9,30.6,2,2,0.2821,0.6015,0.6015,0,0,72.2
9.53,28.4,63.42,150.21,26.92,61.1,1.45,0.11,38.82,2342.3,68.0,1,1,0.3151,0.5891,0.5891,0,0,68.4
8.23,27.48,76.55,186.37,5.7,82.4,1.48,-0.05,17.57,1952.9,82.7,2,1,0.3513,0.4948,0.4948,0,0,65.4
0.39,9.5,32.4,98.64,11.88,81.02,1.98,-0.17,15.35,1605.9,12.2,1,0,0.3389,0.3893,0.3893,0,0,63.5
2.66,7.61,19.82,70.88,18.78,46.37,0.69,-0.16,9.72,1935.5,172.1,1,2,0.1906,0.2919,0.2919,0,0,81.0
128.94,317.37,667.97,1300.54,112.51,98.0,3.81,0.89,13.62,1404.6,17.7,3,0,0.904,1.0,1.0,1,1,25.6
13.58,32.75,63.58,128.0,27.82,54.39,1.34,-0.03,28.44,2002.0,127.6,1,2,0.2835,0.5175,0.5175,0,0,71.9
10.36,34.39,64.87,128.23,4.25,82.31,1.57,0.2,43.93,1095.8,72.2,1,3,0.3771,0.7512,0.7512,0,1,63.4
15.14,44.56,87.05,165.56,39.61,87.26,2.02,0.28,38.93,2319.0,199.9,3,0,0.4311,0.6621,0.6621,0,1,59.7
18.08,44.24,85.4,183.77,22.23,97.66,1.93,0.17,26.54,1510.4,42.0,2,4,0.4567,0.7101,0.7101,0,1,60.6
0.2,13.84,38.73,105.41,2.39,69.84,1.38,-0.01,23.24,903.3,217.3,0,1,0.2656,0.4588,0.4588,0,0,75.5
149.21,298.73,448.64,896.44,146.45,98.0,3.18,1.13,13.32,2144.3,34.9,0,1,0.9186,0.9593,0.9593,1,1,29.5
66.21,184.12,369.77,728.96,55.13,98.0,3.68,0.75,23.07,2225.7,102.5,0,3,0.6861,1.0,1.0,1,1,41.7
14.64,50.83,120.4,238.21,26.19,93.46,2.07,0.24,29.41,1954.4,79.9,2,1,0.4474,0.6742,0.6742,0,1,64.4
22.64,56.43,118.83,267.55,30.19,98.0,2.3,0.36,29.44,1789.0,52.2,0,2,0.4834,0.7151,0.7151,0,1,58.5
7.48,30.1,71.33,148.99,0.0,82.92,2.04,-0.05,28.07,2281.9,10.0,3,2,0.3952,0.6039,0.6039,0,0,63.8
29.74,92.42,152.85,244.56,31.9,96.91,2.53,0.47,37.66,1776.4,60.9,2,1,0.5384,0.7895,0.7895,0,1,51.4
29.65,80.14,145.68,287.18,63.45,98.0,1.92,0.41,26.36,2055.8,15.1,1,1,0.5041,0.6934,0.6934,0,1,58.1
14.73,38.27,77.57,121.35,30.51,88.1,2.07,0.09,25.02,1527.6,30.6,1,1,0.4177,0.5717,0.5717,0,0,66.0
74.61,152.79,315.32,504.33,83.09,98.0,3.18,0.66,19.01,1949.9,139.9,1,2,0.6804,0.8719,0.8719,1,1,48.8
2.68,17.9,37.36,67.55,10.96,77.66,0.97,-0.14,14.49,2398.3,101.6,2,3,0.2928,0.469,0.469,0,0,75.9
0.34,8.2,30.15,86.18,13.45,65.29,1.0,-0.17,8.05,1381.1,89.9,1,0,0.25,0.2841,0.2841,0,0,77.5
29.41,83.3,178.45,354.83,48.46,98.0,2.04,0.27,19.6,1938.2,99.6,0,4,0.474,0.7693,0.7693,0,1,55.9
32.92,84.12,139.84,289.19,24.57,98.0,2.52,0.54,30.79,995.7,15.3,0,2,0.5416,0.7516,0.7516,0,1,53.5
2.56,11.85,33.31,94.15,18.06,89.05,1.47,-0.11,28.12,1797.9,21.6,3,1,0.3641,0.545,0.545,0,0,64.7
6.17,24.75,63.22,108.62,20.05,68.05,1.2,-0.04,27.1,1282.8,93.9,2,2,0.3024,0.5446,0.5446,0,0,67.1
89.26,233.49,474.95,891.35,88.9,98.0,5.1,1.71,35.81,2179.9,62.7,0,0,0.9074,1.0,1.0,1,1,34.1
6.94,15.5,37.97,107.73,8.96,74.83,1.53,-0.1,16.38,1343.4,74.7,1,3,0.3203,0.477,0.477,0,0,68.2
29.67,75.75,151.32,247.74,23.88,89.1,2.43,0.44,32.43,1484.5,253.6,2,0,0.4888,0.6939,0.6939,0,1,54.1
14.59,49.61,104.61,226.32,26.35,96.76,1.4,0.09,29.86,2367.5,24.6,2,0,0.4173,0.6376,0.6376,0,1,54.8
8.56,22.51,46.76,124.55,0.0,58.49,1.05,-0.12,20.2,1105.4,289.9,2,2,0.2458,0.4425,0.4425,0,0,80.6
9.3,26.63,54.09,90.71,9.77,60.61,2.05,0.03,15.87,1681.9,233.8,1,4,0.3095,0.4828,0.4828,0,0,67.9
0.03,0.76,6.72,41.71,1.45,33.96,1.4,-0.11,28.26,2175.2,278.5,0,3,0.1693,0.4194,0.4194,0,0,78.8
7.13,19.48,40.62,85.7,0.0,51.52,0.97,-0.02,42.03,1269.5,123.1,2,2,0.2557,0.5901,0.5901,0,0,71.5
20.8,52.73,90.66,145.32,28.99,68.8,1.22,0.08,10.75,775.2,239.4,2,1,0.3335,0.4194,0.4194,0,0,65.9
73.14,161.27,304.47,544.4,66.31,98.0,4.37,1.82,42.31,2229.0,567.8,1,0,0.7886,0.985,0.985,1,1,44.7
37.55,98.99,190.37,307.88,38.0,98.0,2.25,0.51,24.73,1772.4,76.5,2,2,0.5504,0.7649,0.7649,0,1,52.8
0.48,13.91,20.26,69.82,5.66,57.5,0.99,-0.16,33.56,1130.2,237.5,3,1,0.234,0.4842,0.4842,0,0,73.9
45.77,121.06,208.09,437.83,31.23,98.0,2.96,0.87,36.92,1206.0,280.8,0,2,0.5909,0.8841,0.8841,0,1,56.2
30.58,77.29,148.7,311.5,38.02,98.0,1.61,0.21,13.45,2069.3,44.5,0,1,0.4583,0.5938,0.5938,0,0,60.0
30.32,66.22,129.94,210.94,48.93,84.61,1.46,0.03,9.62,1809.5,70.2,0,1,0.3999,0.5027,0.5027,0,0,64.8
12.25,41.19,70.74,172.27,16.94,98.0,1.15,-0.03,12.63,1958.8,102.3,1,2,0.3704,0.5219,0.5219,0,0,57.2
10.15,39.29,75.7,150.08,9.63,91.99,2.01,0.02,20.27,1702.4,51.5,2,0,0.412,0.5123,0.5123,0,0,59.4
7.22,26.58,59.53,94.95,34.56,92.27,1.59,0.06,42.44,2053.6,46.7,1,2,0.382,0.7306,0.7306,0,1,58.5
1.36,16.27,29.09,53.86,0.0,56.16,0.99,-0.13,9.54,2104.8,57.5,2,2,0.25,0.3291,0.3291,0,0,75.5
5.18,24.0,36.04,79.63,1.09,52.2,1.56,-0.11,41.11,1388.4,66.2,3,2,0.2868,0.5791,0.5791,0,0,68.2
5.66,23.53,39.52,84.25,9.77,84.46,1.62,-0.09,28.21,2236.6,34.9,2,2,0.3585,0.5705,0.5705,0,0,60.9
13.24,46.48,116.88,263.11,39.92,97.73,2.24,-0.05,11.68,1583.6,76.9,3,3,0.4422,0.6,0.6,0,0,58.3
27.52,67.92,133.05,220.74,31.49,75.24,1.53,-0.0,13.5,1014.3,181.0,2,1,0.3778,0.5113,0.5113,0,0,68.9
12.84,31.88,64.91,106.56,8.05,91.17,1.54,0.11,32.82,1110.5,117.5,1,4,0.3862,0.7171,0.7171,0,1,65.7
1.19,3.18,22.78,49.61,12.02,51.74,0.5,-0.14,29.9,1960.8,57.3,1,2,0.2075,0.4719,0.4719,0,0,75.9
63.3,146.28,222.34,381.15,87.35,98.0,2.23,0.35,14.03,1372.6,20.4,1,3,0.5947,0.7484,0.7484,0,1,50.4
57.2,110.28,195.61,359.37,77.19,98.0,4.35,1.19,40.56,1183.0,208.5,3,3,0.7528,0.9279,0.9279,1,1,40.3
30.76,91.68,183.16,296.01,46.3,98.0,1.48,0.07,12.78,1747.9,85.9,4,2,0.4737,0.6605,0.6605,0,1,58.5
94.95,238.82,498.78,753.58,80.85,98.0,4.36,1.37,26.42,2040.7,425.9,2,3,0.8265,1.0,1.0,1,1,32.5
157.48,363.29,607.72,1136.51,127.82,98.0,6.2,2.46,27.02,930.2,35.0,5,4,1.0,1.0,1.0,1,1,18.1
82.85,190.09,325.8,459.72,110.59,98.0,4.63,1.75,39.34,1491.1,23.2,1,3,0.8905,1.0,1.0,1,1,28.2
1.57,7.66,19.58,54.57,14.81,64.25,1.96,-0.15,8.8,2022.9,10.0,1,4,0.3065,0.3942,0.3942,0,0,63.1
9.1,26.21,59.67,140.93,0.0,70.74,1.44,-0.1,12.91,2241.0,10.3,1,1,0.3205,0.4043,0.4043,0,0,69.8
5.11,13.62,37.15,66.2,0.0,59.82,0.6,0.0,14.14,772.4,58.4,1,1,0.2535,0.3561,0.3561,0,0,74.2
4.36,26.29,55.24,123.62,2.55,83.48,2.19,-0.15,10.26,1832.5,26.5,1,2,0.3637,0.4434,0.4434,0,0,68.3
79.1,212.7,372.91,632.91,106.67,98.0,3.64,1.27,30.73,1735.7,10.0,1,2,0.7907,1.0,1.0,1,1,42.0
19.48,49.84,87.59,151.43,34.14,84.57,1.75,0.08,16.27,1604.3,30.6,1,2,0.4066,0.534,0.534,0,0,66.2
30.4,74.28,148.3,275.23,34.89,98.0,2.34,0.42,28.76,1014.3,156.6,2,3,0.5166,0.7757,0.7757,0,1,52.2
80.1,165.32,323.08,543.56,120.6,98.0,4.45,1.51,36.17,1973.9,159.7,2,4,0.8436,1.0,1.0,1,1,34.3
121.58,222.93,403.0,810.92,126.02,98.0,4.26,1.61,22.71,1398.1,19.5,3,3,0.9778,1.0,1.0,1,1,25.9
140.29,292.51,428.02,886.58,150.0,98.0,6.2,2.8,35.68,1137.1,330.8,1,2,1.0,1.0,1.0,1,1,22.6
103.0,266.87,466.58,828.84,137.88,98.0,5.74,2.02,36.0,2152.5,20.8,0,1,1.0,1.0,1.0,1,1,22.2
9.83,23.09,61.33,121.11,19.96,85.13,1.36,-0.03,17.48,1256.6,11.2,1,0,0.3571,0.4532,0.4532,0,0,64.2
22.43,66.46,113.03,226.02,18.08,97.6,1.95,0.1,8.57,1077.4,21.3,3,0,0.4746,0.48,0.48,0,0,58.4
6.02,13.51,37.21,87.65,17.2,73.55,1.21,-0.11,11.72,1264.9,18.2,3,2,0.3275,0.4052,0.4052,0,0,74.0
8.47,25.6,50.2,119.7,20.3,71.0,1.78,0.06,37.65,1048.7,119.9,1,7,0.3364,0.7713,0.7713,0,1,69.7
49.9,134.11,222.61,353.53,59.99,98.0,3.22,0.57,22.59,2032.5,20.4,2,0,0.6379,0.7272,0.7272,1,1,51.0
6.86,28.4,67.53,148.58,11.95,86.12,1.48,0.09,38.21,1050.4,120.7,1,2,0.3554,0.6893,0.6893,0,1,68.8
12.7,38.43,93.05,154.53,24.13,77.56,2.21,0.13,27.71,1932.5,38.9,0,1,0.3881,0.5826,0.5826,0,0,65.0
44.17,93.86,158.87,322.03,30.31,98.0,1.62,0.31,15.11,1018.1,34.3,2,0,0.5241,0.5894,0.5894,0,0,45.4
24.6,51.83,113.22,204.04,34.26,94.1,2.24,0.35,33.64,1123.4,273.1,2,4,0.4666,0.791,0.791,0,1,68.6
1.28,5.29,27.54,64.15,0.0,74.31,0.79,-0.03,28.09,1315.2,28.9,3,5,0.3053,0.6165,0.6165,0,0,70.0
158.01,349.77,544.69,1084.5,138.66,98.0,4.14,1.83,20.66,2317.6,239.9,0,2,1.0,1.0,1.0,1,1,28.2
0.16,1.27,12.93,31.53,2.32,63.95,1.3,-0.12,11.16,2257.8,43.4,0,4,0.2615,0.4041,0.4041,0,0,70.0
19.93,63.16,125.85,280.7,38.15,98.0,1.77,0.04,11.68,890.4,568.3,2,1,0.3722,0.5517,0.5517,0,0,67.3
11.87,41.32,70.1,158.96,27.57,98.0,1.02,0.01,14.79,1304.1,475.2,4,0,0.3484,0.4784,0.4784,0,0,65.1
2.88,15.42,32.63,104.46,24.99,85.91,2.26,-0.01,32.23,1321.5,211.0,0,3,0.3476,0.6282,0.6282,0,1,74.0
63.37,152.56,252.18,530.26,59.32,98.0,3.41,1.25,34.21,1099.1,243.1,0,5,0.6985,1.0,1.0,1,1,39.5
15.09,33.31,74.64,135.23,28.42,57.3,1.23,-0.03,30.71,1468.8,208.0,3,1,0.2978,0.5274,0.5274,0,0,67.7
109.1,264.05,499.03,963.54,138.79,98.0,3.94,1.11,20.14,1984.2,119.2,1,1,0.8485,1.0,1.0,1,1,33.4
13.89,42.63,98.34,151.41,20.45,78.45,1.85,-0.03,23.86,913.9,198.7,2,2,0.3602,0.5907,0.5907,0,0,66.7
22.76,55.06,127.11,202.8,18.75,79.62,2.26,0.26,33.54,1858.2,118.8,1,4,0.432,0.7666,0.7666,0,1,64.8
1.59,12.34,25.35,54.77,9.6,61.4,1.39,-0.03,31.75,1180.3,221.5,2,2,0.2679,0.5169,0.5169,0,0,76.3
6.42,22.1,57.46,128.23,16.01,77.49,2.12,0.04,35.83,1810.0,329.0,1,2,0.3308,0.6338,0.6338,0,1,62.6
32.9,96.65,160.9,301.65,42.59,98.0,1.58,0.2,16.68,1875.1,168.0,0,1,0.4459,0.6345,0.6345,0,1,58.3
12.31,26.76,63.12,131.21,20.41,77.82,1.86,-0.1,8.16,1951.4,401.2,4,0,0.3415,0.3603,0.3603,0,0,69.8
15.82,43.82,86.92,207.24,28.98,89.0,0.7,0.02,17.59,2171.8,71.4,3,2,0.369,0.5562,0.5562,0,0,65.3
83.54,230.79,383.9,614.2,66.62,98.0,3.28,0.97,20.52,2234.4,311.5,1,1,0.7161,0.9378,0.9378,1,1,42.7
0.9,2.79,7.36,27.13,11.99,51.66,1.67,-0.17,42.58,2002.6,30.8,2,0,0.2694,0.4943,0.4943,0,0,66.2
3.62,19.78,45.22,79.41,9.94,61.41,1.32,-0.1,15.84,1543.8,10.0,0,1,0.2715,0.3839,0.3839,0,0,61.8
11.8,33.63,53.69,90.95,0.0,82.15,1.66,0.05,37.75,822.9,16.4,3,2,0.3966,0.6576,0.6576,0,1,58.4
4.69,18.38,36.01,100.23,7.53,83.93,1.64,-0.05,30.41,2296.2,21.0,1,3,0.3514,0.6123,0.6123,0,0,68.8
111.94,278.22,589.55,1147.49,150.0,98.0,2.69,0.84,14.03,1742.2,208.8,1,0,0.7616,1.0,1.0,1,1,42.1
37.11,94.94,177.73,366.54,47.72,98.0,2.58,0.47,22.53,1632.0,61.5,3,2,0.5723,0.7318,0.7318,0,1,50.5
79.47,204.61,313.73,559.88,97.52,98.0,3.48,1.17,26.37,1145.2,31.9,1,2,0.7717,0.9288,0.9288,1,1,39.8
31.51,86.61,166.71,264.99,35.99,97.48,2.0,0.34,20.39,1879.0,200.7,0,5,0.4693,0.7898,0.7898,0,1,55.6
38.45,87.74,145.66,197.5,68.93,66.81,1.83,0.06,16.14,2391.3,27.1,0,2,0.4063,0.5542,0.5542,0,0,67.3
5.54,20.9,53.68,120.85,13.84,66.71,1.55,-0.04,17.1,1294.5,10.0,3,1,0.3339,0.4192,0.4192,0,0,63.0
64.69,173.52,300.34,508.49,111.32,98.0,3.37,0.92,29.07,2069.3,75.3,4,4,0.7296,0.994,0.994,1,1,43.7
4.39,22.54,63.13,123.97,0.0,58.87,1.37,-0.02,32.77,1230.4,10.0,0,2,0.2785,0.5642,0.5642,0,0,67.5
131.11,327.62,671.19,1175.85,126.55,98.0,5.26,1.89,24.88,1554.8,39.2,0,0,1.0,1.0,1.0,1,1,17.3
105.26,243.98,463.62,859.61,79.86,98.0,6.04,2.43,41.9,1101.9,144.6,1,3,1.0,1.0,1.0,1,1,30.7
24.88,52.32,98.08,221.85,34.27,98.0,1.87,0.41,34.23,1596.1,56.3,2,2,0.4939,0.7281,0.7281,0,1,53.2
144.9,301.01,494.61,754.12,150.0,98.0,6.2,2.8,40.1,1507.8,11.0,0,5,1.0,1.0,1.0,1,1,24.8
111.29,267.01,411.29,718.55,133.71,98.0,4.38,1.53,25.12,814.2,61.9,3,3,0.9435,1.0,1.0,1,1,30.3
6.01,23.19,63.57,133.55,17.83,65.75,1.01,0.0,8.54,1380.0,86.4,0,4,0.2729,0.4501,0.4501,0,0,77.2
11.49,41.44,84.91,124.42,17.67,73.88,1.61,0.14,29.31,853.5,34.6,1,4,0.3627,0.6652,0.6652,0,1,62.0
18.01,47.69,86.94,167.05,9.86,83.16,1.94,0.3,37.46,1493.5,22.5,2,4,0.4416,0.7588,0.7588,0,1,63.0
123.42,290.18,543.11,1016.57,150.0,98.0,5.62,1.92,27.32,2367.3,172.1,3,3,1.0,1.0,1.0,1,1,22.3
19.48,41.1,89.89,175.62,24.98,91.3,1.79,0.22,28.44,1233.4,10.0,4,2,0.4698,0.6531,0.6531,0,1,57.0
94.06,194.14,404.76,576.8,106.09,98.0,6.07,2.21,43.1,1600.8,377.2,4,3,1.0,1.0,1.0,1,1,22.2
4.22,22.82,57.49,138.3,14.91,64.94,1.14,-0.14,21.18,964.8,10.0,4,0,0.3086,0.4215,0.4215,0,0,67.3
31.46,62.89,117.12,165.51,55.74,81.73,2.46,0.48,36.87,1004.1,126.4,1,0,0.4887,0.6669,0.6669,0,1,60.5
47.7,106.54,205.02,422.38,60.49,98.0,3.33,0.6,26.18,1336.5,17.2,0,0,0.6208,0.7344,0.7344,1,1,55.7
57.54,137.26,251.76,412.03,60.66,98.0,2.67,0.81,24.69,1558.1,95.0,1,1,0.6364,0.8096,0.8096,1,1,55.7
64.45,153.8,239.44,360.97,75.34,98.0,2.22,0.31,13.24,1907.3,24.9,1,2,0.593,0.733,0.733,0,1,61.1
14.74,31.73,82.31,137.72,10.79,62.75,1.94,0.13,34.94,1503.5,10.0,0,4,0.3526,0.6758,0.6758,0,1,64.1
75.71,183.41,347.86,541.67,99.09,98.0,4.78,1.55,37.64,790.2,235.7,2,1,0.8404,1.0,1.0,1,1,47.0
28.32,77.96,134.15,234.0,34.71,85.15,1.71,0.23,23.51,1197.1,66.2,2,1,0.4483,0.6205,0.6205,0,1,61.4
3.53,18.28,55.73,141.38,6.99,77.39,2.05,-0.1,35.49,790.9,38.6,3,1,0.3653,0.5987,0.5987,0,0,68.4
128.13,345.31,655.33,1049.58,150.0,98.0,5.55,1.98,28.92,2264.6,353.1,1,1,1.0,1.0,1.0,1,1,29.5
158.74,312.61,473.81,839.0,150.0,98.0,4.91,1.53,17.27,797.9,10.3,1,2,1.0,1.0,1.0,1,1,24.5
5.68,15.31,32.73,71.05,9.66,57.31,1.44,0.02,41.25,831.8,51.4,1,4,0.2897,0.6505,0.6505,0,1,72.2
20.47,48.58,100.35,178.14,22.98,78.98,1.81,0.3,33.08,1242.2,23.4,0,1,0.4124,0.6385,0.6385,0,1,64.6
21.97,60.09,104.68,210.78,22.84,98.0,2.73,0.35,39.62,1793.3,567.9,1,2,0.4415,0.7793,0.7793,0,1,59.1
3.55,10.75,41.02,119.95,7.85,78.25,1.48,-0.03,18.13,1340.6,94.8,0,6,0.3109,0.5943,0.5943,0,0,70.1
16.65,48.73,74.83,153.05,27.79,98.0,2.36,0.31,40.99,851.6,200.7,2,3,0.4667,0.7838,0.7838,0,1,56.5
29.54,69.52,105.55,210.81,39.18,97.99,1.65,0.18,21.13,2129.8,21.4,1,1,0.4677,0.6024,0.6024,0,0,59.3
13.82,41.86,74.08,154.73,20.91,98.0,1.41,-0.12,8.34,1905.4,43.6,1,2,0.3847,0.4917,0.4917,0,0,70.9
0.24,8.7,19.34,31.3,0.0,44.96,0.75,-0.14,10.7,1404.0,116.0,0,4,0.1834,0.3551,0.3551,0,0,83.8
0.18,5.31,27.08,94.99,0.0,53.45,1.53,-0.02,11.22,1866.9,23.5,4,1,0.3008,0.3025,0.3025,0,0,62.4
8.83,24.63,55.83,107.48,9.31,86.89,0.99,-0.02,15.46,1203.1,83.2,1,2,0.3341,0.4952,0.4952,0,0,69.7
74.41,150.25,259.23,387.63,58.63,98.0,2.97,0.46,14.71,1621.0,321.9,0,1,0.6171,0.739,0.739,1,1,50.3
5.19,19.66,40.24,88.93,0.0,58.69,1.9,-0.08,10.08,2202.8,319.5,3,3,0.2858,0.3842,0.3842,0,0,68.4
149.79,284.08,435.4,866.02,150.0,98.0,6.2,2.8,40.23,927.7,52.6,0,0,1.0,1.0,1.0,1,1,22.4
120.61,278.79,445.0,871.8,128.85,98.0,6.2,2.64,37.82,2147.4,87.1,1,5,1.0,1.0,1.0,1,1,23.8
7.76,32.67,54.77,111.28,6.05,71.49,1.91,-0.0,35.46,2051.1,26.5,1,1,0.3479,0.5808,0.5808,0,0,69.6
37.68,91.78,146.37,207.28,37.36,98.0,1.85,0.52,25.25,2316.0,460.9,0,2,0.4628,0.7153,0.7153,0,1,57.6
26.1,52.77,88.06,143.69,47.72,64.91,1.5,0.08,23.31,1597.7,88.0,3,4,0.3807,0.5958,0.5958,0,0,67.6
2.01,17.56,29.06,75.36,5.93,79.65,1.27,-0.16,23.31,1203.6,27.7,1,2,0.3068,0.505,0.505,0,0,72.8
11.2,42.9,70.03,164.73,18.77,69.06,1.45,0.07,17.42,1332.6,223.5,2,2,0.3215,0.4783,0.4783,0,0,70.1
0.59,8.64,31.61,71.82,0.0,66.72,1.68,-0.08,29.9,1805.7,65.4,0,2,0.2863,0.5246,0.5246,0,0,70.9
13.11,42.59,86.88,160.28,5.86,89.84,1.3,0.06,10.13,982.3,121.3,3,2,0.3883,0.4987,0.4987,0,0,64.4
21.72,57.2,125.21,263.19,13.91,98.0,2.12,0.39,31.72,1330.3,222.6,2,0,0.4735,0.6812,0.6812,0,1,59.4
2.52,12.26,38.05,54.62,1.65,61.18,1.32,-0.05,26.5,1948.6,44.4,1,2,0.2789,0.4898,0.4898,0,0,76.9
6.82,18.82,39.3,53.23,21.95,67.01,0.95,-0.01,37.39,1696.7,103.5,0,1,0.2714,0.5648,0.5648,0,0,72.2
10.14,34.98,62.82,124.05,8.98,66.57,1.33,0.0,43.02,853.5,10.0,4,2,0.35,0.6673,0.6673,0,1,67.9
92.69,198.62,340.4,582.09,87.51,98.0,4.6,1.97,39.56,1569.8,32.1,3,1,0.9542,1.0,1.0,1,1,25.5
99.98,220.06,350.07,691.11,75.04,98.0,6.0,1.94,33.92,1615.0,17.9,4,1,1.0,1.0,1.0,1,1,20.9
0.92,2.4,7.44,56.07,3.45,79.17,1.22,-0.03,23.58,1906.3,124.0,0,2,0.2905,0.4794,0.4794,0,0,68.7
28.63,74.27,158.59,234.63,19.31,87.43,2.04,0.2,15.72,767.6,35.3,1,4,0.4601,0.6844,0.6844,0,1,65.8
155.94,415.44,841.7,1382.52,150.0,98.0,6.2,2.8,31.94,1456.9,171.2,1,4,1.0,1.0,1.0,1,1,25.6
9.97,32.2,80.52,204.76,13.6,86.17,1.63,-0.03,15.26,2212.9,171.8,0,1,0.3411,0.4918,0.4918,0,0,65.4
28.07,66.83,121.02,234.19,29.07,87.13,1.71,0.02,8.73,791.5,184.0,1,3,0.4057,0.5517,0.5517,0,0,65.7
50.12,140.14,225.58,323.01,83.1,98.0,2.5,0.83,28.64,1859.5,17.1,1,4,0.6225,0.8992,0.8992,1,1,44.3
60.29,147.68,240.12,491.29,58.86,98.0,3.28,0.78,22.19,1118.3,89.6,0,2,0.6584,0.8054,0.8054,1,1,42.0
113.5,217.11,438.98,732.22,99.39,98.0,6.2,2.56,39.54,1389.4,136.4,0,3,1.0,1.0,1.0,1,1,24.9
8.84,18.21,44.12,105.61,3.02,61.64,1.39,0.09,31.25,2208.8,46.8,1,0,0.312,0.4765,0.4765,0,0,75.0
30.98,60.73,112.52,208.85,37.52,72.5,2.02,0.41,31.3,1348.2,36.1,3,4,0.4731,0.7109,0.7109,0,1,64.0
5.78,13.51,40.42,90.43,9.92,64.69,0.97,-0.02,36.36,1650.0,151.9,0,1,0.2579,0.5515,0.5515,0,0,71.3
16.61,50.63,82.12,141.65,12.54,70.04,1.98,-0.02,20.08,897.9,51.9,0,1,0.3543,0.4871,0.4871,0,0,65.7
99.85,219.14,438.66,772.47,119.05,98.0,6.2,2.36,42.49,1285.8,34.3,2,0,1.0,1.0,1.0,1,1,27.9
21.38,48.81,125.05,231.25,44.88,94.0,1.39,0.16,15.97,983.7,99.3,4,2,0.445,0.6038,0.6038,0,0,61.2
5.5,19.92,38.85,58.52,21.43,48.51,1.41,-0.07,39.38,1676.6,116.2,3,2,0.2706,0.5583,0.5583,0,0,73.7
86.33,220.68,321.24,514.54,99.33,98.0,5.36,2.0,40.79,1508.6,180.0,2,1,0.9457,1.0,1.0,1,1,27.8
50.08,132.71,241.29,472.44,60.97,98.0,1.63,0.26,9.41,1186.6,10.0,1,3,0.5279,0.7346,0.7346,0,1,53.4
2.15,16.08,32.09,89.92,14.94,69.06,1.33,-0.05,30.75,2399.4,23.0,1,2,0.2986,0.5385,0.5385,0,0,75.7
92.0,176.24,358.04,595.15,88.1,98.0,5.1,1.72,34.98,1002.9,180.2,2,0,0.9199,0.9918,0.9918,1,1,30.9
4.99,14.53,46.03,105.52,5.76,82.27,1.59,0.06,42.34,2112.0,91.1,1,3,0.3482,0.7153,0.7153,0,1,63.7
144.96,289.21,542.64,752.77,150.0,98.0,4.29,1.35,17.05,809.0,196.8,1,1,0.9678,1.0,1.0,1,1,29.6
0.73,7.39,18.33,69.7,3.31,57.93,1.62,-0.06,28.23,2147.3,71.4,0,0,0.2656,0.4104,0.4104,0,0,69.2
3.85,16.74,38.07,75.17,11.22,73.6,1.45,-0.1,35.83,1537.0,73.8,1,4,0.3062,0.6593,0.6593,0,1,69.4
40.31,80.22,142.29,237.22,51.63,86.54,1.29,0.16,13.34,2116.5,56.9,1,1,0.4471,0.553,0.553,0,0,64.4
6.64,21.71,43.18,99.55,1.95,89.95,1.73,0.06,38.71,1982.9,141.0,2,2,0.3783,0.6743,0.6743,0,1,62.3
60.1,132.65,259.63,410.62,67.7,98.0,2.59,0.71,22.53,1694.8,107.1,2,1,0.6375,0.802,0.802,1,1,45.7
17.43,56.24,101.6,240.39,23.5,91.96,2.71,0.12,31.03,1363.1,59.9,1,2,0.4603,0.6899,0.6899,0,1,68.1
125.3,306.6,504.27,932.53,138.8,98.0,2.96,0.65,9.51,1848.1,24.9,3,2,0.8323,1.0,1.0,1,1,34.2
17.35,45.9,80.66,143.98,33.76,60.91,1.25,0.08,16.03,2123.7,10.0,4,3,0.36,0.4873,0.4873,0,0,63.4
14.54,36.87,60.51,145.06,22.86,77.99,2.31,0.0,25.21,1580.5,11.5,1,1,0.3992,0.524,0.524,0,0,67.1
28.44,66.04,136.44,220.27,54.05,98.0,1.7,0.21,18.41,1434.5,13.7,3,2,0.4917,0.6485,0.6485,0,1,57.0
6.64,27.31,60.68,136.63,0.0,83.22,1.08,0.13,42.48,985.8,101.1,2,1,0.3473,0.677,0.677,0,1,77.3
8.71,28.07,53.27,86.84,17.01,80.63,2.24,-0.03,36.62,2228.8,170.9,2,3,0.3734,0.6738,0.6738,0,1,63.7
44.9,123.84,251.78,399.43,55.62,98.0,3.22,0.91,39.14,1191.1,73.3,0,0,0.632,0.8952,0.8952,1,1,48.6
152.19,408.32,719.94,1257.53,123.6,98.0,5.01,2.17,24.79,953.8,64.2,2,1,1.0,1.0,1.0,1,1,27.7
44.62,114.12,191.9,298.68,48.6,98.0,2.12,0.52,25.05,859.3,17.0,2,3,0.5709,0.7994,0.7994,0,1,49.5
90.88,253.32,398.73,581.74,121.65,98.0,5.69,1.92,36.99,1988.8,277.5,2,2,0.9508,1.0,1.0,1,1,28.9
30.32,79.95,174.68,293.71,39.72,98.0,2.02,0.31,21.95,1863.7,159.5,2,4,0.4912,0.7835,0.7835,0,1,59.0
80.9,150.78,276.06,463.58,69.13,98.0,3.86,1.13,25.31,948.8,64.7,1,1,0.7843,0.8443,0.8443,1,1,34.9
70.55,190.61,294.57,582.47,55.11,98.0,3.7,0.97,27.03,1624.7,12.2,4,3,0.7718,0.9407,0.9407,1,1,38.9
4.58,13.97,50.46,82.66,5.41,48.09,1.13,0.02,29.86,1001.9,224.6,1,4,0.2293,0.5552,0.5552,0,0,73.7
17.89,56.96,98.55,190.08,41.89,98.0,2.27,0.27,31.4,1382.9,22.3,2,3,0.4856,0.736,0.736,0,1,57.4
4.12,23.3,58.11,119.5,2.38,81.51,1.39,-0.11,32.51,2041.7,134.3,2,1,0.3221,0.5893,0.5893,0,0,67.4
8.06,31.52,82.74,152.05,17.92,78.26,1.66,-0.09,23.98,1125.9,49.8,2,1,0.351,0.5421,0.5421,0,0,65.0
38.62,102.92,188.5,329.47,49.66,98.0,1.92,0.23,18.63,795.7,235.6,3,3,0.4989,0.7438,0.7438,0,1,63.8
115.71,262.1,520.63,801.45,127.32,98.0,6.2,2.79,41.13,1069.0,106.1,3,1,1.0,1.0,1.0,1,1,29.7
1.48,11.85,41.55,86.61,17.66,69.18,1.06,0.0,37.76,1410.8,31.0,1,2,0.289,0.6066,0.6066,0,0,74.1
1.43,11.09,22.09,55.69,15.56,48.51,1.7,-0.19,8.12,1148.8,10.0,1,2,0.2556,0.2878,0.2878,0,0,76.2
56.53,129.74,270.79,389.02,39.65,98.0,3.52,0.82,26.47,1941.7,28.6,2,0,0.6916,0.8171,0.8171,1,1,43.8
14.14,43.95,86.27,172.46,23.24,80.76,2.01,-0.02,17.89,2052.1,54.6,2,3,0.3929,0.5647,0.5647,0,0,63.4
10.53,36.57,69.99,130.25,33.98,64.18,0.86,-0.06,31.14,1146.8,147.9,0,1,0.2599,0.5444,0.5444,0,0,77.3
33.31,75.52,165.59,297.01,25.14,98.0,2.46,0.35,26.1,1193.2,29.2,3,4,0.5488,0.8055,0.8055,0,1,52.3
159.85,320.46,494.87,668.58,150.0,98.0,3.16,0.75,8.76,1674.1,36.4,2,1,0.9254,0.9793,0.9793,1,1,33.9
8.08,32.97,61.48,119.16,10.54,59.93,2.06,-0.02,34.2,1991.7,68.5,1,3,0.3219,0.6065,0.6065,0,0,71.8
23.66,59.49,112.53,208.94,23.69,77.84,2.22,0.11,17.91,2333.0,10.0,2,1,0.4391,0.5288,0.5288,0,0,54.3
29.49,66.76,150.12,246.52,27.35,98.0,2.33,0.24,17.37,1245.9,175.5,1,1,0.4834,0.6268,0.6268,0,1,58.4
21.26,45.75,103.49,204.35,32.4,95.33,1.5,-0.04,9.15,2253.3,10.0,3,0,0.4345,0.4666,0.4666,0,0,52.7
132.55,357.51,672.56,1250.81,103.52,98.0,6.2,2.75,37.82,1049.9,160.3,2,1,1.0,1.0,1.0,1,1,23.5
97.76,198.09,397.76,796.06,100.15,98.0,3.89,1.57,28.84,817.7,37.4,0,3,0.8647,1.0,1.0,1,1,28.1
15.49,35.8,76.71,155.32,32.59,87.37,1.9,0.1,25.45,2057.6,73.9,3,3,0.425,0.632,0.632,0,1,57.0
6.64,23.88,39.44,102.08,10.94,82.0,2.16,0.02,32.33,1539.7,63.4,0,0,0.3662,0.5364,0.5364,0,0,71.2
148.92,311.54,620.73,1076.47,116.35,98.0,4.85,1.59,20.43,876.8,35.0,2,2,1.0,1.0,1.0,1,1,21.1
0.77,8.75,18.33,41.0,0.0,52.96,0.66,-0.14,28.5,867.3,35.4,0,4,0.2093,0.5187,0.5187,0,0,71.5
2.74,19.34,45.7,91.75,0.0,63.04,1.48,-0.08,16.97,772.5,357.2,3,3,0.2652,0.4581,0.4581,0,0,69.2
29.01,65.99,117.61,219.82,26.1,98.0,1.44,0.02,10.27,1255.4,43.7,1,1,0.4386,0.5303,0.5303,0,0,59.5
0.0,1.56,18.94,58.8,0.0,73.05,0.84,-0.03,28.21,1963.3,24.3,1,3,0.2818,0.5434,0.5434,0,0,74.5
10.78,20.81,47.33,111.07,30.9,88.36,1.1,0.08,15.96,1847.8,34.6,2,1,0.3742,0.463,0.463,0,0,59.9
14.78,42.25,74.74,110.07,14.63,75.85,1.68,0.13,35.0,2399.5,142.6,2,3,0.373,0.6737,0.6737,0,1,68.8
1.12,5.13,25.06,59.98,26.38,59.07,1.7,-0.13,24.27,1730.0,44.3,1,1,0.2794,0.4201,0.4201,0,0,64.8
72.3,148.7,220.62,381.4,73.83,98.0,2.86,0.7,17.01,932.3,22.6,2,2,0.6906,0.7402,0.7402,1,1,43.9
5.13,9.92,37.71,113.44,0.0,79.54,1.96,0.02,29.9,2364.5,64.2,3,1,0.3785,0.538,0.538,0,0,64.8
7.25,16.81,50.82,107.25,11.58,80.37,0.98,-0.15,12.2,1893.4,15.0,1,1,0.3111,0.4147,0.4147,0,0,70.1
7.25,22.0,57.6,131.82,17.39,90.24,1.21,0.1,35.41,1367.2,61.0,1,2,0.3628,0.6664,0.6664,0,1,61.7
5.24,13.27,48.13,121.26,14.85,68.13,1.28,0.02,24.28,1157.5,237.9,4,1,0.3102,0.4738,0.4738,0,0,69.4
0.03,9.18,36.25,113.71,0.67,64.07,1.2,-0.07,37.26,1116.6,56.0,2,3,0.2793,0.6118,0.6118,0,0,65.2
26.14,71.57,150.09,329.71,48.33,98.0,1.53,-0.0,12.97,2327.8,86.6,2,3,0.4371,0.6516,0.6516,0,1,61.4
68.13,167.81,270.46,542.67,55.28,98.0,2.47,0.81,21.77,1442.0,186.8,3,1,0.662,0.8091,0.8091,1,1,52.4
140.36,379.72,560.52,1026.86,118.1,98.0,3.76,1.15,14.48,1553.2,87.1,0,1,0.9173,1.0,1.0,1,1,28.6
21.76,55.41,112.68,202.66,29.7,90.25,1.48,0.08,10.2,2130.7,10.0,3,3,0.4358,0.562,0.562,0,0,59.4
27.09,67.61,138.87,231.94,27.79,95.57,2.24,0.5,42.39,2340.4,29.0,1,1,0.5135,0.8065,0.8065,0,1,57.2
37.73,70.29,154.02,345.47,47.68,98.0,2.83,0.59,34.16,757.2,269.6,0,0,0.5389,0.7359,0.7359,0,1,52.3
10.99,40.29,89.9,167.21,18.06,96.6,1.26,-0.02,19.72,2383.9,194.5,3,1,0.3785,0.5681,0.5681,0,0,70.4
7.22,23.44,52.23,90.73,13.36,47.98,1.82,-0.14,16.86,874.5,171.6,2,4,0.2676,0.4531,0.4531,0,0,66.5
7.87,19.19,55.31,97.14,18.1,52.61,0.74,-0.14,15.36,2130.8,95.1,1,2,0.2312,0.3978,0.3978,0,0,79.8
71.39,138.31,257.1,372.73,91.37,98.0,2.65,0.24,9.55,2318.0,52.3,2,4,0.629,0.785,0.785,1,1,43.6
33.94,74.27,150.76,319.85,49.01,98.0,2.17,0.1,11.7,1675.8,142.3,1,3,0.4782,0.6422,0.6422,0,1,57.8
4.01,16.14,47.1,87.07,11.1,57.87,0.93,-0.14,11.7,1660.3,130.6,0,2,0.2274,0.3732,0.3732,0,0,71.5
9.27,31.28,60.52,114.11,21.34,71.99,1.49,-0.06,31.99,1853.9,123.5,2,2,0.3248,0.5914,0.5914,0,0,66.3
46.44,105.62,172.45,347.23,72.45,98.0,2.98,0.66,29.41,1332.2,84.1,3,2,0.6288,0.7805,0.7805,1,1,49.1
32.87,65.01,102.17,157.46,55.98,97.54,2.12,0.4,28.45,1023.6,36.0,0,2,0.5061,0.6856,0.6856,0,1,61.7
83.81,210.8,313.6,617.87,104.0,98.0,4.6,1.63,34.44,859.6,68.6,2,0,0.8833,0.9332,0.9332,1,1,39.5
143.52,301.59,487.57,798.31,150.0,98.0,3.86,1.34,17.04,2203.8,86.1,2,4,0.9689,1.0,1.0,1,1,28.8
9.99,27.49,59.85,141.52,19.36,62.79,1.11,-0.12,20.33,1653.1,29.2,1,1,0.2868,0.4416,0.4416,0,0,69.9
17.86,49.2,106.77,204.22,11.95,89.35,2.12,-0.06,12.56,1895.2,31.4,2,3,0.4254,0.5712,0.5712,0,0,63.2
21.64,66.24,143.38,269.95,43.81,98.0,2.28,0.34,29.16,1297.9,188.3,1,0,0.47,0.6829,0.6829,0,1,63.7
1.63,18.4,35.89,85.86,0.0,66.91,1.49,0.01,41.58,2081.6,46.2,2,1,0.3123,0.5939,0.5939,0,0,74.3
15.73,51.47,73.85,145.5,14.79,88.91,2.28,0.24,39.07,1327.4,436.5,1,1,0.3916,0.6818,0.6818,0,1,67.0
24.71,61.59,103.32,164.34,23.52,91.83,1.83,0.35,27.98,799.1,68.8,2,3,0.4703,0.6972,0.6972,0,1,60.0
3.66,15.54,43.6,105.92,0.0,83.23,2.18,-0.14,31.21,1305.9,112.6,0,1,0.3409,0.566,0.566,0,0,60.3
97.05,259.91,408.95,820.0,137.73,98.0,6.2,2.34,43.72,2153.0,84.1,0,4,1.0,1.0,1.0,1,1,29.9
17.53,46.9,98.47,172.49,11.26,80.56,1.58,0.06,26.62,2195.2,81.5,2,3,0.386,0.6489,0.6489,0,1,65.6
60.82,173.03,353.86,651.09,80.02,98.0,4.01,1.28,39.34,2292.3,264.9,0,1,0.718,1.0,1.0,1,1,33.7
0.87,8.79,32.2,104.76,23.37,65.01,1.73,-0.15,26.02,1574.1,11.7,5,0,0.3358,0.4296,0.4296,0,0,64.3
6.17,17.56,54.65,87.71,12.33,74.96,1.19,-0.02,9.72,2328.4,50.9,3,0,0.3347,0.3545,0.3545,0,0,71.5
18.4,45.5,71.88,104.69,30.0,65.18,2.32,0.1,41.65,1573.6,40.4,0,1,0.3771,0.6335,0.6335,0,1,64.2
7.04,29.21,64.66,143.44,14.26,64.48,1.0,-0.09,12.03,1004.0,47.3,1,2,0.2789,0.4158,0.4158,0,0,71.0
25.06,67.71,99.78,151.83,21.75,98.0,1.84,0.42,33.35,1578.4,292.5,0,2,0.4434,0.7232,0.7232,0,1,65.7
28.46,81.06,124.69,238.97,37.11,93.25,1.67,0.07,16.57,2183.2,10.0,1,1,0.4458,0.576,0.576,0,0,55.9
2.16,5.07,25.82,92.35,0.0,51.42,1.3,0.02,40.44,2046.4,40.0,2,2,0.2735,0.559,0.559,0,0,70.8
14.42,39.67,99.5,177.47,25.15,83.21,1.32,-0.03,15.22,1466.2,160.6,0,3,0.3334,0.5663,0.5663,0,0,59.8
14.22,28.54,69.71,164.62,10.91,96.62,1.62,-0.06,13.04,1100.7,32.7,4,1,0.43,0.4901,0.4901,0,0,62.2
9.22,22.52,63.68,136.64,25.97,92.17,1.75,0.1,23.79,1708.8,214.9,1,5,0.3754,0.6763,0.6763,0,1,60.5
54.04,114.15,224.59,445.5,66.56,98.0,3.05,0.66,25.88,2286.5,48.0,1,1,0.6358,0.7859,0.7859,1,1,47.1
35.15,96.42,209.66,345.04,31.56,98.0,2.36,0.63,37.48,1042.9,14.4,2,3,0.5698,0.9205,0.9205,0,1,48.5
23.89,59.11,127.87,226.29,34.53,98.0,2.28,0.44,35.45,2114.6,87.9,3,3,0.5189,0.8043,0.8043,0,1,64.4
83.47,185.58,378.2,752.33,64.86,98.0,3.33,0.95,19.82,993.1,85.9,2,1,0.756,0.9252,0.9252,1,1,40.2
12.39,33.87,83.83,132.18,4.08,75.39,1.16,-0.03,21.86,2267.3,10.0,1,3,0.334,0.5784,0.5784,0,0,71.7
50.76,123.19,241.66,406.97,49.97,98.0,2.68,0.67,28.76,1893.9,151.9,1,0,0.599,0.7998,0.7998,0,1,52.8
23.72,50.93,99.71,204.9,36.75,88.41,2.21,0.26,27.86,930.1,18.3,3,5,0.4859,0.7423,0.7423,0,1,63.8
26.11,60.31,106.3,223.08,19.51,83.59,2.55,0.4,39.03,1084.0,28.8,1,1,0.4883,0.7063,0.7063,0,1,57.0
39.57,84.0,135.67,243.4,51.56,98.0,1.88,0.5,25.01,2279.4,99.2,3,0,0.5448,0.6403,0.6403,0,1,52.3
6.41,26.35,66.34,115.33,7.95,68.87,2.11,-0.05,40.17,1587.5,265.7,1,1,0.3111,0.6252,0.6252,0,1,71.5
32.91,84.39,173.08,352.92,35.76,98.0,2.12,0.13,15.38,1498.3,10.0,0,0,0.4832,0.609,0.609,0,0,59.4
4.34,22.72,61.17,110.93,10.99,76.75,1.79,-0.04,39.23,846.1,207.6,1,3,0.317,0.6935,0.6935,0,1,68.2
8.47,27.37,54.53,119.15,26.55,57.03,1.8,-0.04,18.95,888.7,168.4,3,3,0.3101,0.468,0.468,0,0,70.4
8.18,30.14,56.12,123.39,24.68,86.0,2.13,0.01,36.41,1891.2,21.2,1,2,0.3925,0.6607,0.6607,0,1,63.9
90.37,235.36,383.99,721.2,74.97,98.0,4.36,1.42,28.35,2031.9,56.0,1,2,0.8599,1.0,1.0,1,1,33.7
38.83,103.98,195.98,313.88,66.01,98.0,2.5,0.78,39.52,2180.6,283.7,0,0,0.5441,0.8301,0.8301,0,1,58.7
24.16,69.55,136.54,202.47,27.76,83.02,1.39,0.09,16.33,1579.6,19.0,2,3,0.4117,0.6199,0.6199,0,0,64.1
25.97,57.47,122.65,202.17,37.37,98.0,2.44,0.47,33.25,1292.1,14.2,2,1,0.5341,0.7203,0.7203,0,1,51.1
16.51,43.52,69.63,128.22,25.47,65.32,1.13,0.17,38.56,1782.1,159.5,1,1,0.321,0.6065,0.6065,0,0,71.3
58.78,118.06,214.73,330.84,57.7,98.0,3.37,1.19,35.96,1771.2,76.4,0,1,0.7012,0.8545,0.8545,1,1,38.2
112.17,274.7,469.74,711.73,150.0,98.0,5.23,1.82,28.38,807.2,40.1,0,3,0.9846,1.0,1.0,1,1,25.6
108.24,248.4,533.63,1027.94,125.04,98.0,4.61,2.05,32.31,2299.0,22.6,3,3,1.0,1.0,1.0,1,1,31.5
3.56,14.91,36.71,57.06,14.16,71.02,1.58,-0.14,15.07,1810.2,153.7,1,1,0.2907,0.3943,0.3943,0,0,77.4
30.85,81.96,157.28,336.14,5.93,98.0,1.58,0.28,15.79,760.7,69.5,2,0,0.4817,0.593,0.593,0,0,54.5
96.0,197.54,437.01,597.92,139.28,98.0,3.06,0.84,17.62,2333.4,32.8,1,1,0.7613,0.9795,0.9795,1,1,38.7
9.7,29.4,52.83,108.22,11.71,78.34,0.94,0.14,37.81,2321.9,344.6,3,0,0.3164,0.5864,0.5864,0,0,65.5
0.51,15.39,33.77,75.18,6.22,53.32,1.1,-0.18,14.03,2310.8,98.8,1,0,0.2259,0.3028,0.3028,0,0,79.6
36.53,75.32,149.6,296.31,22.82,92.73,2.27,0.22,18.76,2216.7,52.3,1,1,0.5013,0.6226,0.6226,0,1,56.7
0.23,8.41,27.76,40.2,3.47,48.87,1.74,-0.02,41.14,1054.6,152.6,3,4,0.2732,0.6199,0.6199,0,0,75.0
24.33,63.31,117.33,215.15,26.14,98.0,2.37,0.34,35.19,2362.3,82.3,2,2,0.5049,0.7593,0.7593,0,1,57.3
70.3,160.26,334.78,497.48,55.82,98.0,4.85,1.35,34.39,2007.2,10.0,3,0,0.8507,0.9587,0.9587,1,1,33.8
11.51,32.0,63.96,116.14,22.57,60.21,1.34,-0.08,24.39,1807.2,220.4,6,2,0.3234,0.5018,0.5018,0,0,60.2
5.36,15.44,38.79,71.68,11.03,39.14,1.15,-0.06,33.29,2305.4,10.0,1,7,0.2333,0.6333,0.6333,0,1,75.5
24.41,54.97,104.51,186.59,45.22,76.33,1.61,0.17,28.37,1378.8,545.1,4,2,0.3649,0.6284,0.6284,0,1,67.8
33.98,92.01,137.27,235.37,41.59,98.0,1.76,0.21,10.57,2286.8,51.6,0,2,0.4724,0.5868,0.5868,0,0,56.1
85.5,191.28,314.39,455.69,104.37,98.0,4.45,1.43,28.75,1749.4,89.3,1,2,0.8487,0.9487,0.9487,1,1,34.3
68.25,167.23,253.21,346.48,58.56,98.0,3.25,0.97,24.28,1705.8,800.0,2,2,0.6214,0.8381,0.8381,1,1,49.4
1.06,5.51,30.13,79.35,2.29,49.01,1.16,-0.0,12.1,1815.8,37.6,2,1,0.2566,0.3009,0.3009,0,0,73.0
14.06,40.05,80.79,188.99,34.74,98.0,1.39,0.06,20.39,1994.4,74.5,1,1,0.3985,0.5663,0.5663,0,0,63.8
25.35,57.93,125.27,183.57,25.07,97.45,2.43,0.44,40.21,1484.1,168.7,3,2,0.517,0.8077,0.8077,0,1,53.3
39.7,116.75,187.89,354.43,38.0,98.0,2.9,0.85,36.93,2368.0,75.5,2,2,0.619,0.8595,0.8595,1,1,46.7
3.95,22.07,56.89,112.36,7.72,83.97,1.37,0.03,40.9,896.1,48.7,1,2,0.3416,0.6919,0.6919,0,1,69.4
32.19,75.87,138.18,272.24,29.53,98.0,2.59,0.55,33.81,2257.8,15.4,3,2,0.5737,0.7738,0.7738,0,1,50.5
16.09,45.75,74.87,165.62,21.61,84.26,1.9,0.15,30.77,1834.7,86.4,3,4,0.4235,0.6936,0.6936,0,1,63.5
10.1,25.46,62.68,114.39,28.02,95.48,1.89,-0.06,13.01,2251.4,96.3,3,4,0.4109,0.5681,0.5681,0,0,61.9
2.82,7.97,31.38,69.71,0.0,80.11,1.11,0.0,11.86,1358.5,31.8,1,2,0.3185,0.4175,0.4175,0,0,63.5
40.09,75.18,156.25,290.16,50.52,98.0,2.48,0.24,16.88,2117.8,48.8,2,4,0.544,0.7204,0.7204,0,1,55.3
3.42,7.69,17.21,56.32,9.78,60.15,1.52,-0.01,19.31,1766.4,42.6,2,4,0.3023,0.4639,0.4639,0,0,73.1
7.42,23.73,41.85,99.13,30.52,86.94,0.88,0.03,29.85,2121.3,66.9,5,2,0.3734,0.5934,0.5934,0,0,69.0
138.6,281.75,559.1,1013.9,108.7,98.0,6.2,2.8,39.58,1286.3,192.1,1,1,1.0,1.0,1.0,1,1,23.4
41.02,96.53,168.62,252.65,45.63,98.0,3.01,0.87,40.07,2263.5,48.5,2,1,0.6322,0.831,0.831,1,1,49.8
22.34,51.34,123.39,225.28,24.96,98.0,1.87,0.39,32.56,2275.0,38.2,2,3,0.4879,0.7757,0.7757,0,1,56.0
31.86,73.39,131.38,249.93,33.02,98.0,2.27,0.39,28.66,1533.5,219.8,2,2,0.5063,0.7243,0.7243,0,1,62.9
5.77,20.85,45.62,126.25,22.9,77.22,1.22,-0.08,16.8,1410.5,200.0,2,5,0.304,0.5564,0.5564,0,0,69.4
19.61,56.58,91.04,195.54,20.26,83.28,2.22,0.28,41.77,1699.1,189.2,1,2,0.4242,0.7386,0.7386,0,1,56.5
16.96,36.38,75.76,145.01,26.85,77.37,2.02,0.11,32.16,1080.3,162.9,2,1,0.3916,0.5965,0.5965,0,0,67.4
35.77,76.11,153.79,311.56,45.61,98.0,2.11,0.53,27.2,1568.7,263.5,2,3,0.5167,0.77,0.77,0,1,54.9
47.31,107.59,241.92,363.49,56.61,98.0,2.2,0.21,11.74,2229.8,149.9,3,2,0.543,0.724,0.724,0,1,62.4
0.24,9.44,42.13,101.55,0.0,68.44,0.67,-0.11,37.73,1352.5,22.3,0,4,0.247,0.665,0.665,0,1,74.6
22.42,59.4,108.16,156.86,24.36,79.95,0.95,0.09,20.56,1964.5,10.0,1,2,0.3719,0.5806,0.5806,0,0,64.8
1.06,14.94,27.93,93.19,10.72,69.46,1.63,-0.14,40.42,1778.2,24.1,1,4,0.3008,0.672,0.672,0,1,68.2
15.92,30.98,79.6,118.1,5.39,79.47,1.31,-0.07,14.06,1181.3,54.4,2,2,0.3585,0.4923,0.4923,0,0,62.1
6.78,27.8,58.95,87.67,19.04,79.49,1.03,0.01,9.75,1627.4,10.0,1,1,0.327,0.4026,0.4026,0,0,72.6
159.11,351.44,690.62,930.42,150.0,98.0,5.37,2.19,23.65,2156.8,169.8,3,3,1.0,1.0,1.0,1,1,18.4
140.0,296.09,554.34,1092.86,150.0,98.0,3.04,0.87,10.82,1665.6,123.0,0,3,0.8509,1.0,1.0,1,1,36.9
19.42,58.93,117.86,243.07,13.37,86.49,1.82,-0.08,10.22,1899.8,151.9,3,2,0.4021,0.528,0.528,0,0,60.6
96.63,256.7,514.17,818.16,126.6,98.0,5.09,1.85,33.69,2029.4,12.1,0,1,0.9463,1.0,1.0,1,1,25.6
92.03,236.78,361.87,672.42,103.55,98.0,2.98,0.8,17.27,831.5,47.8,3,1,0.7619,0.8848,0.8848,1,1,43.5
10.37,29.23,64.88,144.58,15.16,98.0,1.27,0.12,31.0,834.6,73.8,1,1,0.3896,0.6317,0.6317,0,1,61.4
89.59,248.19,468.85,846.57,84.72,98.0,4.02,1.41,28.55,939.7,110.7,0,1,0.8245,1.0,1.0,1,1,35.3
30.63,68.6,153.27,292.21,41.83,98.0,1.47,0.11,13.07,1019.0,194.8,0,2,0.4227,0.6263,0.6263,0,1,65.0
6.73,15.81,43.6,76.86,20.83,77.11,1.63,-0.02,21.89,2088.9,452.3,4,0,0.3171,0.4443,0.4443,0,0,74.4
11.34,31.35,77.67,119.33,14.51,66.8,1.26,0.03,10.38,1468.7,10.3,1,2,0.323,0.425,0.425,0,0,66.9
23.13,64.32,116.96,188.63,30.84,70.42,1.77,0.11,23.18,1055.7,123.1,0,1,0.3662,0.5556,0.5556,0,0,65.5
8.08,16.41,50.84,95.71,12.41,56.5,1.21,-0.14,14.57,1627.5,17.4,1,0,0.2723,0.3368,0.3368,0,0,68.6
1.16,16.54,45.89,68.49,0.0,49.63,1.12,-0.1,11.47,2009.5,42.8,1,0,0.2364,0.2868,0.2868,0,0,69.6
9.37,26.88,79.17,166.8,30.93,73.43,0.93,-0.1,19.41,981.1,177.4,2,0,0.2924,0.4577,0.4577,0,0,71.0
57.81,127.42,215.06,352.96,92.29,98.0,1.91,0.16,8.12,1318.3,615.9,4,2,0.4991,0.6622,0.6622,0,1,60.7
82.3,161.79,293.03,436.56,72.47,98.0,4.67,1.57,35.28,1070.7,89.7,3,3,0.8844,1.0,1.0,1,1,29.7
22.26,59.91,98.32,226.92,27.42,98.0,1.44,0.12,13.69,1816.5,52.3,2,1,0.44,0.5341,0.5341,0,0,66.5
20.01,52.02,116.45,247.52,29.68,98.0,1.65,0.28,30.53,975.8,28.9,3,1,0.4726,0.691,0.691,0,1,57.3
4.44,18.41,38.2,54.48,14.76,49.71,1.79,-0.07,37.97,2038.8,183.1,1,2,0.2585,0.5497,0.5497,0,0,70.4
10.84,34.98,65.37,135.49,5.92,91.38,2.17,0.08,41.02,1092.9,280.9,1,1,0.3855,0.6939,0.6939,0,1,70.4
27.8,53.98,113.64,196.31,35.22,98.0,2.03,0.32,28.07,846.7,226.5,1,3,0.4668,0.7279,0.7279,0,1,61.1
2.14,11.91,33.93,111.35,11.34,74.24,1.59,-0.1,36.38,2252.9,85.5,0,2,0.2984,0.6004,0.6004,0,0,75.0
6.51,14.07,43.36,97.93,1.66,59.44,1.88,-0.13,24.37,1299.8,106.7,2,1,0.3028,0.4444,0.4444,0,0,74.6
6.47,24.31,56.11,100.72,15.8,86.41,1.33,0.08,25.65,1579.5,217.4,0,1,0.3242,0.5457,0.5457,0,0,72.8
119.62,322.51,532.08,1026.64,95.46,98.0,5.37,1.77,27.68,916.6,317.2,2,0,0.9879,1.0,1.0,1,1,25.5
78.61,173.98,275.5,537.09,113.75,98.0,4.12,1.4,32.12,1541.1,335.6,1,3,0.7803,0.9581,0.9581,1,1,44.7
1.4,15.11,48.88,120.12,16.35,66.44,0.71,-0.02,32.12,1117.2,140.5,3,4,0.2708,0.6227,0.6227,0,1,77.3
14.63,45.66,99.51,237.25,42.55,86.22,2.23,0.25,36.27,2136.6,25.5,0,2,0.4271,0.7132,0.7132,0,1,57.4
124.49,245.2,418.82,741.72,139.17,98.0,5.66,2.02,30.21,1927.7,45.0,1,0,1.0,1.0,1.0,1,1,28.2
70.59,153.89,230.9,375.59,87.71,98.0,4.5,1.46,39.77,1844.5,37.1,2,2,0.8329,0.9348,0.9348,1,1,38.8
2.41,5.51,21.83,52.44,27.2,71.33,1.45,-0.16,33.53,2039.1,22.9,0,3,0.2882,0.5847,0.5847,0,0,64.4
10.34,34.79,73.01,112.54,26.03,57.52,1.12,0.03,41.44,1234.6,34.6,1,2,0.2901,0.6418,0.6418,0,1,71.7
26.78,72.83,123.05,231.74,55.64,85.55,2.4,0.38,35.02,1498.5,244.7,0,6,0.4471,0.8501,0.8501,0,1,60.9
133.5,308.65,544.12,1121.2,150.0,98.0,6.16,2.58,34.59,892.8,176.5,2,0,1.0,1.0,1.0,1,1,21.4
10.99,37.38,61.47,126.86,25.55,55.64,1.76,0.08,38.97,861.8,10.0,2,2,0.3346,0.6027,0.6027,0,0,70.3
8.51,31.0,66.37,158.37,13.74,81.72,1.71,0.07,31.61,1293.0,19.2,1,2,0.3714,0.6228,0.6228,0,1,65.0
10.14,32.15,66.44,132.38,17.01,83.27,1.11,-0.04,14.46,2107.5,502.6,3,4,0.297,0.5501,0.5501,0,0,70.7
6.14,22.04,56.65,116.46,14.11,70.84,1.1,-0.15,10.99,1736.1,30.7,2,4,0.3014,0.4755,0.4755,0,0,73.7
4.6,23.21,60.55,98.87,15.28,78.76,1.45,-0.15,19.37,1450.4,120.7,0,2,0.2983,0.5095,0.5095,0,0,67.1
13.2,34.28,76.06,125.32,15.27,63.47,1.93,0.12,37.32,2345.5,27.6,0,4,0.3468,0.6892,0.6892,0,1,69.7
131.22,334.46,549.77,950.2,121.98,98.0,2.14,0.5,8.78,1479.6,31.9,2,1,0.7845,1.0,1.0,1,1,42.5
6.78,30.54,59.27,152.78,15.52,71.28,1.48,0.01,13.4,1523.7,82.8,1,2,0.3199,0.4392,0.4392,0,0,72.5
21.39,58.04,102.1,183.68,29.36,81.11,1.51,0.1,11.82,2387.7,80.3,6,4,0.438,0.5664,0.5664,0,0,61.9
69.18,168.49,304.21,504.04,76.17,98.0,2.17,0.19,9.34,966.7,124.7,2,0,0.5872,0.7209,0.7209,0,1,50.1
18.51,49.09,81.29,167.68,20.78,88.45,1.3,0.18,37.17,1171.8,22.1,0,2,0.3936,0.7044,0.7044,0,1,69.4
1.6,4.81,13.42,56.45,0.0,76.23,1.45,-0.01,18.07,1498.0,36.6,0,3,0.3101,0.4644,0.4644,0,0,72.5
1.57,10.38,27.03,59.13,16.51,66.63,1.54,-0.16,34.24,1692.6,117.4,1,1,0.2771,0.5235,0.5235,0,0,70.3
60.49,143.71,223.29,358.9,66.14,98.0,1.96,0.37,13.11,994.3,12.3,1,1,0.5792,0.6822,0.6822,0,1,53.0
7.06,23.84,49.44,128.66,0.82,85.74,1.44,-0.09,22.72,1292.6,288.1,3,3,0.3332,0.5723,0.5723,0,0,73.6
1.93,16.74,52.9,124.84,0.0,85.28,1.19,-0.05,12.19,1113.4,23.6,1,1,0.3276,0.431,0.431,0,0,68.4
18.28,53.34,104.13,184.24,35.41,88.45,1.13,-0.06,8.09,2152.3,69.2,3,0,0.3851,0.4397,0.4397,0,0,60.6
19.54,51.58,97.12,216.67,20.73,98.0,2.38,0.17,30.07,2127.1,13.8,1,3,0.4754,0.7237,0.7237,0,1,60.4
20.91,58.61,99.86,166.15,18.85,98.0,1.61,0.15,25.32,1145.7,138.6,1,4,0.426,0.719,0.719,0,1,60.2
6.22,27.09,60.32,104.73,0.0,74.67,1.66,-0.01,23.0,1467.6,47.5,1,5,0.3365,0.6168,0.6168,0,0,64.5
0.3,11.0,35.78,64.96,0.72,53.9,1.46,-0.02,10.83,1825.2,10.0,0,5,0.2613,0.4313,0.4313,0,0,64.7
67.06,177.69,327.41,672.67,78.61,98.0,3.43,0.98,29.18,829.5,107.8,0,3,0.6991,0.998,0.998,1,1,45.1
96.31,182.93,360.27,521.93,83.65,98.0,5.36,1.97,36.08,2208.0,473.5,3,3,0.9385,1.0,1.0,1,1,30.8
99.73,277.86,538.59,825.98,105.2,98.0,2.6,0.49,10.42,1593.2,245.6,1,0,0.687,1.0,1.0,1,1,40.4
24.53,70.25,144.85,282.01,18.17,98.0,1.84,0.33,22.88,1123.8,145.6,0,1,0.4521,0.6645,0.6645,0,1,62.3
18.83,55.41,107.15,183.27,30.08,98.0,1.44,0.02,19.22,1404.6,10.0,1,6,0.4171,0.7391,0.7391,0,1,67.6
7.51,32.59,88.2,159.8,29.87,67.31,1.65,0.09,40.11,2237.8,235.8,0,1,0.2981,0.6471,0.6471,0,1,71.9
6.32,17.05,37.56,74.75,12.32,82.01,1.67,-0.08,17.46,790.9,272.5,2,1,0.3265,0.4452,0.4452,0,0,69.0
18.21,50.15,89.33,199.67,37.59,96.38,2.38,0.28,41.99,985.6,10.0,2,3,0.4901,0.805,0.805,0,1,59.8
40.21,93.1,153.04,310.95,48.05,98.0,3.37,0.87,37.82,1068.0,15.7,1,3,0.6411,0.854,0.854,1,1,43.4
58.65,116.0,261.64,375.35,42.25,98.0,2.31,0.29,11.61,849.2,72.1,1,4,0.5739,0.807,0.807,0,1,57.7
2.24,8.22,39.09,81.09,16.03,72.36,1.36,-0.17,25.3,1121.7,61.7,0,0,0.2804,0.4528,0.4528,0,0,71.3
3.36,15.0,31.54,51.57,19.23,64.99,1.57,-0.14,31.36,2098.3,41.8,1,3,0.2917,0.5614,0.5614,0,0,70.7
57.91,159.6,319.5,598.48,57.22,98.0,3.48,0.94,29.35,1619.7,26.5,1,4,0.6962,1.0,1.0,1,1,42.0
26.68,72.53,126.07,196.52,33.89,90.57,2.31,0.28,32.45,1749.0,95.6,1,4,0.4736,0.7873,0.7873,0,1,55.1
42.91,101.91,167.82,269.07,52.14,89.14,2.07,0.34,23.35,1007.2,177.1,1,3,0.4962,0.7315,0.7315,0,1,54.5
4.53,23.31,58.57,141.46,0.0,89.76,2.04,0.01,40.57,1209.2,331.8,0,1,0.3359,0.6775,0.6775,0,1,64.9
17.71,61.24,122.61,191.57,36.23,92.77,2.2,0.14,17.73,2263.9,43.0,0,1,0.4347,0.5815,0.5815,0,0,64.4
24.16,56.31,135.16,250.21,45.77,98.0,2.4,0.15,11.39,1097.2,145.8,3,2,0.4879,0.5907,0.5907,0,0,61.5
131.34,330.88,571.59,1167.81,120.64,98.0,6.2,2.8,43.21,2246.1,186.2,1,2,1.0,1.0,1.0,1,1,23.9
10.49,34.44,87.82,202.18,10.14,91.24,1.37,0.07,31.47,1844.3,78.0,0,1,0.3649,0.6446,0.6446,0,1,69.2
0.31,10.67,25.63,61.78,15.96,65.82,0.88,-0.05,31.73,1579.6,304.7,2,2,0.2391,0.5295,0.5295,0,0,78.9
17.49,43.41,87.7,195.54,36.65,96.0,2.8,0.38,37.43,1037.0,10.0,1,0,0.5056,0.6754,0.6754,0,1,62.9
5.84,21.79,51.4,117.8,3.77,77.67,1.46,0.04,23.17,1861.4,276.9,2,1,0.3171,0.4957,0.4957,0,0,64.6
11.97,32.92,78.2,162.11,19.12,92.01,1.23,0.1,21.9,2212.6,267.6,0,0,0.3411,0.5284,0.5284,0,0,69.4
101.45,271.77,561.51,1097.76,99.06,98.0,6.2,2.45,42.17,1013.6,17.7,2,4,1.0,1.0,1.0,1,1,20.7
10.18,25.27,58.6,143.03,37.04,68.12,1.43,0.01,21.92,760.2,69.5,2,0,0.3302,0.4378,0.4378,0,0,66.3
36.63,95.1,205.85,391.01,28.94,98.0,1.02,0.09,10.83,1971.1,87.0,1,2,0.44,0.6726,0.6726,0,1,59.5
4.18,21.35,42.14,68.51,0.0,69.67,1.3,-0.12,19.08,1740.8,61.7,1,3,0.2908,0.4892,0.4892,0,0,74.2
22.32,66.83,114.1,225.51,36.84,97.79,2.54,0.45,39.45,1580.1,271.1,1,7,0.4822,0.9389,0.9389,0,1,61.0
75.45,202.89,319.27,558.54,86.77,98.0,2.25,0.32,11.42,1502.5,149.8,0,1,0.5965,0.786,0.786,0,1,57.2
89.14,172.27,344.45,540.24,78.13,98.0,5.01,1.74,33.8,1571.0,15.8,2,1,0.9327,0.9958,0.9958,1,1,26.5
0.17,0.4,14.05,40.77,10.68,48.93,1.11,-0.06,17.59,1368.1,313.3,1,3,0.1994,0.3849,0.3849,0,0,72.6
11.37,32.45,79.28,119.94,21.04,75.73,1.29,0.15,34.85,885.8,10.0,3,3,0.376,0.6777,0.6777,0,1,63.1
1.94,15.46,49.63,71.28,2.46,65.29,0.74,-0.11,26.52,2029.9,108.7,0,5,0.2357,0.6057,0.6057,0,0,68.6
27.6,83.33,145.22,226.96,28.29,98.0,1.47,0.46,30.92,1521.9,88.8,1,4,0.474,0.8192,0.8192,0,1,63.7
49.2,105.5,202.81,305.46,69.36,98.0,2.33,0.35,16.76,2111.2,10.0,1,3,0.5656,0.7463,0.7463,0,1,50.9
11.38,35.0,79.25,138.29,7.72,94.79,1.21,0.08,14.05,2370.7,142.8,0,1,0.36,0.5047,0.5047,0,0,60.5
103.69,205.95,430.76,739.1,67.7,98.0,2.69,0.59,10.28,1033.4,394.2,2,1,0.7003,0.9131,0.9131,1,1,42.2
11.4,34.37,73.73,127.89,16.55,70.16,1.35,0.08,37.72,2059.2,73.6,0,2,0.3214,0.6483,0.6483,0,1,69.3
94.49,214.39,332.31,508.45,77.15,98.0,5.05,1.71,33.58,2362.9,86.6,7,2,0.9856,1.0,1.0,1,1,30.2
0.18,15.05,27.24,97.82,24.37,62.91,1.07,-0.03,18.56,1945.3,58.1,0,2,0.2557,0.4179,0.4179,0,0,68.2
17.81,48.0,104.07,212.84,19.75,98.0,2.25,0.36,38.13,1155.8,249.7,0,3,0.4425,0.7966,0.7966,0,1,60.5
19.0,49.5,116.17,217.72,7.14,94.85,1.94,0.29,38.01,2229.2,315.4,1,5,0.4191,0.8617,0.8617,0,1,61.1
20.31,55.2,113.88,225.69,34.93,88.05,1.2,-0.02,12.96,2058.8,60.7,0,5,0.3675,0.6394,0.6394,0,1,61.3
5.54,16.63,54.21,110.91,12.02,77.68,0.78,-0.03,33.69,1491.4,265.8,0,3,0.2614,0.6433,0.6433,0,1,75.8
25.04,65.83,118.11,207.43,31.02,73.56,1.25,0.08,18.52,1694.7,27.4,0,1,0.3643,0.5285,0.5285,0,0,63.6
1.92,17.11,50.93,117.86,0.0,89.66,1.79,-0.17,24.82,1941.2,73.5,1,4,0.3448,0.6319,0.6319,0,1,65.1
4.44,17.74,55.2,105.68,14.96,76.49,1.28,-0.11,23.49,955.5,34.8,3,3,0.3306,0.5595,0.5595,0,0,71.0
41.99,127.52,282.22,417.03,36.12,98.0,3.07,0.64,29.61,2279.5,30.4,1,0,0.6068,0.8562,0.8562,1,1,53.3
26.84,75.79,143.21,302.7,41.4,98.0,2.16,0.31,20.5,2379.3,233.4,1,1,0.4684,0.6434,0.6434,0,1,62.8
0.28,11.79,41.25,59.17,14.67,70.64,1.18,-0.18,10.64,1295.4,150.3,1,4,0.261,0.4533,0.4533,0,0,75.3
5.71,20.14,45.28,106.95,21.39,71.15,2.02,-0.08,32.22,1929.9,10.0,2,2,0.3507,0.5723,0.5723,0,0,68.7
4.83,16.46,34.77,92.19,14.77,76.91,1.56,0.01,42.58,1445.2,170.0,0,3,0.3091,0.6885,0.6885,0,1,66.7
6.32,25.91,51.06,94.2,18.04,89.22,1.5,-0.05,32.04,795.8,102.1,3,3,0.3701,0.6586,0.6586,0,1,58.1
5.69,18.82,56.83,80.16,13.8,80.82,1.85,-0.07,27.43,2331.9,185.6,4,2,0.3624,0.5752,0.5752,0,0,66.0
1.29,4.36,12.4,24.56,23.47,54.09,1.46,-0.03,13.89,984.8,108.0,1,2,0.2591,0.3377,0.3377,0,0,73.7
12.28,37.69,63.74,120.72,11.86,82.88,1.81,0.15,30.51,873.7,56.9,0,0,0.3809,0.554,0.554,0,0,55.7
26.39,73.15,141.01,239.83,30.25,91.72,2.22,0.28,30.0,2131.4,82.0,2,1,0.4834,0.6992,0.6992,0,1,54.2
18.67,49.81,99.69,192.13,7.44,85.52,2.41,0.18,30.28,805.9,18.3,3,1,0.4673,0.6335,0.6335,0,1,58.5
22.35,72.36,169.43,298.66,40.76,98.0,2.57,0.44,40.12,1885.0,44.6,3,2,0.5334,0.8625,0.8625,0,1,53.0
1.69,4.58,13.09,52.01,5.69,56.96,1.06,-0.05,33.79,2284.6,10.0,0,1,0.25,0.4758,0.4758,0,0,74.1
60.52,129.26,260.97,540.25,64.78,98.0,3.49,1.14,36.2,1420.2,62.6,1,4,0.7183,1.0,1.0,1,1,46.3
36.46,104.26,188.38,298.51,34.01,98.0,1.81,0.33,19.28,862.8,11.5,0,2,0.4989,0.7189,0.7189,0,1,54.6
32.7,85.95,121.19,255.15,52.68,98.0,1.99,0.34,17.73,1110.2,129.7,3,3,0.5124,0.6544,0.6544,0,1,58.0
34.63,99.86,195.67,381.87,35.44,98.0,1.63,0.25,15.44,2314.7,292.4,0,3,0.441,0.7271,0.7271,0,1,60.7
53.98,134.46,234.39,396.51,73.49,98.0,3.4,0.96,36.02,1517.9,162.0,1,1,0.6664,0.879,0.879,1,1,45.2
15.72,41.52,78.83,172.66,5.4,78.48,2.16,0.17,33.15,1643.2,27.9,0,2,0.4012,0.6413,0.6413,0,1,68.3
4.47,13.73,39.21,90.93,11.3,73.23,1.51,0.03,20.32,1007.5,84.9,0,2,0.3113,0.4755,0.4755,0,0,71.6
19.18,50.38,97.07,183.24,36.38,77.59,1.89,-0.03,13.08,2264.7,149.4,2,0,0.3799,0.4405,0.4405,0,0,63.6
27.16,67.22,139.71,233.77,44.88,98.0,2.52,0.56,38.48,1603.3,196.6,1,2,0.5153,0.813,0.813,0,1,58.7
26.78,61.73,105.02,207.0,30.92,98.0,1.41,0.33,21.83,1622.6,39.9,3,1,0.4832,0.6074,0.6074,0,0,61.5
14.74,47.94,109.25,198.57,32.85,86.7,1.52,-0.05,14.83,1700.5,77.8,0,2,0.36,0.5549,0.5549,0,0,67.8
1.42,13.31,43.31,88.35,11.52,61.74,1.53,0.01,13.2,2016.2,13.2,0,4,0.2862,0.4514,0.4514,0,0,77.1
9.28,30.34,69.77,111.99,13.53,54.12,1.75,0.09,41.11,1084.9,155.5,3,1,0.3185,0.5957,0.5957,0,0,68.7
50.71,118.61,246.34,378.16,58.69,98.0,1.8,0.34,12.69,2304.8,68.5,3,1,0.5569,0.707,0.707,0,1,53.1
17.56,43.88,84.59,173.42,10.81,83.26,1.67,0.05,20.95,1039.4,10.0,0,1,0.3845,0.5341,0.5341,0,0,58.0
15.46,43.09,82.72,167.19,0.0,72.59,2.07,0.18,30.76,1075.7,90.5,1,3,0.3867,0.6404,0.6404,0,1,64.6
6.26,14.57,33.45,64.66,4.06,66.3,1.03,-0.08,22.69,770.5,188.1,1,2,0.2637,0.468,0.468,0,0,68.4
9.19,34.6,52.56,131.34,12.36,68.58,1.05,0.03,25.19,782.5,10.0,1,2,0.3123,0.5178,0.5178,0,0,63.3
45.14,113.45,234.46,370.08,48.88,98.0,3.28,0.88,36.89,1457.6,62.0,1,3,0.6439,0.9461,0.9461,1,1,50.0
21.96,66.52,118.41,222.41,25.77,98.0,2.36,0.4,43.97,1051.9,78.9,1,1,0.4954,0.8009,0.8009,0,1,55.8
30.97,73.89,151.44,258.22,51.02,98.0,1.99,0.36,24.82,1099.6,800.0,2,4,0.4113,0.7781,0.7781,0,1,60.5
12.12,35.65,70.92,151.66,3.91,77.77,1.52,0.09,21.64,2380.1,29.6,1,1,0.3641,0.5076,0.5076,0,0,59.9
19.9,63.12,138.83,196.26,34.06,98.0,1.36,0.24,22.64,2283.4,205.2,4,0,0.4423,0.6252,0.6252,0,1,55.4
5.71,23.39,65.89,135.33,12.46,69.62,1.24,-0.03,21.29,1282.0,18.9,1,2,0.3075,0.5058,0.5058,0,0,77.4
77.95,196.9,345.14,615.41,89.79,98.0,3.12,1.12,25.06,1316.2,398.9,2,3,0.7077,0.9867,0.9867,1,1,54.1
11.16,27.9,59.03,158.53,27.66,96.16,1.76,0.0,19.99,1232.0,44.0,2,2,0.4121,0.5613,0.5613,0,0,62.1
11.69,45.33,93.37,164.36,5.41,67.71,1.52,-0.0,24.65,2205.7,18.9,3,3,0.3529,0.5909,0.5909,0,0,65.4
144.71,323.48,494.13,822.93,150.0,98.0,6.2,2.8,42.04,912.2,57.7,2,2,1.0,1.0,1.0,1,1,27.3
55.07,109.13,226.73,362.78,79.73,98.0,2.09,0.47,18.3,1713.7,10.0,4,3,0.612,0.7879,0.7879,1,1,50.2
1.32,9.71,21.08,61.76,5.22,76.0,1.03,-0.05,31.47,1057.4,13.8,0,1,0.2893,0.5203,0.5203,0,0,68.8
34.83,72.38,126.66,263.75,50.55,98.0,2.86,0.4,25.53,2001.0,82.3,1,2,0.5493,0.6934,0.6934,0,1,52.1
6.92,16.56,44.05,68.32,0.0,58.51,1.42,-0.09,34.37,1791.7,338.9,3,2,0.2651,0.5526,0.5526,0,0,73.1
11.74,34.39,56.34,136.34,36.08,76.57,1.76,0.13,25.0,1389.9,70.6,1,3,0.3691,0.5733,0.5733,0,0,66.6
0.44,11.59,35.44,76.4,0.0,74.25,1.57,-0.02,13.78,911.9,129.5,3,0,0.3255,0.3614,0.3614,0,0,69.1
7.16,21.46,53.96,128.69,12.17,83.3,1.62,-0.05,39.41,2016.2,147.3,1,0,0.3381,0.6144,0.6144,0,0,65.2
13.97,37.91,68.35,131.84,13.45,69.58,1.02,0.03,32.33,877.1,10.0,2,2,0.3356,0.597,0.597,0,0,65.5
1.16,15.11,46.38,86.77,10.77,64.52,1.18,-0.0,26.93,1201.7,46.6,1,2,0.2807,0.5128,0.5128,0,0,66.4
13.51,39.26,71.87,145.61,19.93,68.79,1.97,0.02,37.92,1168.5,698.9,1,0,0.2717,0.5838,0.5838,0,0,84.0
52.38,99.67,208.67,416.14,63.22,98.0,3.43,1.14,43.14,1704.6,10.0,1,3,0.7015,0.9646,0.9646,1,1,49.6
2.23,9.1,38.07,73.58,12.15,75.33,1.49,-0.11,22.74,1597.7,76.2,1,1,0.3059,0.4694,0.4694,0,0,74.5
28.92,79.84,171.3,284.81,59.91,97.33,2.18,0.17,20.71,1211.6,218.0,1,3,0.4608,0.7376,0.7376,0,1,60.6
10.54,31.11,72.74,151.02,18.31,84.07,1.39,0.12,35.13,1460.1,40.8,3,6,0.3895,0.7853,0.7853,0,1,62.3
21.29,55.16,112.66,221.26,12.68,98.0,1.74,0.22,24.37,1470.0,683.1,3,1,0.3874,0.637,0.637,0,1,61.4
6.03,28.67,78.3,189.88,16.11,93.66,2.0,-0.05,11.09,1696.4,79.9,1,0,0.3842,0.4466,0.4466,0,0,71.7
146.78,292.36,521.13,948.96,145.17,98.0,4.59,1.61,20.76,2232.1,294.4,0,2,0.9883,1.0,1.0,1,1,25.4
89.78,189.22,284.2,563.59,79.98,98.0,5.03,1.77,37.11,984.2,90.2,3,1,0.9385,0.9486,0.9486,1,1,32.9
1.46,9.43,19.26,69.27,0.0,52.34,0.62,-0.1,33.44,1670.2,60.8,2,0,0.2279,0.4376,0.4376,0,0,74.1
4.11,22.99,46.02,99.24,16.91,85.46,1.54,-0.1,39.06,780.3,148.6,0,1,0.3169,0.638,0.638,0,1,70.1
21.83,45.73,109.18,215.88,15.97,98.0,1.0,-0.0,13.28,1902.1,381.2,1,0,0.3536,0.5141,0.5141,0,0,66.9
42.69,111.61,197.76,346.1,66.32,98.0,1.78,0.34,16.78,1806.6,56.6,2,0,0.5275,0.6504,0.6504,0,1,58.5
33.65,77.34,153.01,295.45,57.21,98.0,1.89,0.17,15.73,1895.1,240.2,0,2,0.4486,0.6473,0.6473,0,1,55.3
75.83,161.02,271.65,509.81,61.54,98.0,5.27,1.88,42.97,1533.7,129.3,1,1,0.8998,0.9802,0.9802,1,1,31.5
2.34,11.18,42.9,108.3,12.35,93.85,1.24,-0.01,14.08,1058.3,57.1,1,4,0.3489,0.5479,0.5479,0,0,66.6
6.83,20.59,39.9,76.93,24.44,65.32,1.18,-0.06,29.53,1489.3,10.0,1,1,0.2962,0.4979,0.4979,0,0,73.6
136.49,357.86,714.58,1131.77,122.7,98.0,5.61,2.38,30.78,788.9,44.8,0,0,1.0,1.0,1.0,1,1,27.2
5.75,20.02,48.51,89.99,25.33,66.18,2.01,-0.07,30.28,1379.4,213.5,3,0,0.3236,0.4868,0.4868,0,0,71.2
14.47,51.05,111.73,190.04,24.78,80.19,1.27,0.07,32.9,2133.6,12.0,1,3,0.3645,0.7143,0.7143,0,1,69.2
15.34,43.89,91.38,181.02,12.29,86.85,2.13,0.12,25.42,1308.7,101.9,0,2,0.4022,0.6182,0.6182,0,0,66.2
8.83,31.09,70.87,150.33,21.65,87.34,1.78,-0.14,11.01,1726.4,86.1,0,2,0.348,0.4793,0.4793,0,0,65.4
89.04,189.06,282.53,448.78,104.83,98.0,4.6,1.56,33.24,1180.8,130.0,3,1,0.891,0.9157,0.9157,1,1,37.1
35.27,94.22,152.33,270.67,43.83,98.0,1.97,0.36,18.12,971.5,335.6,2,4,0.4823,0.7255,0.7255,0,1,64.0
31.15,81.78,188.02,288.86,25.4,98.0,1.38,0.17,10.73,1609.5,167.2,2,0,0.4493,0.5901,0.5901,0,0,61.0
7.36,19.89,42.09,121.37,25.01,67.97,1.31,0.02,14.11,809.0,85.8,0,3,0.2962,0.4447,0.4447,0,0,70.2
105.41,286.12,453.22,636.77,143.98,98.0,2.92,1.03,18.34,2242.4,212.9,4,4,0.8037,1.0,1.0,1,1,40.8
61.07,172.74,312.5,584.75,88.7,98.0,3.35,0.75,23.57,2032.4,145.1,1,5,0.663,0.9949,0.9949,1,1,42.7
7.91,26.63,65.88,126.38,8.44,95.82,1.82,0.0,39.01,2396.6,271.1,2,2,0.3753,0.7209,0.7209,0,1,63.3
8.75,27.99,63.4,131.06,20.34,79.83,1.02,0.04,27.31,2388.8,154.6,3,1,0.3362,0.5495,0.5495,0,0,65.3
75.77,179.36,343.61,688.16,81.2,98.0,3.21,1.02,24.99,1952.8,167.8,2,2,0.7275,0.9543,0.9543,1,1,38.4
56.65,150.13,259.08,432.5,68.74,98.0,2.09,0.32,14.89,2031.5,10.5,1,4,0.5705,0.8301,0.8301,0,1,54.6
41.8,100.03,162.03,300.46,25.79,98.0,3.64,0.93,42.53,1621.4,10.0,0,5,0.6538,0.9627,0.9627,1,1,52.1
2.16,16.14,43.48,93.22,15.16,64.02,1.42,-0.09,40.71,1110.6,373.8,1,3,0.2408,0.6481,0.6481,0,1,70.9
9.98,24.76,61.11,156.81,8.86,74.7,1.56,0.14,37.38,2083.9,34.8,0,4,0.3482,0.7029,0.7029,0,1,65.2
16.12,40.1,97.98,198.26,16.79,67.48,1.61,0.12,19.63,1195.0,21.7,1,4,0.3598,0.5858,0.5858,0,0,66.9
13.99,36.22,55.26,104.71,3.6,68.04,1.3,0.0,28.22,1822.5,20.7,0,3,0.3201,0.5738,0.5738,0,0,69.5
4.31,14.66,49.5,105.32,11.37,62.09,1.81,-0.02,22.0,1955.9,160.7,2,1,0.3042,0.4403,0.4403,0,0,72.8
39.15,88.06,173.62,286.21,34.36,98.0,2.21,0.42,22.5,1681.1,10.0,2,2,0.5519,0.7266,0.7266,0,1,54.1
22.6,64.75,123.88,212.11,31.14,83.6,1.72,-0.05,10.6,1843.5,129.8,1,1,0.3848,0.5003,0.5003,0,0,61.7
90.36,176.23,280.05,552.36,67.57,98.0,3.2,0.61,13.04,1233.3,101.7,1,0,0.7213,0.721,0.7213,1,1,53.2
39.15,78.62,132.2,263.42,39.28,82.05,3.09,0.63,42.6,2004.9,19.1,5,0,0.6064,0.7321,0.7321,1,1,49.0
27.59,65.13,143.54,227.33,35.34,90.05,2.01,0.31,29.96,2306.9,17.5,0,2,0.4651,0.7273,0.7273,0,1,58.3
11.57,37.17,80.96,125.77,7.3,64.62,1.83,0.02,8.23,1548.6,17.1,2,0,0.3524,0.3457,0.3524,0,0,67.9
18.86,46.32,107.3,173.62,37.81,71.66,1.77,0.28,37.13,949.6,36.1,3,3,0.4163,0.7188,0.7188,0,1,62.4
3.5,21.47,46.47,123.95,19.13,82.91,1.1,-0.14,11.13,1772.5,123.2,1,1,0.2991,0.408,0.408,0,0,71.7
22.4,70.86,142.4,215.86,18.43,84.42,1.8,0.18,33.49,1313.3,27.8,1,1,0.426,0.7084,0.7084,0,1,61.6
141.36,381.52,652.27,1205.72,150.0,98.0,6.2,2.49,30.35,1441.5,129.5,0,0,1.0,1.0,1.0,1,1,25.4
23.68,76.07,144.44,320.13,27.92,98.0,1.65,0.03,10.27,1000.2,427.8,3,0,0.4042,0.5331,0.5331,0,0,70.2
142.4,304.77,633.35,1294.04,129.51,98.0,5.74,2.18,27.11,1782.5,237.7,2,3,1.0,1.0,1.0,1,1,19.9
2.5,19.61,41.97,79.44,8.64,75.44,1.32,-0.06,9.71,2049.0,192.0,1,2,0.2891,0.4002,0.4002,0,0,69.3
3.61,19.45,58.72,129.96,12.4,82.99,1.84,-0.13,10.32,2014.6,357.4,1,1,0.3029,0.4167,0.4167,0,0,71.1
0.04,12.66,25.22,84.46,0.0,44.67,1.55,-0.0,9.84,2389.9,113.8,1,3,0.2419,0.3246,0.3246,0,0,74.5
25.37,61.41,139.46,189.95,43.65,96.41,1.88,0.12,17.2,1100.1,175.8,1,3,0.4373,0.668,0.668,0,1,60.2
88.64,192.7,373.55,640.4,135.13,98.0,5.28,1.9,36.86,2258.3,178.4,2,1,0.9377,1.0,1.0,1,1,31.6
100.23,226.1,375.55,715.53,134.57,98.0,3.21,1.16,21.05,1958.8,440.5,0,0,0.7461,0.9018,0.9018,1,1,38.7
3.52,19.46,50.82,127.33,0.83,69.79,1.38,-0.03,31.02,1917.4,125.0,0,0,0.2837,0.5057,0.5057,0,0,72.8
1.75,5.19,19.27,41.14,11.85,63.22,1.36,-0.06,12.49,1878.2,38.3,3,5,0.3033,0.4505,0.4505,0,0,69.2
0.39,4.49,30.68,44.28,0.0,55.04,0.81,-0.19,41.58,1638.3,26.1,1,4,0.2259,0.6443,0.6443,0,1,76.1
3.62,22.2,46.92,126.51,22.55,69.91,1.81,-0.09,26.15,1374.8,44.0,0,1,0.3083,0.4923,0.4923,0,0,76.0
44.3,123.48,193.27,420.33,48.65,98.0,1.68,0.15,8.89,2306.5,172.1,0,0,0.4732,0.5817,0.5817,0,0,59.2
5.53,18.12,42.59,101.26,11.07,75.07,1.48,0.04,27.35,999.3,128.2,1,1,0.3219,0.511,0.511,0,0,70.0
8.75,34.22,71.74,105.67,8.32,84.44,1.84,0.04,14.64,1040.4,29.7,1,2,0.3798,0.5012,0.5012,0,0,68.2
2.23,7.18,21.96,65.41,12.26,62.15,1.69,-0.13,15.05,777.6,235.8,4,2,0.2933,0.3812,0.3812,0,0,68.7
5.03,19.42,36.1,119.22,17.03,66.58,1.37,0.03,29.61,1970.0,477.7,0,3,0.2386,0.5574,0.5574,0,0,81.1
14.65,32.75,92.39,202.99,15.74,98.0,1.34,0.0,16.15,2225.1,169.9,2,1,0.3894,0.5465,0.5465,0,0,69.6
82.08,168.19,293.95,586.39,123.36,98.0,2.57,0.57,15.7,1057.0,10.0,2,3,0.6903,0.8493,0.8493,1,1,42.6
5.63,17.17,34.79,87.09,8.08,68.66,1.79,-0.08,27.47,806.8,118.5,0,6,0.3005,0.6346,0.6346,0,1,71.4
1.19,5.75,21.69,36.93,0.0,55.85,1.08,-0.08,16.48,1152.8,333.1,1,2,0.2109,0.3747,0.3747,0,0,71.5
9.92,26.17,46.38,130.57,1.48,54.48,1.77,-0.09,11.98,2208.1,45.0,1,4,0.2983,0.4251,0.4251,0,0,77.4
5.34,23.75,37.51,66.56,10.46,55.69,1.31,0.01,22.7,776.7,105.7,0,1,0.2613,0.4134,0.4134,0,0,73.1
76.68,159.56,232.71,472.41,88.72,98.0,1.98,0.37,9.87,916.9,30.9,1,1,0.6175,0.6678,0.6678,1,1,51.5
159.3,359.15,512.72,886.68,147.98,98.0,6.2,2.8,40.59,791.2,255.1,1,4,1.0,1.0,1.0,1,1,28.9
19.16,42.27,76.88,157.82,10.52,88.94,1.75,0.18,24.26,2306.2,244.8,3,1,0.4169,0.567,0.567,0,0,62.5
16.28,44.79,86.58,204.71,23.69,98.0,1.82,-0.03,8.47,973.6,54.4,1,0,0.4165,0.448,0.448,0,0,65.8
10.75,41.13,78.53,147.05,13.59,98.0,1.55,0.07,16.09,2235.7,51.6,1,0,0.4012,0.4991,0.4991,0,0,62.4
11.21,39.57,92.84,141.19,19.76,93.64,1.98,0.11,42.48,1531.2,10.0,0,1,0.4118,0.7455,0.7455,0,1,64.9
15.57,34.72,51.75,105.74,21.13,90.58,1.66,0.15,25.87,1401.5,45.8,1,0,0.4106,0.5238,0.5238,0,0,63.7
23.84,64.13,153.9,325.79,26.02,98.0,2.08,0.25,20.92,1453.7,182.5,2,1,0.4683,0.6599,0.6599,0,1,56.7
24.22,67.82,143.42,308.02,38.01,98.0,1.69,0.18,19.34,1440.8,10.0,4,1,0.4876,0.6344,0.6344,0,1,59.3
3.77,19.61,51.94,133.99,0.0,61.54,1.89,-0.09,23.01,1313.9,27.2,0,3,0.2964,0.5099,0.5099,0,0,74.8
13.87,42.87,97.91,174.42,11.15,82.01,1.49,0.01,15.62,2087.8,157.2,2,2,0.3607,0.5343,0.5343,0,0,67.8
10.62,37.89,77.84,142.31,26.91,66.8,1.51,0.14,34.97,1588.2,125.3,2,3,0.3376,0.6519,0.6519,0,1,52.7
40.89,104.87,184.05,286.73,62.02,98.0,2.59,0.57,26.3,2385.1,518.0,2,2,0.5203,0.7697,0.7697,0,1,55.3
19.96,60.5,117.17,214.01,29.97,98.0,2.1,0.37,35.05,1604.3,59.4,0,2,0.468,0.758,0.758,0,1,54.9
129.0,269.22,518.22,947.9,139.5,98.0,4.01,1.14,17.16,2100.5,17.2,1,0,0.9183,1.0,1.0,1,1,35.5
2.45,20.66,44.11,135.72,0.0,78.8,1.5,-0.18,8.05,1979.4,131.1,1,3,0.3002,0.429,0.429,0,0,75.8
18.61,46.74,82.04,130.34,13.43,58.33,1.97,0.15,42.78,1411.8,10.0,2,2,0.3754,0.6659,0.6659,0,1,69.0
2.49,16.01,38.45,97.49,0.0,69.68,1.45,-0.16,26.43,2051.2,14.9,0,2,0.2862,0.5136,0.5136,0,0,73.4
8.23,23.89,59.57,132.66,10.0,64.54,1.45,-0.13,10.87,1005.7,100.7,2,3,0.3008,0.4305,0.4305,0,0,69.1
3.08,13.55,23.77,43.08,4.55,69.34,1.58,0.0,11.74,1085.5,76.6,1,1,0.3109,0.3471,0.3471,0,0,67.6
23.56,57.07,95.95,207.54,37.76,98.0,2.26,0.16,23.65,1771.2,36.7,1,5,0.4761,0.7309,0.7309,0,1,58.4
4.62,16.51,51.95,101.32,19.18,56.15,1.6,-0.09,33.03,1924.1,78.0,2,3,0.2869,0.575,0.575,0,0,71.4
9.95,25.18,71.22,155.64,11.05,95.88,1.4,0.08,22.28,1812.3,243.3,1,2,0.3633,0.5937,0.5937,0,0,55.5
118.79,286.22,471.33,777.87,104.71,98.0,6.03,2.56,37.53,1590.6,154.9,2,2,1.0,1.0,1.0,1,1,32.6
4.57,17.65,42.44,77.81,14.39,67.69,1.36,-0.12,19.85,977.1,72.8,2,1,0.2997,0.4302,0.4302,0,0,70.7
14.18,33.92,70.09,161.33,31.32,85.02,0.95,-0.12,9.64,1365.1,44.8,1,1,0.3372,0.4308,0.4308,0,0,69.9
10.87,41.76,67.79,156.99,8.18,95.38,1.53,0.01,8.3,1748.1,104.7,2,2,0.3918,0.4763,0.4763,0,0,65.0
0.37,4.23,14.06,34.33,17.03,53.93,1.0,-0.15,38.94,1123.0,10.0,2,1,0.2477,0.5097,0.5097,0,0,76.1
31.48,90.78,199.99,335.5,33.04,97.93,2.87,0.66,43.44,1802.4,158.5,3,1,0.5762,0.8961,0.8961,0,1,49.2
138.89,307.29,629.46,926.63,110.29,98.0,3.12,0.89,12.78,1136.6,194.6,2,2,0.8641,1.0,1.0,1,1,35.0
12.86,38.7,67.37,132.04,17.67,68.92,1.58,-0.05,10.23,911.5,15.6,2,2,0.3475,0.4172,0.4172,0,0,72.0
16.45,34.97,59.94,94.92,12.79,73.62,2.19,0.29,40.92,1285.2,61.8,0,1,0.4011,0.6368,0.6368,0,1,62.9
145.61,355.05,543.44,1079.33,115.43,98.0,2.62,0.97,11.63,1200.0,18.8,0,4,0.8702,1.0,1.0,1,1,34.5
23.34,63.25,134.65,203.2,43.24,72.25,1.73,0.08,16.22,2087.2,356.7,0,0,0.3343,0.4967,0.4967,0,0,69.4
5.84,16.28,52.8,115.07,17.22,92.16,2.0,-0.03,36.86,1548.0,209.8,4,2,0.3959,0.6774,0.6774,0,1,61.4
0.2,12.23,23.3,81.47,4.62,77.83,1.72,-0.16,43.93,855.7,10.0,2,5,0.3306,0.7478,0.7478,0,1,77.3
25.71,62.42,128.71,293.4,45.84,98.0,1.79,0.23,25.5,2095.7,422.3,0,1,0.406,0.6657,0.6657,0,1,59.8
15.34,40.67,98.24,154.79,23.92,77.27,1.39,-0.03,15.59,1193.3,18.4,2,0,0.3651,0.4611,0.4611,0,0,71.7
36.17,80.5,131.57,239.04,48.35,98.0,2.59,0.65,38.52,1687.0,10.5,5,2,0.6152,0.8033,0.8033,1,1,54.1
34.45,92.48,143.52,235.14,44.54,98.0,1.7,0.34,22.2,1643.5,10.0,4,0,0.5295,0.6274,0.6274,0,1,52.8
37.07,74.53,119.01,225.97,24.46,93.99,2.37,0.37,17.82,2353.1,187.7,1,3,0.5072,0.6411,0.6411,0,1,53.3
13.28,48.09,82.54,165.31,12.5,81.11,1.99,0.04,25.65,1170.6,311.3,2,1,0.3625,0.5632,0.5632,0,0,64.4
142.6,380.6,787.17,1366.69,118.18,98.0,6.2,2.8,38.81,989.6,12.1,0,0,1.0,1.0,1.0,1,1,25.1
71.49,162.72,349.49,482.24,53.23,98.0,2.21,0.59,16.39,1176.4,491.2,1,2,0.5758,0.8927,0.8927,0,1,54.4
12.0,35.76,61.5,109.84,8.07,61.19,1.34,-0.02,23.26,1701.2,45.6,1,2,0.306,0.4926,0.4926,0,0,68.5
4.05,20.96,44.55,101.51,0.0,68.04,1.56,-0.13,23.99,1108.9,136.3,1,1,0.2875,0.4669,0.4669,0,0,64.3
38.62,98.84,189.82,417.53,46.09,98.0,2.9,0.68,37.98,1311.8,514.5,2,0,0.5409,0.8102,0.8102,0,1,52.8
86.81,186.77,375.31,689.25,78.08,98.0,4.3,1.5,32.34,1835.8,10.0,3,1,0.8828,1.0,1.0,1,1,29.4
12.56,39.38,96.92,213.18,29.41,80.25,1.79,0.17,36.1,942.2,95.0,2,2,0.3916,0.6919,0.6919,0,1,59.2
1.57,17.62,34.93,83.73,0.0,49.54,1.73,-0.0,32.96,2309.8,128.0,3,2,0.2824,0.5051,0.5051,0,0,70.6
9.81,33.76,78.97,169.75,16.09,91.99,1.58,0.1,29.34,1628.4,55.7,0,0,0.3801,0.5888,0.5888,0,0,62.1
32.55,78.68,131.77,240.02,26.16,98.0,1.76,0.05,12.77,1547.9,14.0,1,2,0.4684,0.5976,0.5976,0,0,61.3
46.41,88.22,174.82,266.45,51.02,98.0,3.4,0.94,37.99,1349.0,116.5,3,2,0.671,0.852,0.852,1,1,48.0
4.55,15.46,34.69,100.47,33.24,73.63,1.43,-0.1,29.86,1155.3,10.0,1,1,0.3156,0.5175,0.5175,0,0,72.4
1.39,7.23,17.58,33.36,0.0,68.9,1.07,-0.03,33.24,1547.6,308.4,2,3,0.2581,0.5703,0.5703,0,0,78.4
41.97,116.54,208.83,418.47,53.76,98.0,2.9,0.72,36.03,1552.3,74.4,2,3,0.6114,0.9079,0.9079,1,1,50.7
9.87,32.41,75.41,175.06,4.45,97.12,1.21,0.05,19.22,842.6,289.3,1,2,0.3482,0.5779,0.5779,0,0,67.9
15.61,39.81,81.44,160.69,30.86,95.8,2.05,0.02,23.74,2148.2,217.3,1,3,0.4039,0.6477,0.6477,0,1,62.4
68.88,133.28,262.88,432.71,86.65,98.0,3.88,1.0,27.49,2104.3,10.0,2,1,0.7589,0.8456,0.8456,1,1,38.3
1.38,12.64,30.16,85.08,0.0,87.68,0.8,-0.16,20.34,1488.9,73.8,1,2,0.2956,0.5051,0.5051,0,0,67.3
20.9,56.37,115.7,201.86,25.88,78.11,2.2,0.17,17.31,1305.6,262.5,1,2,0.3938,0.5586,0.5586,0,0,67.1
1.54,4.83,15.49,46.77,11.22,41.78,1.92,-0.05,35.97,1573.2,55.9,3,2,0.278,0.4837,0.4837,0,0,62.3
9.42,24.7,58.44,102.92,18.41,65.02,0.86,0.05,35.13,1115.4,46.8,0,2,0.2839,0.5945,0.5945,0,0,68.5
128.94,260.24,387.46,806.51,150.0,98.0,6.2,2.74,37.94,751.4,138.8,2,1,1.0,1.0,1.0,1,1,27.8
11.36,42.97,93.54,207.12,11.16,92.14,2.17,0.1,33.08,1334.6,146.5,2,5,0.4177,0.787,0.787,0,1,56.4
117.44,326.44,539.18,920.38,123.93,98.0,3.46,1.19,19.22,779.7,123.7,0,1,0.8458,1.0,1.0,1,1,37.1
16.38,31.56,68.33,103.1,27.16,61.23,1.03,0.03,19.77,817.2,54.2,1,3,0.3072,0.5031,0.5031,0,0,64.5
7.75,26.34,59.11,127.65,19.8,65.31,1.45,0.03,27.0,798.6,10.0,1,0,0.3193,0.4711,0.4711,0,0,68.7
4.97,14.42,38.7,108.74,25.96,86.28,1.12,-0.09,38.08,2202.1,307.7,0,5,0.2818,0.7435,0.7435,0,1,69.6
103.82,259.95,398.95,795.71,91.84,98.0,3.49,1.21,20.47,987.0,45.8,1,2,0.8349,0.9857,0.9857,1,1,39.5
9.32,27.46,58.06,97.74,17.72,79.08,1.96,-0.01,35.57,1169.7,190.5,2,2,0.3579,0.637,0.637,0,1,70.4
1.42,11.02,27.03,99.62,7.65,52.15,1.52,-0.17,19.0,1558.9,52.0,2,3,0.2618,0.4211,0.4211,0,0,71.2
9.23,22.17,33.86,60.79,17.17,57.29,1.1,0.01,20.19,1623.4,81.9,1,2,0.2782,0.4233,0.4233,0,0,66.9
12.48,30.12,67.2,146.6,23.35,70.91,1.89,0.07,35.09,951.4,56.1,1,1,0.3605,0.5913,0.5913,0,0,65.5
25.66,67.2,132.52,221.79,60.08,98.0,2.48,0.34,32.43,2250.7,10.2,0,2,0.5026,0.7558,0.7558,0,1,54.6
21.38,57.97,101.06,179.14,54.09,98.0,2.24,0.02,15.5,1131.3,48.0,1,1,0.4541,0.5519,0.5519,0,0,59.0
24.67,72.91,146.34,243.72,39.08,88.47,1.73,0.33,37.77,2305.3,374.0,1,3,0.4062,0.8188,0.8188,0,1,59.7
0.17,1.2,7.88,30.89,21.31,57.44,0.68,-0.16,36.25,1173.8,14.0,0,2,0.2191,0.5204,0.5204,0,0,77.9
4.91,23.1,42.59,76.86,2.68,77.76,1.55,0.07,36.71,754.3,97.4,1,1,0.3364,0.5934,0.5934,0,0,66.1
158.42,435.87,673.22,1149.93,150.0,98.0,6.2,2.13,24.93,2353.6,414.6,1,4,1.0,1.0,1.0,1,1,24.8
13.23,47.61,94.95,189.98,13.25,97.07,1.87,0.05,19.83,1548.1,10.0,1,1,0.4232,0.5765,0.5765,0,0,57.3
0.11,4.07,24.44,47.09,7.63,46.21,1.47,-0.06,38.59,2199.9,10.0,0,1,0.24,0.498,0.498,0,0,78.4
32.64,80.46,135.62,262.5,49.59,82.32,2.28,0.43,29.18,1961.7,287.8,0,3,0.449,0.7197,0.7197,0,1,63.1
29.64,62.84,115.75,209.71,51.96,98.0,3.23,0.53,41.52,1045.4,159.6,4,1,0.5851,0.778,0.778,0,1,48.4
15.9,45.49,76.93,149.89,14.17,73.4,1.71,0.11,17.14,2144.7,94.6,2,1,0.3756,0.4666,0.4666,0,0,73.2
1.38,7.8,32.1,87.2,19.62,78.72,1.78,-0.16,43.12,834.3,92.3,0,2,0.3075,0.6646,0.6646,0,1,68.7
29.09,88.65,172.97,237.98,34.58,98.0,2.3,0.33,21.65,1587.5,442.1,1,0,0.4542,0.659,0.659,0,1,55.6
17.53,46.77,105.41,194.88,20.95,77.65,1.8,-0.02,21.84,1169.3,10.0,1,2,0.3815,0.581,0.581,0,0,64.5
30.46,85.06,167.58,276.11,35.97,98.0,1.19,0.29,16.6,1346.6,37.8,0,3,0.4485,0.702,0.702,0,1,64.6
27.87,60.14,96.31,187.27,56.85,98.0,2.4,0.67,42.74,1999.1,45.7,1,3,0.5433,0.824,0.824,0,1,55.5
32.49,84.3,139.16,202.78,12.99,77.63,1.6,0.14,9.43,1877.6,15.3,1,1,0.4252,0.4929,0.4929,0,0,60.7
14.6,34.52,72.0,156.1,25.8,69.95,1.67,0.15,25.04,1476.1,53.0,2,4,0.3727,0.6042,0.6042,0,0,71.1
3.02,10.96,33.86,89.23,19.35,55.27,1.08,-0.16,21.16,825.8,55.5,2,2,0.2535,0.4254,0.4254,0,0,76.6
22.24,57.19,108.64,185.49,17.56,73.76,1.14,-0.02,13.73,815.9,382.7,2,2,0.3157,0.5092,0.5092,0,0,73.6
19.38,53.18,99.05,223.97,29.46,87.45,1.9,0.16,33.68,1908.6,70.0,2,1,0.4321,0.6653,0.6653,0,1,59.2
27.12,68.47,147.26,341.74,22.65,98.0,2.87,0.64,40.34,2315.6,327.6,5,4,0.5612,0.8971,0.8971,0,1,55.2
3.72,18.1,32.51,95.86,28.03,63.01,0.98,0.01,16.77,2148.0,199.3,1,1,0.2561,0.3803,0.3803,0,0,76.6
4.34,21.58,54.4,100.61,0.0,75.74,0.86,-0.15,25.92,951.6,160.2,2,1,0.2797,0.5159,0.5159,0,0,65.1
44.22,130.37,200.47,419.94,59.01,98.0,2.65,0.65,28.82,950.0,48.2,2,3,0.6026,0.8399,0.8399,1,1,46.9
27.72,73.09,151.59,301.09,20.67,98.0,2.25,0.33,22.06,1757.4,66.8,1,3,0.4993,0.7261,0.7261,0,1,55.5
47.77,120.2,211.78,429.56,38.66,98.0,3.26,1.07,41.18,1835.1,10.0,1,0,0.6754,0.8626,0.8626,1,1,46.6
28.44,76.27,157.3,277.59,33.36,98.0,2.87,0.39,24.61,1767.2,56.9,4,0,0.5656,0.6636,0.6636,0,1,54.7
18.18,46.77,77.75,119.31,39.6,84.01,2.02,0.2,43.38,2210.9,245.2,0,2,0.3873,0.7373,0.7373,0,1,68.2
21.23,57.84,105.79,150.36,22.47,87.96,1.15,0.07,18.63,1131.2,182.4,1,1,0.3697,0.5546,0.5546,0,0,58.9
43.99,97.75,166.95,339.72,37.35,98.0,1.44,0.24,10.64,1034.3,198.3,2,2,0.4868,0.6235,0.6235,0,1,63.9
17.29,51.35,132.55,277.66,31.22,86.45,1.04,0.15,28.7,2258.4,30.1,3,2,0.3999,0.6937,0.6937,0,1,64.9
20.01,45.23,96.37,184.6,21.89,86.07,2.37,0.24,37.64,1941.5,28.3,0,3,0.4454,0.7499,0.7499,0,1,57.9
3.4,16.06,40.7,77.5,18.56,63.96,1.19,-0.12,21.98,1924.3,130.6,4,1,0.2926,0.4347,0.4347,0,0,73.7
129.89,324.73,602.18,1093.97,150.0,98.0,4.0,1.06,14.66,1303.4,126.4,0,5,0.8871,1.0,1.0,1,1,23.4
25.2,73.95,152.25,309.97,9.0,98.0,2.17,0.5,34.58,1786.0,26.1,1,2,0.5114,0.7971,0.7971,0,1,56.3
6.32,12.07,41.05,106.3,24.0,67.74,1.03,-0.13,17.75,1949.1,152.6,1,2,0.2672,0.4419,0.4419,0,0,74.7
4.52,23.6,45.85,93.27,21.31,73.71,1.32,-0.11,35.71,1740.5,56.6,1,3,0.303,0.6381,0.6381,0,1,68.4
7.53,17.0,56.16,122.81,16.43,68.54,1.46,-0.05,17.44,1964.8,261.4,1,1,0.284,0.4301,0.4301,0,0,73.5
5.53,19.65,39.99,90.54,12.07,68.63,1.22,-0.11,28.06,1723.6,54.4,2,1,0.3008,0.4955,0.4955,0,0,73.7
156.09,324.5,486.38,921.93,150.0,98.0,6.2,2.8,39.96,2370.4,31.4,0,1,1.0,1.0,1.0,1,1,18.9
11.06,22.04,42.06,86.31,30.13,65.86,1.44,0.01,15.37,1561.8,26.2,1,1,0.3247,0.3888,0.3888,0,0,67.4
47.68,129.31,213.86,314.44,58.05,98.0,3.16,0.92,37.55,770.6,274.2,0,2,0.6107,0.8961,0.8961,1,1,55.3
14.15,46.62,91.87,137.13,27.22,93.49,1.41,0.03,17.56,1019.5,236.0,0,3,0.3549,0.6045,0.6045,0,0,63.3
88.13,171.34,289.45,524.93,106.89,98.0,3.97,1.47,31.78,2340.9,66.6,3,1,0.8602,0.9124,0.9124,1,1,30.2
1.6,4.52,18.05,48.1,8.66,83.0,1.48,-0.17,16.77,1524.7,33.0,1,1,0.3206,0.4187,0.4187,0,0,73.9
23.82,69.75,123.53,254.02,56.95,94.75,2.36,0.08,12.12,948.9,40.2,1,7,0.4651,0.7233,0.7233,0,1,62.3
9.65,33.92,61.39,134.08,0.0,84.92,1.72,0.12,31.9,1007.1,58.3,0,4,0.372,0.688,0.688,0,1,68.9
34.5,95.34,138.64,272.07,33.72,98.0,2.11,0.44,29.42,797.8,10.0,3,2,0.5481,0.7392,0.7392,0,1,60.3
21.55,59.11,131.81,283.05,20.56,98.0,2.05,0.24,22.45,1123.5,10.0,0,3,0.4631,0.7051,0.7051,0,1,57.7
31.82,74.66,126.12,189.66,58.67,98.0,1.46,0.06,9.32,2378.0,314.8,4,0,0.4438,0.5031,0.5031,0,0,60.4
6.35,23.01,45.9,95.57,9.18,65.64,1.46,-0.07,25.11,1292.5,174.4,1,4,0.2849,0.5608,0.5608,0,0,68.3
23.58,67.29,114.01,188.11,13.89,96.68,1.59,0.01,13.35,1162.9,201.8,1,2,0.4067,0.5769,0.5769,0,0,59.9
6.13,26.07,57.91,138.58,4.16,90.11,1.56,0.03,20.94,1851.6,78.2,1,2,0.3653,0.5506,0.5506,0,0,71.0
55.96,142.15,233.86,472.79,74.97,98.0,2.88,0.79,29.1,1862.4,54.5,0,0,0.6352,0.7931,0.7931,1,1,48.0
20.23,55.35,126.42,201.42,32.3,98.0,2.4,0.4,41.82,2346.9,11.6,1,4,0.5009,0.8834,0.8834,0,1,60.0
7.85,18.37,40.92,74.65,15.12,78.16,1.23,-0.01,26.41,1953.8,98.0,1,2,0.3223,0.5401,0.5401,0,0,71.5
6.28,27.56,44.61,106.76,14.13,79.96,2.29,-0.14,15.01,931.4,163.2,1,2,0.3476,0.4585,0.4585,0,0,64.1
4.24,18.61,40.39,117.47,20.61,68.12,1.5,-0.0,42.06,2376.2,26.2,1,1,0.3134,0.6066,0.6066,0,0,70.2
23.73,71.75,159.32,232.92,43.97,85.09,1.25,0.1,8.93,1987.9,59.2,2,6,0.4042,0.6844,0.6844,0,1,56.9
4.94,25.68,55.31,130.48,0.99,68.55,2.04,0.01,31.14,1177.7,314.6,2,2,0.3127,0.5687,0.5687,0,0,70.3
18.09,59.4,118.62,222.57,27.32,94.12,1.75,0.02,17.45,1181.0,222.8,1,2,0.393,0.6081,0.6081,0,0,63.7
147.76,297.37,436.39,773.29,150.0,98.0,6.2,2.8,35.27,2334.0,192.1,0,3,1.0,1.0,1.0,1,1,18.2
21.69,47.65,99.52,230.05,37.47,77.57,1.46,0.1,19.92,1067.9,10.0,0,1,0.3785,0.5282,0.5282,0,0,65.3
98.92,240.38,428.09,694.93,137.15,98.0,3.55,1.27,23.43,1125.5,21.7,1,2,0.8348,1.0,1.0,1,1,45.3
30.1,69.18,118.57,271.5,31.65,98.0,2.56,0.56,35.74,1342.2,43.8,3,4,0.565,0.8252,0.8252,0,1,56.6
28.61,73.98,151.77,232.66,37.05,98.0,2.93,0.51,40.32,1871.1,43.4,4,3,0.5828,0.8725,0.8725,0,1,50.0
4.16,16.97,35.7,80.67,7.55,69.36,0.85,-0.06,14.57,1459.0,16.6,3,0,0.3029,0.3544,0.3544,0,0,68.2
1.85,10.89,18.62,31.27,4.58,31.12,1.47,-0.04,18.67,1263.6,41.0,4,1,0.2486,0.2892,0.2892,0,0,73.8
24.01,74.0,140.79,279.05,38.06,96.22,0.99,-0.03,8.16,1191.6,67.1,2,1,0.4037,0.5367,0.5367,0,0,66.2
159.06,359.94,642.54,898.76,150.0,98.0,6.2,2.8,38.84,956.4,10.0,1,2,1.0,1.0,1.0,1,1,21.7
11.32,34.58,71.68,145.31,31.97,87.09,2.15,0.23,42.1,1651.3,61.9,3,2,0.4405,0.7282,0.7282,0,1,59.5
0.63,14.11,35.71,62.03,4.8,59.48,1.49,-0.13,18.06,1201.1,82.3,3,1,0.2844,0.3847,0.3847,0,0,70.6
6.01,28.55,69.6,182.55,30.74,76.27,1.96,-0.02,21.84,1296.9,10.0,1,1,0.3564,0.5034,0.5034,0,0,60.6
0.69,12.45,21.29,50.13,16.07,46.5,1.57,-0.17,23.44,762.9,134.6,4,2,0.2592,0.4038,0.4038,0,0,74.6
42.27,90.27,185.67,338.24,37.52,98.0,2.03,0.38,22.75,1626.5,10.0,1,5,0.5379,0.8333,0.8333,0,1,56.3
5.58,15.94,42.32,86.9,0.0,76.24,1.15,-0.14,22.14,1899.1,125.3,1,2,0.2925,0.5024,0.5024,0,0,68.7
16.3,35.76,85.64,162.68,24.04,91.24,1.66,0.03,25.13,2280.4,615.6,1,1,0.3259,0.5912,0.5912,0,0,66.6
0.8,14.21,30.67,60.11,10.82,49.92,1.87,-0.17,13.54,1075.3,10.0,3,1,0.2868,0.3156,0.3156,0,0,67.6
21.98,63.13,140.76,257.4,24.95,98.0,1.41,0.06,10.08,2266.9,38.1,1,3,0.424,0.6171,0.6171,0,0,63.5
7.8,21.89,58.66,130.76,2.39,81.95,1.3,0.08,34.05,1345.9,16.6,0,1,0.3434,0.6035,0.6035,0,0,64.3
45.64,94.5,177.54,286.0,43.36,98.0,3.38,0.99,38.48,2073.9,55.3,4,3,0.6919,0.8892,0.8892,1,1,47.1
43.81,94.08,169.49,260.04,48.25,98.0,3.2,0.81,37.17,2229.7,216.4,1,0,0.6093,0.7789,0.7789,1,1,54.3
7.87,27.1,55.49,108.99,12.91,55.29,1.47,-0.05,30.56,2336.3,318.2,1,2,0.2493,0.5271,0.5271,0,0,75.1
46.24,131.71,235.9,475.31,54.76,98.0,3.81,1.05,42.88,1287.0,219.7,1,5,0.6661,1.0,1.0,1,1,45.2
84.19,192.69,301.72,493.27,124.24,98.0,2.02,0.32,8.06,1179.7,141.0,0,2,0.6089,0.7676,0.7676,1,1,49.3
116.47,291.13,487.71,692.15,81.73,98.0,3.92,1.18,19.5,1475.3,151.6,7,0,0.9291,1.0,1.0,1,1,26.5
37.27,85.24,181.37,270.1,52.74,98.0,1.57,0.34,19.16,1665.2,15.4,0,2,0.4904,0.7094,0.7094,0,1,59.1
5.73,25.46,57.81,123.89,0.0,75.96,0.7,-0.04,20.59,1889.6,34.3,4,1,0.3241,0.478,0.478,0,0,66.6
141.36,310.86,508.49,880.89,150.0,98.0,6.2,2.8,36.8,1891.6,54.3,1,2,1.0,1.0,1.0,1,1,30.4
1.39,13.91,43.74,122.1,0.0,81.61,1.43,-0.08,20.65,942.5,10.0,2,1,0.3373,0.4772,0.4772,0,0,62.7
1.99,10.45,41.35,75.05,9.66,45.75,0.56,-0.01,26.98,1759.5,206.9,3,2,0.212,0.4544,0.4544,0,0,74.4
136.12,322.62,661.99,1305.49,150.0,98.0,5.61,2.23,30.1,1027.0,35.4,3,2,1.0,1.0,1.0,1,1,22.5
7.91,28.95,53.47,92.18,28.65,87.54,2.01,0.01,38.43,1923.8,10.0,4,1,0.4215,0.6479,0.6479,0,1,63.5
27.58,53.88,93.34,182.57,41.02,83.93,2.49,0.31,30.17,2361.4,10.0,0,1,0.4736,0.6205,0.6205,0,1,56.3
32.87,84.68,161.72,319.6,38.91,98.0,2.26,0.25,21.73,2022.0,418.8,2,4,0.4673,0.7659,0.7659,0,1,62.1
39.04,94.59,194.93,425.47,30.95,98.0,2.4,0.73,33.01,1896.3,291.6,3,0,0.564,0.7767,0.7767,0,1,54.2
120.88,292.47,415.3,779.98,101.87,98.0,5.12,1.86,26.56,877.8,382.5,0,1,0.9603,1.0,1.0,1,1,29.1
5.53,23.92,58.4,129.9,23.34,84.69,1.02,-0.08,27.02,1054.6,376.8,4,1,0.3076,0.5547,0.5547,0,0,63.2
0.82,3.35,6.75,24.25,15.18,63.47,1.31,-0.07,20.07,1336.1,192.8,1,5,0.2572,0.4965,0.4965,0,0,70.6
10.59,29.1,64.19,119.65,20.51,52.75,1.36,-0.13,8.06,2290.2,38.8,4,0,0.3049,0.2906,0.3049,0,0,73.4
2.79,20.28,55.86,115.94,0.0,59.31,1.74,-0.14,20.81,1296.0,47.1,0,1,0.2746,0.4308,0.4308,0,0,67.8
0.45,4.55,19.91,43.13,29.89,68.99,0.92,-0.18,18.9,2092.7,61.7,0,5,0.2475,0.5187,0.5187,0,0,70.3
108.94,249.05,471.03,852.01,150.0,98.0,2.38,0.68,11.61,921.2,184.5,1,2,0.7273,1.0,1.0,1,1,45.2
30.63,81.74,146.57,245.57,30.05,85.39,1.56,0.23,15.15,1842.3,313.7,3,3,0.4248,0.6294,0.6294,0,1,58.0
112.13,236.08,379.4,728.21,92.35,98.0,6.2,2.76,43.31,2035.5,69.6,1,3,1.0,1.0,1.0,1,1,18.8
7.5,20.59,49.2,104.87,0.0,70.76,1.35,0.04,18.07,1645.8,43.1,0,1,0.3126,0.4329,0.4329,0,0,66.9
21.25,62.2,135.22,207.43,33.3,98.0,2.11,0.23,26.65,2015.3,33.4,2,0,0.4808,0.6529,0.6529,0,1,66.6
5.28,28.53,59.43,112.5,5.12,68.28,1.3,-0.11,27.78,1944.0,35.6,1,1,0.2949,0.516,0.516,0,0,65.7
0.29,3.7,23.94,55.77,29.25,40.81,1.02,-0.11,28.16,1537.0,10.0,2,5,0.2241,0.5188,0.5188,0,0,70.0
28.91,81.7,135.89,295.93,46.55,98.0,1.87,0.13,9.7,2178.1,32.0,2,2,0.4794,0.5781,0.5781,0,0,65.2
19.55,59.76,136.11,259.12,6.91,98.0,1.72,0.37,35.77,1313.7,41.9,3,1,0.4821,0.7569,0.7569,0,1,60.1
28.74,66.26,130.29,273.44,60.11,88.21,2.56,0.35,34.29,1451.9,179.3,2,2,0.4905,0.7406,0.7406,0,1,59.5
0.79,10.8,43.33,90.23,9.71,82.4,1.45,-0.15,43.18,1640.8,95.4,3,2,0.3299,0.6891,0.6891,0,1,61.8
36.29,73.08,127.23,255.73,57.21,90.55,1.68,0.2,14.65,965.7,48.3,1,2,0.4676,0.5862,0.5862,0,0,53.5
19.33,47.34,102.19,192.02,22.71,90.42,1.62,0.14,27.94,1600.3,109.1,1,2,0.4088,0.6616,0.6616,0,1,64.1
16.57,57.32,94.92,173.04,18.93,87.81,1.71,0.32,36.94,1284.8,186.3,0,2,0.3977,0.7174,0.7174,0,1,58.6
19.6,50.97,123.85,188.85,20.06,81.59,0.96,-0.05,12.48,1173.5,113.0,1,1,0.3409,0.5096,0.5096,0,0,71.1
39.97,97.46,198.69,416.53,65.05,98.0,2.21,0.82,36.42,1701.8,10.0,1,1,0.5843,0.8386,0.8386,0,1,47.5
17.68,49.91,97.67,205.81,40.32,94.85,1.7,0.13,17.72,1293.8,33.1,1,2,0.4269,0.5867,0.5867,0,0,65.1
17.4,57.39,99.48,224.04,2.94,98.0,1.5,0.08,18.11,2161.6,40.4,1,4,0.4182,0.6609,0.6609,0,1,61.3
93.51,237.46,364.59,636.84,75.47,98.0,5.75,2.22,42.04,1426.5,54.1,1,2,1.0,1.0,1.0,1,1,22.7
28.27,89.84,178.4,315.53,23.56,98.0,1.41,0.29,19.3,1431.5,10.0,1,4,0.467,0.7668,0.7668,0,1,53.7
11.68,38.13,71.16,160.07,32.67,90.58,2.21,0.04,29.03,2370.2,163.7,4,4,0.4294,0.6929,0.6929,0,1,71.1
24.58,54.36,124.2,231.09,38.5,98.0,1.84,0.23,23.84,1313.5,76.3,0,3,0.4514,0.7069,0.7069,0,1,57.3
9.86,36.29,72.35,129.08,14.09,72.4,1.39,-0.14,10.81,967.0,272.3,1,1,0.2858,0.4077,0.4077,0,0,74.8
5.2,24.33,63.52,93.62,22.34,64.98,1.67,-0.11,42.22,2196.4,87.5,4,1,0.3279,0.6273,0.6273,0,1,63.9
18.17,38.38,54.37,132.31,15.42,68.5,2.11,0.04,15.69,2263.0,532.4,0,3,0.3027,0.4738,0.4738,0,0,76.3
158.77,396.27,739.78,1207.6,150.0,98.0,4.99,1.57,17.64,1123.6,144.8,1,6,1.0,1.0,1.0,1,1,28.4
52.94,138.01,244.4,493.44,72.3,98.0,2.13,0.5,21.58,2205.4,261.5,1,1,0.5479,0.7758,0.7758,0,1,54.1
8.37,30.53,75.03,151.22,9.96,85.6,1.96,0.09,25.95,1566.0,434.7,0,3,0.3273,0.6289,0.6289,0,1,66.1
108.28,232.43,448.43,695.53,98.85,98.0,2.49,0.83,13.19,821.7,76.6,2,1,0.7699,0.958,0.958,1,1,43.1
4.76,11.14,24.38,70.01,16.1,75.65,1.15,0.06,30.68,1655.6,120.3,2,3,0.3196,0.5771,0.5771,0,0,66.5
108.66,232.92,374.19,751.46,93.94,98.0,4.32,1.5,26.53,2150.5,294.5,2,3,0.8905,1.0,1.0,1,1,33.6
79.39,150.65,323.95,631.76,89.65,98.0,2.94,0.79,18.91,1404.5,102.8,3,3,0.7206,0.9116,0.9116,1,1,44.8
124.37,291.04,423.81,671.33,150.0,98.0,5.85,2.28,32.94,1659.2,10.0,1,3,1.0,1.0,1.0,1,1,29.0
32.64,73.85,126.12,208.09,25.54,75.11,2.1,0.36,26.51,982.0,143.3,2,0,0.4572,0.5765,0.5765,0,0,60.2
25.11,48.61,112.26,210.29,40.85,77.68,2.71,0.44,38.26,2139.6,329.4,3,4,0.4643,0.7808,0.7808,0,1,54.1
17.99,58.37,119.93,185.72,17.21,98.0,2.0,0.23,38.79,926.4,182.3,1,1,0.4385,0.7613,0.7613,0,1,52.3
1.1,15.41,44.61,89.43,14.36,73.97,0.96,-0.13,43.28,905.8,188.0,2,1,0.2704,0.6379,0.6379,0,1,67.9
12.13,45.94,70.92,176.51,6.01,80.09,1.23,-0.09,10.42,2290.4,10.0,2,2,0.3507,0.4543,0.4543,0,0,72.3
22.47,61.95,137.54,285.15,27.23,98.0,1.46,0.21,22.59,2191.2,160.4,1,4,0.4258,0.7432,0.7432,0,1,65.6
74.91,202.71,327.92,564.93,129.01,98.0,3.31,1.02,26.05,1698.5,10.0,1,5,0.741,1.0,1.0,1,1,45.4
9.34,23.87,56.21,117.31,10.69,84.04,1.83,-0.05,16.42,925.2,320.3,2,2,0.3423,0.4953,0.4953,0,0,62.8
56.84,134.13,228.03,440.62,74.74,98.0,3.31,1.18,41.19,1650.9,294.8,2,2,0.6834,0.9427,0.9427,1,1,47.3
3.66,22.56,45.09,127.46,0.0,78.74,1.43,-0.07,11.17,2268.9,471.1,0,1,0.2555,0.395,0.395,0,0,69.4
13.88,40.51,92.31,179.07,5.3,98.0,2.33,0.11,23.43,1760.4,43.4,3,0,0.4694,0.5746,0.5746,0,0,58.9
23.48,58.68,109.44,195.6,49.89,98.0,1.6,0.06,14.67,1077.1,93.3,0,0,0.4191,0.5255,0.5255,0,0,57.9
23.89,60.29,119.75,190.16,37.04,98.0,2.87,0.32,32.56,2244.6,103.7,2,1,0.521,0.7112,0.7112,0,1,57.3
20.92,67.61,141.53,245.12,27.11,89.41,1.56,0.25,33.38,2178.0,97.6,1,2,0.421,0.7504,0.7504,0,1,59.5
6.44,25.1,59.26,164.5,29.77,88.3,1.95,0.06,39.41,1651.9,63.8,2,2,0.3941,0.695,0.695,0,1,67.5
145.8,274.76,405.98,832.82,150.0,98.0,4.27,1.86,22.72,2156.2,520.2,0,2,0.9662,1.0,1.0,1,1,29.4
20.21,50.46,102.24,200.2,22.91,98.0,1.47,0.38,35.9,843.0,261.3,3,2,0.4445,0.7466,0.7466,0,1,60.0
18.29,52.78,99.14,196.86,20.77,82.27,1.22,0.2,27.78,1510.9,113.1,1,4,0.3764,0.6938,0.6938,0,1,58.9
3.95,9.43,19.31,79.65,6.28,72.61,0.72,-0.11,37.24,1043.8,125.2,1,3,0.2639,0.6148,0.6148,0,0,71.4
24.43,66.72,117.58,226.76,13.48,89.22,1.44,0.1,11.07,2131.9,150.3,0,2,0.3913,0.5421,0.5421,0,0,64.8
12.15,30.64,74.58,122.27,13.86,77.01,1.21,-0.03,24.68,2352.5,111.1,1,1,0.3256,0.5343,0.5343,0,0,67.7
22.04,51.93,89.82,184.97,30.47,98.0,2.05,0.14,13.42,2285.7,147.5,0,1,0.4359,0.5215,0.5215,0,0,62.2
36.33,103.91,180.99,344.21,63.14,98.0,2.18,0.67,36.45,1580.5,203.5,1,3,0.5331,0.8772,0.8772,0,1,57.6
3.72,15.42,30.45,48.09,35.73,54.25,1.89,-0.08,13.5,1593.1,457.3,0,4,0.2236,0.4171,0.4171,0,0,72.3
0.39,13.87,28.28,77.05,17.75,67.42,1.06,-0.15,8.29,2248.6,226.9,1,2,0.2408,0.3497,0.3497,0,0,76.5
30.2,69.61,115.2,192.22,35.36,98.0,2.67,0.56,41.46,1940.9,16.6,0,1,0.5434,0.7769,0.7769,0,1,58.0
18.82,49.53,94.47,211.1,46.54,85.53,1.14,0.19,25.45,873.1,94.9,0,1,0.3725,0.5885,0.5885,0,0,67.6
24.06,47.57,102.94,192.88,25.08,98.0,2.34,0.52,43.47,961.8,119.9,1,4,0.5062,0.8679,0.8679,0,1,61.9
36.42,85.06,174.92,338.04,41.23,98.0,2.05,0.48,24.31,2320.3,37.1,1,1,0.5314,0.7127,0.7127,0,1,52.3
32.47,87.05,159.5,302.98,34.96,98.0,2.58,0.49,29.27,1353.7,77.4,1,6,0.5402,0.8835,0.8835,0,1,48.8
64.84,185.58,395.1,626.9,53.1,98.0,4.15,1.28,34.79,1059.1,323.8,2,1,0.7468,1.0,1.0,1,1,45.6
15.35,35.52,91.11,204.05,23.95,83.5,1.34,-0.05,18.11,1963.6,36.0,0,3,0.3516,0.58,0.58,0,0,67.4
13.41,37.97,67.69,115.73,21.79,60.78,1.2,-0.02,12.78,2201.5,45.8,1,2,0.302,0.4152,0.4152,0,0,70.4
128.34,294.44,526.17,830.64,118.15,98.0,5.7,2.35,31.8,1090.8,286.7,4,1,1.0,1.0,1.0,1,1,30.7
106.36,255.39,536.22,1069.93,104.08,98.0,5.14,1.63,26.38,1164.9,11.9,1,1,0.9612,1.0,1.0,1,1,22.4
17.0,47.16,94.39,191.74,35.46,89.0,2.17,0.27,37.76,2234.9,254.6,3,1,0.4381,0.6967,0.6967,0,1,57.9
6.49,15.74,29.83,83.35,8.09,50.24,1.06,-0.16,9.62,771.7,43.5,2,1,0.2517,0.2841,0.2841,0,0,79.2
50.84,103.3,200.81,348.91,86.06,98.0,2.4,0.68,27.61,2248.1,82.8,1,1,0.5967,0.7707,0.7707,0,1,49.0
17.5,45.74,72.47,127.32,21.52,86.96,2.03,0.11,14.69,814.8,123.6,1,1,0.4096,0.4796,0.4796,0,0,59.8
17.97,52.01,92.54,203.48,7.59,80.78,1.29,0.26,30.22,907.4,124.8,2,3,0.3896,0.6711,0.6711,0,1,65.9
71.46,129.91,224.06,346.59,83.62,98.0,3.94,1.37,35.38,2172.8,469.3,2,1,0.7434,0.8613,0.8613,1,1,44.7
1.07,2.25,20.75,43.85,3.61,39.14,1.25,-0.19,17.47,1159.9,10.0,0,1,0.2043,0.3047,0.3047,0,0,75.3
123.25,263.74,391.97,572.58,92.28,98.0,4.57,1.78,25.34,1120.7,146.0,1,0,0.9753,0.9562,0.9753,1,1,26.9
11.01,33.25,69.67,149.12,13.19,97.77,1.67,0.07,23.13,2142.8,224.2,0,2,0.3742,0.6039,0.6039,0,0,66.7
1.77,5.91,20.88,42.56,1.26,57.01,1.28,-0.14,35.18,1644.6,106.5,1,2,0.2483,0.5265,0.5265,0,0,75.9
71.14,161.91,242.2,497.12,72.04,98.0,3.28,1.16,29.6,1328.5,446.2,2,3,0.696,0.8972,0.8972,1,1,46.6
42.57,101.28,165.99,348.17,43.09,98.0,1.97,0.2,12.35,1928.5,64.9,1,3,0.511,0.666,0.666,0,1,58.2
42.9,108.3,218.03,336.2,63.6,98.0,3.06,1.08,43.16,2086.1,166.3,1,0,0.6348,0.8862,0.8862,1,1,44.7
21.52,57.74,141.35,286.94,21.66,98.0,2.68,0.38,40.84,2173.6,139.1,0,2,0.4881,0.8339,0.8339,0,1,57.5
4.75,23.38,35.99,88.98,5.61,77.91,1.51,0.06,28.83,946.9,10.0,1,2,0.345,0.5528,0.5528,0,0,63.2
39.76,114.95,176.86,314.12,68.27,98.0,2.31,0.77,35.99,1711.2,96.6,1,3,0.5716,0.8685,0.8685,0,1,56.8
43.45,103.24,176.92,364.99,57.62,98.0,1.63,0.21,8.72,1869.1,36.3,3,2,0.5223,0.6204,0.6204,0,1,54.4
4.38,11.72,22.03,67.19,0.94,77.16,1.28,0.02,15.25,942.2,90.3,0,2,0.3077,0.425,0.425,0,0,70.4
26.74,66.57,108.91,226.26,20.69,82.04,2.37,0.47,35.64,1756.7,258.6,2,2,0.4649,0.708,0.708,0,1,59.3
6.75,18.43,36.62,91.95,4.66,75.87,1.44,0.03,11.82,802.7,119.4,2,3,0.3349,0.4418,0.4418,0,0,66.1
32.45,88.62,158.01,295.69,45.84,98.0,1.66,0.06,9.54,1313.6,108.1,3,5,0.4727,0.6938,0.6938,0,1,58.6
117.84,310.8,513.47,931.35,117.71,98.0,5.55,2.09,30.17,1033.8,133.9,3,1,1.0,1.0,1.0,1,1,20.3
0.61,10.98,32.53,70.73,5.47,72.79,1.5,-0.01,9.23,1676.0,90.2,0,2,0.2951,0.3774,0.3774,0,0,68.6
45.53,98.42,159.97,344.59,56.2,98.0,1.83,0.31,14.59,1065.3,71.3,1,1,0.5221,0.6167,0.6167,0,0,55.5
19.49,44.96,73.86,142.89,17.13,94.4,0.5,0.04,10.88,2052.1,56.3,2,0,0.375,0.4416,0.4416,0,0,67.7
70.11,190.9,379.25,605.52,97.86,98.0,3.69,1.07,27.23,949.9,144.5,0,2,0.7228,1.0,1.0,1,1,39.5
12.51,38.02,91.08,171.3,17.47,98.0,1.65,0.11,32.37,2000.4,179.4,3,3,0.4167,0.7347,0.7347,0,1,69.0
37.6,90.96,148.73,265.73,40.15,92.27,2.25,0.29,14.6,913.2,66.0,2,2,0.5173,0.6169,0.6169,0,0,50.3
1.29,16.49,38.17,110.52,0.0,50.56,1.81,-0.05,24.88,1480.0,10.0,2,2,0.2888,0.4472,0.4472,0,0,75.7
8.17,29.1,76.17,151.76,4.15,79.21,1.87,-0.11,8.73,1902.6,94.0,2,0,0.355,0.3847,0.3847,0,0,62.6
1.39,17.46,36.0,108.78,0.0,62.32,0.54,-0.01,17.53,1016.4,102.3,3,3,0.2595,0.4487,0.4487,0,0,67.6
125.45,273.47,479.33,922.5,112.81,98.0,3.54,0.92,14.47,1991.4,78.2,2,0,0.8687,0.976,0.976,1,1,31.0
33.96,105.59,180.31,380.01,44.09,98.0,2.21,0.28,13.97,2323.1,53.5,2,1,0.5191,0.6366,0.6366,0,1,58.7
38.28,99.64,158.03,256.27,41.34,96.2,2.69,0.22,16.1,1366.1,271.5,1,3,0.5024,0.6813,0.6813,0,1,50.2
55.6,145.05,246.58,429.46,69.83,98.0,3.61,1.05,36.99,750.3,78.7,1,2,0.6996,0.9317,0.9317,1,1,42.2
1.78,11.48,30.46,97.96,4.43,52.8,1.5,-0.12,42.19,1536.8,192.5,3,2,0.2602,0.5826,0.5826,0,0,74.0
9.74,23.76,53.5,98.83,27.96,60.64,1.1,-0.03,33.42,2239.0,121.8,2,3,0.2869,0.5925,0.5925,0,0,69.8
1.47,17.09,50.89,114.28,17.02,86.45,1.13,-0.16,10.6,1847.3,185.6,1,4,0.2936,0.5091,0.5091,0,0,69.6
4.73,19.23,39.31,95.98,27.16,82.56,1.22,-0.02,30.61,1910.4,252.1,2,2,0.3119,0.5841,0.5841,0,0,71.7
5.21,14.11,41.83,111.31,2.57,64.89,1.77,-0.0,34.43,2057.6,33.5,2,2,0.3295,0.5683,0.5683,0,0,72.1
12.66,29.05,62.46,105.09,11.16,69.58,1.24,-0.07,12.0,2248.5,211.7,1,2,0.2948,0.4272,0.4272,0,0,69.7
6.25,15.87,41.44,82.91,14.19,88.21,1.08,-0.05,18.6,955.9,153.2,2,4,0.3318,0.5664,0.5664,0,0,69.8
2.13,13.49,27.87,75.67,22.31,67.55,1.32,-0.12,23.42,1723.8,98.8,1,1,0.2772,0.4406,0.4406,0,0,74.4
87.01,212.72,403.92,536.67,79.27,98.0,2.89,0.82,19.19,2218.1,94.5,3,1,0.7407,0.9516,0.9516,1,1,37.0
3.19,14.5,42.69,74.14,18.87,78.16,1.3,0.03,26.66,2030.2,44.8,1,0,0.3249,0.4843,0.4843,0,0,68.5
72.3,173.57,330.6,595.86,55.63,98.0,2.63,0.42,12.71,1160.8,93.3,5,0,0.6729,0.7802,0.7802,1,1,39.5
87.27,187.91,286.24,404.82,112.32,98.0,3.8,1.11,24.01,2193.1,58.2,1,2,0.7966,0.8763,0.8763,1,1,43.8
68.69,175.62,300.51,519.7,57.41,98.0,3.56,1.24,34.4,1235.3,263.6,2,5,0.7342,1.0,1.0,1,1,46.0
11.59,29.55,72.41,155.58,8.11,98.0,1.31,-0.01,24.59,1428.0,104.7,2,5,0.3877,0.7096,0.7096,0,1,62.7
128.79,266.2,551.06,812.91,119.1,98.0,2.98,1.13,15.58,1056.3,42.6,1,1,0.8676,1.0,1.0,1,1,34.7
32.02,67.09,133.19,258.68,40.5,98.0,2.44,0.52,36.88,2210.6,18.7,3,2,0.5631,0.7922,0.7922,0,1,42.8
7.9,32.42,87.6,182.24,0.0,98.0,1.21,-0.05,22.2,903.5,142.1,1,2,0.3554,0.6191,0.6191,0,0,73.6
7.12,28.14,44.89,72.87,20.1,58.09,1.09,0.01,23.3,2390.3,131.1,1,4,0.2676,0.5239,0.5239,0,0,69.8
5.29,27.82,64.26,133.34,0.0,81.11,1.54,-0.08,20.87,1292.3,53.6,1,2,0.3351,0.5326,0.5326,0,0,70.8
2.78,11.24,30.93,103.99,6.52,87.32,2.09,-0.11,18.43,1922.8,21.2,4,1,0.3985,0.4597,0.4597,0,0,59.5
5.93,25.94,65.8,150.57,11.67,70.42,1.47,0.01,29.67,962.4,151.1,4,6,0.3358,0.695,0.695,0,1,74.6
8.78,27.97,55.81,104.34,0.0,88.28,1.57,-0.01,14.76,1555.0,37.8,0,1,0.3604,0.4635,0.4635,0,0,67.0
74.83,158.66,330.39,620.59,63.47,98.0,4.18,1.55,35.69,816.2,237.7,1,3,0.8023,1.0,1.0,1,1,28.8
1.29,5.85,24.85,55.94,10.64,44.25,1.09,-0.1,25.34,2199.4,155.5,2,0,0.2188,0.357,0.357,0,0,77.2
4.73,22.53,62.68,120.63,30.15,61.93,1.15,-0.13,39.81,1486.6,267.5,2,0,0.2511,0.5685,0.5685,0,0,73.8
33.11,75.94,173.69,305.1,50.42,98.0,2.69,0.8,41.8,1975.5,500.7,2,3,0.5316,0.9111,0.9111,0,1,51.4
3.18,11.93,41.91,97.09,17.01,90.58,2.05,-0.08,21.79,2225.9,50.0,1,1,0.3734,0.5091,0.5091,0,0,68.3
8.39,23.98,69.73,134.11,0.0,86.63,1.78,0.06,13.72,863.2,84.2,2,4,0.3851,0.5575,0.5575,0,0,63.8
40.0,113.31,241.93,360.23,33.78,98.0,2.73,0.61,26.19,1593.9,62.1,1,0,0.5795,0.7796,0.7796,0,1,55.4
98.21,271.56,477.06,974.36,150.0,98.0,2.87,0.91,17.74,1062.7,10.0,1,4,0.7682,1.0,1.0,1,1,37.5
83.45,192.15,382.83,655.87,130.33,98.0,3.99,1.01,23.35,863.9,62.3,2,0,0.7938,0.9291,0.9291,1,1,37.2
122.22,317.39,549.95,871.81,150.0,98.0,4.53,1.43,21.59,1776.4,70.4,0,3,0.9359,1.0,1.0,1,1,29.1
7.2,20.29,32.53,64.23,11.93,53.18,1.16,-0.04,24.22,938.3,22.9,2,3,0.2791,0.4724,0.4724,0,0,73.4
16.58,35.92,78.99,134.73,32.78,98.0,1.82,0.1,25.95,1561.7,257.8,2,1,0.4133,0.6085,0.6085,0,0,62.3
129.56,337.51,521.8,735.49,150.0,98.0,5.99,2.3,30.59,1074.9,41.5,2,3,1.0,1.0,1.0,1,1,28.1
2.95,17.08,30.06,63.88,6.2,45.28,1.46,-0.18,8.14,1076.2,170.5,3,3,0.2413,0.3186,0.3186,0,0,67.5
17.38,55.59,128.78,223.18,21.37,98.0,2.09,0.03,17.23,1612.9,10.0,1,4,0.4438,0.6897,0.6897,0,1,68.4
14.08,38.03,72.58,146.01,25.65,78.24,1.29,-0.06,14.13,1666.4,10.0,0,4,0.3372,0.5408,0.5408,0,0,71.7
3.11,21.78,45.97,62.64,17.64,47.57,1.84,0.02,33.58,755.7,648.1,4,2,0.2298,0.518,0.518,0,0,78.4
19.56,49.34,111.51,219.84,19.09,83.0,1.44,0.26,37.96,1576.3,15.8,2,2,0.419,0.7324,0.7324,0,1,63.3
134.9,339.2,555.5,820.41,86.62,98.0,6.06,2.61,34.13,1855.1,174.2,1,1,1.0,1.0,1.0,1,1,22.1
13.38,33.31,59.01,145.6,22.53,69.09,1.81,0.07,43.09,1869.5,111.3,1,0,0.3478,0.6103,0.6103,0,0,70.7
1.72,16.7,49.74,89.9,0.0,79.14,1.54,-0.15,10.78,2152.3,72.4,0,0,0.302,0.3686,0.3686,0,0,72.7
12.31,36.23,65.5,120.03,39.49,70.32,1.17,0.06,24.73,2227.2,10.0,2,2,0.3425,0.5348,0.5348,0,0,66.0
7.32,22.83,38.84,119.81,0.7,71.62,1.56,0.1,40.38,1777.7,47.8,0,0,0.3286,0.571,0.571,0,0,68.0
92.97,200.59,425.43,858.53,109.53,98.0,3.01,1.01,19.49,1545.0,276.4,1,1,0.7361,0.9803,0.9803,1,1,41.4
1.17,2.51,26.26,81.77,0.0,68.35,1.82,-0.16,36.88,1086.8,282.7,1,0,0.2702,0.5185,0.5185,0,0,68.8
10.85,35.75,77.96,162.76,12.44,66.21,1.12,0.04,28.22,959.2,109.9,0,3,0.2926,0.5965,0.5965,0,0,73.3
12.27,38.43,99.75,186.66,27.26,83.08,1.94,0.08,43.23,1755.0,102.6,1,2,0.3839,0.7603,0.7603,0,1,63.7
25.82,68.51,142.63,282.46,49.0,98.0,2.0,0.25,21.36,2311.9,66.5,1,3,0.4747,0.7096,0.7096,0,1,60.7
17.08,44.12,72.32,151.81,26.57,71.7,1.91,-0.03,23.02,1209.1,179.3,1,1,0.3486,0.5033,0.5033,0,0,68.1
22.01,54.82,117.87,268.28,30.51,98.0,1.58,0.12,13.9,914.1,257.4,1,3,0.4087,0.6196,0.6196,0,0,56.4
30.02,80.78,169.75,361.26,39.96,98.0,2.21,0.16,13.75,1449.4,156.0,2,3,0.4841,0.6818,0.6818,0,1,63.1
39.64,94.51,184.37,356.48,47.0,98.0,3.36,0.85,39.0,750.8,89.4,2,0,0.6368,0.8117,0.8117,1,1,57.0
7.53,25.17,61.75,131.6,5.19,96.18,1.19,-0.1,22.66,1663.4,120.8,3,2,0.3674,0.5861,0.5861,0,0,63.0
78.03,209.98,378.35,718.91,68.2,98.0,3.91,1.31,30.34,831.6,29.8,5,1,0.841,1.0,1.0,1,1,35.1
77.08,155.86,242.87,478.96,98.0,98.0,4.9,1.43,35.08,2286.1,568.4,0,2,0.7732,0.9119,0.9119,1,1,45.6
108.35,206.48,372.64,715.14,108.25,98.0,4.12,1.48,23.78,2185.4,329.6,1,3,0.8642,1.0,1.0,1,1,35.9
44.06,98.79,184.15,404.11,57.63,98.0,3.61,1.08,42.34,939.6,376.6,1,2,0.6336,0.8982,0.8982,1,1,41.6
9.29,30.43,63.16,152.23,13.43,72.14,1.75,-0.01,41.77,992.4,21.9,4,5,0.3756,0.7634,0.7634,0,1,64.5
4.34,12.75,35.32,90.25,0.52,68.0,1.42,-0.02,32.48,2323.2,126.9,0,2,0.2843,0.5534,0.5534,0,0,69.9
13.44,38.91,59.97,100.49,27.02,77.64,2.05,0.13,43.83,2092.4,128.2,2,3,0.3916,0.7313,0.7313,0,1,61.2
155.13,395.42,826.32,1423.51,138.31,98.0,2.03,0.65,8.1,2304.3,52.6,3,1,0.8619,1.0,1.0,1,1,33.1
13.57,36.84,77.46,139.76,39.88,85.96,1.89,-0.1,8.33,1301.9,240.5,3,3,0.3746,0.492,0.492,0,0,68.3
13.2,29.44,64.15,155.33,37.67,66.3,1.22,-0.07,10.43,933.1,183.0,4,5,0.3218,0.4975,0.4975,0,0,65.5
36.43,88.13,183.21,360.22,40.38,98.0,2.95,0.75,41.97,1765.4,152.6,1,0,0.5827,0.8341,0.8341,0,1,56.3
89.6,223.24,381.82,755.51,115.13,98.0,4.12,1.42,29.77,2345.1,10.0,1,2,0.8531,1.0,1.0,1,1,38.7
93.11,262.68,409.65,557.68,107.43,98.0,5.91,2.23,41.4,964.4,559.6,2,1,0.9595,1.0,1.0,1,1,26.3
10.44,34.3,73.59,153.66,0.0,77.73,0.93,-0.01,12.58,2101.2,152.1,0,3,0.2974,0.4982,0.4982,0,0,67.0
7.96,33.33,63.83,129.42,20.4,79.17,1.72,-0.03,9.15,1343.4,418.6,2,2,0.312,0.4329,0.4329,0,0,74.9
12.1,38.65,78.4,114.84,25.41,55.82,1.78,-0.01,27.56,940.6,10.9,0,1,0.3098,0.5026,0.5026,0,0,62.0
28.75,62.67,138.27,230.48,44.32,97.82,2.09,0.23,14.31,1507.4,142.2,2,0,0.4841,0.5574,0.5574,0,0,62.6
2.69,9.6,27.27,90.66,0.67,63.05,1.49,0.01,38.95,1556.4,163.9,3,0,0.3006,0.5215,0.5215,0,0,73.3
4.37,22.47,44.51,98.24,17.17,82.17,0.78,0.05,23.13,765.0,10.0,2,1,0.3298,0.4995,0.4995,0,0,73.1
60.5,137.34,205.73,286.54,43.6,86.96,3.21,1.05,35.74,1532.8,10.0,2,1,0.689,0.8108,0.8108,1,1,34.9
79.08,155.62,284.7,502.34,103.67,98.0,3.9,1.15,26.59,1818.3,172.4,1,1,0.7686,0.8651,0.8651,1,1,40.3
16.77,47.38,115.4,269.91,27.92,98.0,1.78,0.23,27.03,2011.7,191.7,1,2,0.4241,0.6917,0.6917,0,1,58.9
17.32,49.46,87.68,201.36,24.15,83.76,2.15,0.25,32.55,912.6,289.2,4,0,0.4293,0.6021,0.6021,0,0,62.7
13.45,40.33,92.84,219.68,5.5,89.71,2.05,0.06,20.08,2196.3,177.4,2,1,0.4043,0.5553,0.5553,0,0,64.9
20.7,57.06,102.41,200.59,19.28,83.16,2.01,0.39,42.16,1026.8,33.0,1,0,0.4481,0.6953,0.6953,0,1,68.5
5.22,18.45,30.08,87.91,0.0,91.72,1.51,0.05,22.41,1836.2,415.7,2,4,0.3315,0.5929,0.5929,0,0,63.8
16.09,39.66,77.47,169.96,31.71,89.4,2.25,0.01,22.33,1661.8,37.3,3,3,0.4429,0.6136,0.6136,0,0,58.4
9.31,24.38,53.5,105.59,16.92,52.98,1.0,-0.07,33.47,2202.0,155.9,2,2,0.256,0.5415,0.5415,0,0,68.8
21.67,54.67,95.77,162.34,21.88,65.79,1.91,0.25,30.91,813.8,90.4,2,1,0.3972,0.5785,0.5785,0,0,66.3
124.5,285.2,597.01,969.49,118.82,98.0,6.2,2.8,43.85,1066.1,15.7,2,4,1.0,1.0,1.0,1,1,31.9
16.92,39.51,84.64,179.29,33.72,86.25,2.03,0.2,38.61,951.2,314.3,3,3,0.41,0.7438,0.7438,0,1,63.6
4.1,18.05,46.53,91.23,0.0,85.21,1.53,0.02,18.25,1290.5,106.4,1,1,0.3439,0.4714,0.4714,0,0,66.2
131.19,316.04,508.72,811.5,96.59,98.0,2.74,0.72,11.66,1309.1,11.6,1,3,0.8254,1.0,1.0,1,1,41.8
4.94,22.17,55.95,127.09,0.0,63.18,1.72,0.02,11.84,896.2,58.0,2,4,0.3218,0.46,0.46,0,0,72.0
4.04,10.79,35.83,117.14,0.0,80.01,2.08,-0.07,21.02,1598.6,173.8,4,2,0.3686,0.496,0.496,0,0,56.4
34.94,71.13,147.63,200.71,29.53,98.0,2.01,0.44,25.18,941.8,115.6,2,1,0.5207,0.6863,0.6863,0,1,59.6
6.73,24.17,47.59,102.04,22.6,73.41,1.69,-0.0,30.94,872.7,30.4,0,2,0.329,0.5712,0.5712,0,0,67.1
52.38,120.51,215.79,373.84,71.59,98.0,3.93,1.05,38.88,804.7,101.1,1,2,0.7029,0.9092,0.9092,1,1,39.5
70.08,180.33,389.69,617.83,89.86,98.0,4.94,1.79,43.62,2283.1,44.3,2,0,0.8839,1.0,1.0,1,1,38.3
16.94,50.49,93.46,156.58,23.84,77.36,1.91,0.05,22.71,1404.6,89.9,0,2,0.3708,0.5726,0.5726,0,0,62.1
3.09,15.17,44.23,93.07,0.0,57.26,1.38,-0.14,27.64,1218.1,45.9,0,3,0.2551,0.5255,0.5255,0,0,69.4
9.39,34.7,79.26,174.05,30.04,98.0,1.83,0.02,29.63,1545.8,82.3,1,3,0.4017,0.6983,0.6983,0,1,58.7
127.86,290.7,469.84,956.99,132.49,98.0,4.9,2.04,28.11,1010.2,221.5,3,3,1.0,1.0,1.0,1,1,20.6
9.16,35.89,74.2,171.87,31.38,72.87,1.06,0.01,11.25,1420.2,28.6,1,1,0.3174,0.4147,0.4147,0,0,66.2
1.82,7.81,33.6,101.98,24.11,56.34,1.44,-0.14,12.14,1064.4,10.0,2,1,0.2776,0.326,0.326,0,0,72.5
16.27,42.51,75.48,147.86,16.02,79.66,1.59,0.24,40.0,1252.2,20.2,0,4,0.388,0.7553,0.7553,0,1,61.6
37.3,79.96,152.62,271.14,35.31,98.0,2.78,0.55,32.32,2275.0,221.3,4,3,0.5777,0.8095,0.8095,0,1,51.4
31.79,81.34,179.28,333.63,13.69,98.0,3.17,0.6,32.44,995.4,64.3,0,3,0.5677,0.843,0.843,0,1,51.0
3.85,13.93,44.72,101.55,11.03,71.35,1.47,0.06,37.33,1531.8,161.5,3,0,0.3265,0.5531,0.5531,0,0,69.1
22.34,57.21,98.73,176.76,32.58,98.0,1.7,0.05,11.03,1840.4,10.0,1,2,0.4402,0.5433,0.5433,0,0,64.8
147.5,350.35,541.13,888.56,150.0,98.0,5.35,1.97,22.96,2264.7,19.0,0,2,1.0,1.0,1.0,1,1,23.0
4.92,12.76,31.49,96.9,6.05,84.62,1.41,-0.12,16.88,2273.0,101.0,3,4,0.3454,0.5305,0.5305,0,0,67.8
41.44,100.86,171.1,299.34,44.78,98.0,2.95,0.76,31.79,1158.0,152.9,2,2,0.6057,0.7978,0.7978,1,1,48.8
5.74,24.6,51.76,122.65,0.0,61.91,1.72,-0.16,15.74,2306.2,186.1,3,1,0.2964,0.3925,0.3925,0,0,74.9
6.11,21.4,42.47,102.31,23.86,64.17,1.73,0.02,32.92,1296.8,123.6,3,3,0.3289,0.5849,0.5849,0,0,63.7
0.01,11.44,25.76,52.22,13.76,57.95,1.69,-0.17,21.96,2226.6,169.6,3,1,0.2726,0.3995,0.3995,0,0,80.7
40.91,103.92,223.4,367.84,49.2,98.0,2.69,0.52,23.82,903.8,21.7,2,1,0.5863,0.768,0.768,0,1,47.4
113.78,278.24,455.32,656.18,131.99,98.0,6.11,2.42,37.45,1077.3,128.8,0,5,1.0,1.0,1.0,1,1,31.6
19.74,55.27,119.59,169.32,23.73,90.3,1.21,0.18,20.53,880.3,66.5,1,0,0.4009,0.5633,0.5633,0,0,61.4
27.75,63.13,133.88,241.6,51.22,85.76,2.09,0.24,17.24,1243.4,295.6,0,0,0.4152,0.5417,0.5417,0,0,60.9
3.3,16.32,25.82,53.84,28.89,47.75,0.96,-0.08,38.61,2191.9,114.6,0,2,0.2122,0.5341,0.5341,0,0,72.4
82.1,207.71,387.15,589.15,84.18,98.0,4.74,1.42,32.67,1012.8,93.6,1,4,0.8505,1.0,1.0,1,1,31.7
8.65,25.51,48.26,106.36,27.11,63.29,1.57,-0.07,22.54,1121.0,103.6,1,2,0.2995,0.4765,0.4765,0,0,66.3
1.97,14.73,43.21,74.66,4.45,64.08,1.51,-0.17,25.95,1106.7,213.6,0,4,0.2473,0.5598,0.5598,0,0,75.5
13.32,45.06,87.28,148.81,19.22,67.04,1.1,-0.07,20.52,1203.3,10.0,0,1,0.3012,0.4886,0.4886,0,0,65.9
50.7,128.56,243.59,365.45,62.83,98.0,3.26,0.8,27.84,780.8,236.2,4,4,0.6558,0.9149,0.9149,1,1,38.6
96.05,188.21,326.71,552.67,121.22,98.0,2.44,0.61,12.99,1449.3,10.0,1,1,0.7135,0.8077,0.8077,1,1,39.3
6.89,18.48,39.09,64.85,7.15,54.05,1.0,-0.01,39.98,2360.9,104.9,1,4,0.256,0.639,0.639,0,1,74.5
129.62,328.64,702.37,1095.36,150.0,98.0,5.68,2.09,27.95,1489.3,83.8,1,2,1.0,1.0,1.0,1,1,29.1
5.44,25.25,42.62,127.43,6.1,73.21,1.71,-0.1,21.87,2092.0,55.5,2,1,0.3336,0.462,0.462,0,0,76.2
47.81,126.46,197.1,371.76,38.02,98.0,2.98,0.71,28.58,1692.9,16.5,0,2,0.6163,0.8039,0.8039,1,1,51.9
12.62,41.97,88.42,161.1,33.51,98.0,0.9,-0.04,13.8,774.6,15.9,1,2,0.3712,0.5529,0.5529,0,0,71.9
125.18,351.18,719.67,1115.99,142.02,98.0,2.41,0.78,10.83,1716.1,162.6,0,1,0.7723,1.0,1.0,1,1,44.7
28.59,59.58,126.36,293.18,37.69,98.0,1.76,0.44,27.73,2311.7,14.5,4,1,0.5278,0.6807,0.6807,0,1,50.0
3.36,17.37,34.59,94.38,4.73,76.89,1.2,-0.07,10.54,1663.3,139.5,0,1,0.2852,0.3719,0.3719,0,0,74.9
13.36,31.0,61.49,99.91,20.36,50.02,1.56,0.12,31.79,1621.1,556.4,1,0,0.2408,0.4695,0.4695,0,0,74.7
11.24,27.11,54.48,111.42,13.41,85.22,1.32,0.17,36.81,1855.9,137.4,2,1,0.3734,0.6297,0.6297,0,1,73.2
18.17,45.45,105.94,220.51,23.88,92.6,1.82,0.27,43.58,2187.0,10.0,1,5,0.4461,0.8874,0.8874,0,1,58.3
154.47,310.82,498.17,816.49,150.0,98.0,6.2,2.8,35.69,1681.8,93.7,0,3,1.0,1.0,1.0,1,1,29.5
29.35,85.8,137.38,230.61,39.62,97.11,3.52,0.59,43.07,1420.6,215.8,3,3,0.5841,0.8744,0.8744,0,1,58.7
10.15,39.12,77.76,143.17,22.48,73.38,1.62,0.01,8.8,811.2,371.1,1,1,0.2999,0.4009,0.4009,0,0,71.2
35.15,85.09,144.6,216.44,47.68,98.0,2.9,0.5,28.12,933.3,156.1,3,1,0.572,0.7061,0.7061,0,1,58.0
3.74,9.2,24.7,45.38,9.33,57.17,1.72,-0.15,13.93,1820.4,44.5,1,4,0.2809,0.4217,0.4217,0,0,67.9
0.62,10.86,28.26,67.21,0.0,68.22,1.37,-0.0,16.82,1771.2,34.7,4,0,0.3276,0.3602,0.3602,0,0,69.9
4.57,18.14,51.75,148.05,7.68,73.93,1.6,0.01,34.44,1144.4,183.8,3,0,0.3316,0.5458,0.5458,0,0,74.8
8.32,26.53,59.4,125.96,3.97,71.84,1.22,-0.04,17.1,1936.2,171.4,0,1,0.2861,0.4406,0.4406,0,0,75.9
14.29,38.0,72.74,177.76,17.29,88.55,1.62,-0.01,14.47,1211.4,80.0,0,0,0.3704,0.4526,0.4526,0,0,65.6
19.1,55.71,122.29,202.49,25.78,98.0,1.75,0.21,21.39,1253.2,10.9,0,1,0.4406,0.625,0.625,0,1,54.0
48.29,132.67,222.83,336.93,69.3,98.0,2.55,0.13,11.0,851.3,133.8,2,3,0.5447,0.7247,0.7247,0,1,48.3
14.26,42.9,98.12,191.64,24.11,74.45,1.27,-0.06,13.27,1658.0,107.1,1,1,0.3253,0.4646,0.4646,0,0,63.3
13.91,44.64,91.48,193.87,20.2,98.0,0.98,0.1,13.27,1224.7,10.0,1,4,0.3923,0.6124,0.6124,0,0,64.1
1.03,14.02,37.65,72.2,16.68,70.19,1.15,-0.08,16.14,2101.2,123.4,2,1,0.2835,0.4017,0.4017,0,0,70.2
117.79,268.14,539.27,896.93,146.08,98.0,5.93,2.55,39.35,2072.4,17.0,3,2,1.0,1.0,1.0,1,1,22.9
16.02,38.01,81.19,121.55,25.76,73.23,1.89,-0.05,18.63,961.9,209.7,1,2,0.3421,0.5133,0.5133,0,0,67.1
11.53,32.35,83.23,143.89,15.95,77.67,0.74,-0.08,17.86,1014.0,134.3,0,3,0.2869,0.5521,0.5521,0,0,68.4
131.47,278.56,427.38,685.13,122.28,98.0,3.3,0.95,12.54,1279.6,10.0,1,0,0.8739,0.897,0.897,1,1,32.7
3.5,10.86,40.96,91.22,25.53,57.93,1.73,-0.09,8.58,1708.4,91.1,2,1,0.2921,0.3109,0.3109,0,0,64.8
0.51,15.76,30.51,61.51,4.51,73.36,1.45,-0.09,13.77,1315.1,196.4,1,2,0.2819,0.4129,0.4129,0,0,73.8
11.92,39.21,91.84,131.48,21.01,84.15,1.86,0.12,34.03,1327.9,212.6,0,5,0.3613,0.7701,0.7701,0,1,77.5
5.42,23.33,61.91,108.39,11.23,67.64,1.74,0.02,42.91,981.1,10.7,1,2,0.3301,0.6684,0.6684,0,1,71.4
1.02,6.11,25.09,79.19,4.88,61.48,0.5,-0.16,34.78,1303.7,10.0,1,2,0.2328,0.541,0.541,0,0,84.7
25.79,74.04,168.63,247.16,45.7,98.0,2.25,0.43,38.72,1526.2,179.0,2,0,0.499,0.7902,0.7902,0,1,63.8
2.37,10.85,32.01,103.33,3.0,64.26,1.6,-0.0,36.32,2374.8,31.8,2,2,0.3136,0.5696,0.5696,0,0,66.0
18.75,58.57,121.66,260.74,41.46,98.0,1.53,0.05,18.66,2132.6,108.2,1,1,0.4111,0.6024,0.6024,0,0,60.5
6.6,19.27,40.62,67.63,18.53,59.17,1.35,-0.06,34.32,2058.4,112.6,1,2,0.2761,0.5499,0.5499,0,0,68.6
3.81,16.36,41.06,92.18,7.31,58.17,1.4,0.04,35.02,1673.7,119.2,2,1,0.2875,0.5232,0.5232,0,0,80.0
127.37,318.22,477.21,835.16,138.28,98.0,3.69,1.28,17.31,1344.1,49.5,2,4,0.9191,1.0,1.0,1,1,34.5
32.33,85.53,135.47,258.18,31.48,98.0,2.65,0.59,41.14,2164.0,10.0,1,1,0.5621,0.7991,0.7991,0,1,54.0
9.95,25.25,66.17,161.51,26.44,98.0,2.32,0.15,43.93,1323.3,92.5,2,3,0.4462,0.7967,0.7967,0,1,59.2
27.79,82.12,181.24,328.7,38.86,98.0,2.46,0.26,28.21,1728.1,86.8,3,2,0.5189,0.7816,0.7816,0,1,46.4
149.32,327.53,593.22,852.31,150.0,98.0,4.66,1.51,19.4,1174.3,68.1,3,1,1.0,1.0,1.0,1,1,25.7
29.64,86.02,151.42,217.09,31.67,81.61,2.24,0.15,20.87,2031.1,39.3,2,0,0.4629,0.5806,0.5806,0,0,61.0
5.41,15.44,37.77,114.5,12.15,75.39,1.55,0.01,28.97,1599.0,222.2,2,3,0.3191,0.579,0.579,0,0,67.0
22.63,52.38,97.28,162.01,42.13,75.71,1.44,0.05,8.28,2227.0,55.5,0,1,0.3644,0.4271,0.4271,0,0,63.4
16.68,34.15,68.17,167.57,25.29,98.0,1.38,0.19,19.1,1688.7,16.3,2,2,0.4348,0.5705,0.5705,0,0,63.8
52.94,127.35,210.66,432.9,69.88,98.0,2.08,0.27,9.76,1021.1,170.3,0,2,0.5251,0.67,0.67,0,1,54.3
9.8,28.44,59.78,108.66,20.12,52.89,1.32,-0.08,30.47,2388.4,121.4,1,0,0.2653,0.4649,0.4649,0,0,70.9
1.37,18.4,50.07,96.13,16.73,71.78,1.15,-0.13,29.75,1578.2,44.4,1,1,0.284,0.5301,0.5301,0,0,71.8
0.39,8.27,30.69,81.17,0.0,66.15,0.84,-0.16,29.28,1163.7,19.7,0,1,0.2447,0.487,0.487,0,0,76.1
35.07,80.21,176.51,312.62,45.29,98.0,1.85,0.11,13.44,1293.3,69.5,1,4,0.477,0.7176,0.7176,0,1,60.6
14.88,43.12,88.39,189.43,16.97,86.77,2.04,0.13,42.0,950.0,10.0,1,0,0.4203,0.687,0.687,0,1,62.7
29.85,55.75,108.69,161.5,33.21,79.41,1.7,0.25,27.23,872.0,30.2,0,1,0.4256,0.603,0.603,0,0,65.2
5.34,24.05,57.0,92.27,7.94,69.79,1.17,-0.05,28.01,1493.4,398.8,3,0,0.2706,0.4892,0.4892,0,0,67.7
8.46,32.29,84.96,163.33,36.43,98.0,1.69,0.02,27.59,2320.6,19.6,2,0,0.411,0.599,0.599,0,0,63.5
0.61,12.34,34.47,78.02,0.0,64.1,1.71,-0.13,26.88,952.9,38.6,3,0,0.3102,0.4366,0.4366,0,0,76.8
65.14,171.78,359.53,642.68,98.52,98.0,3.98,1.51,41.78,2239.5,18.0,2,2,0.8039,1.0,1.0,1,1,29.8
22.04,56.37,123.87,246.12,37.67,98.0,1.72,0.25,29.67,2064.6,291.7,0,1,0.4129,0.6932,0.6932,0,1,64.0
54.12,147.57,229.7,360.51,57.58,98.0,2.91,0.69,25.46,2080.6,310.6,0,1,0.588,0.7889,0.7889,0,1,50.0
6.17,19.08,30.63,89.88,9.33,73.21,2.18,0.06,35.59,1921.4,10.0,1,2,0.3684,0.5871,0.5871,0,0,65.6
18.91,62.12,119.04,202.77,25.63,98.0,1.8,0.17,17.05,1726.5,274.2,0,2,0.403,0.6163,0.6163,0,0,67.1
22.7,53.97,111.26,202.81,30.17,86.28,1.1,0.13,14.91,950.3,18.4,2,3,0.4063,0.5869,0.5869,0,0,63.1
7.64,32.19,74.07,152.57,0.0,72.93,1.65,-0.08,23.81,1699.8,60.8,1,3,0.3272,0.5752,0.5752,0,0,71.8
37.69,100.68,170.46,298.9,29.03,98.0,1.45,0.14,8.56,1330.8,105.9,1,2,0.464,0.6113,0.6113,0,0,57.1
58.81,173.69,352.83,598.41,65.07,98.0,2.74,0.47,18.57,923.8,74.5,5,1,0.6515,0.8842,0.8842,1,1,46.0
43.23,94.47,193.36,301.96,43.3,98.0,2.29,0.53,23.12,2076.3,17.5,1,0,0.5664,0.6957,0.6957,0,1,52.5
122.74,281.8,415.63,583.62,119.65,98.0,5.92,1.96,28.83,1651.8,188.2,2,2,1.0,1.0,1.0,1,1,27.8
6.5,21.28,54.66,111.7,31.84,58.12,1.88,-0.11,27.56,1979.2,139.5,1,3,0.2878,0.54,0.54,0,0,63.7
6.62,25.7,58.24,115.94,0.0,72.09,1.42,-0.11,21.23,1541.2,340.0,1,0,0.272,0.4428,0.4428,0,0,71.5
66.13,144.47,247.36,410.7,52.51,98.0,2.34,0.62,20.36,1660.3,52.2,2,2,0.6406,0.7996,0.7996,1,1,50.4
0.21,0.39,11.73,52.32,1.85,39.8,1.53,-0.16,8.05,1925.4,67.5,0,2,0.2106,0.2501,0.2501,0,0,82.2
25.18,65.87,124.54,228.85,40.47,97.59,2.61,0.45,39.72,1157.5,51.6,0,1,0.5116,0.7732,0.7732,0,1,52.9
24.5,55.03,89.81,160.29,35.06,88.68,2.27,0.07,16.33,2147.6,10.0,0,2,0.4426,0.5487,0.5487,0,0,56.1
19.49,51.4,89.43,168.85,18.83,77.56,2.27,-0.0,20.89,1444.6,10.0,2,1,0.4187,0.5236,0.5236,0,0,61.8
92.32,195.39,398.84,737.17,89.56,98.0,2.65,0.32,8.73,1919.0,171.9,3,2,0.6831,0.8917,0.8917,1,1,45.8
7.48,23.78,60.52,99.47,0.0,57.14,1.02,0.08,42.45,1288.0,40.2,5,1,0.3222,0.6035,0.6035,0,0,69.2
8.31,26.06,74.86,109.04,15.88,86.2,1.65,0.06,25.8,1909.1,80.1,3,0,0.3894,0.5393,0.5393,0,0,62.4
1.64,9.17,24.43,35.0,6.76,59.35,1.71,-0.06,8.84,821.8,463.4,1,2,0.2329,0.3267,0.3267,0,0,68.6
11.7,43.74,87.82,169.7,15.23,70.8,1.31,0.07,17.04,2283.3,10.0,1,8,0.3385,0.6819,0.6819,0,1,67.1
6.05,16.8,50.66,123.93,6.37,93.55,1.71,-0.04,39.65,2048.4,87.5,1,1,0.3712,0.6711,0.6711,0,1,68.8
8.41,23.41,62.1,124.99,13.57,90.04,1.7,0.01,21.53,1846.9,87.6,3,2,0.3944,0.5602,0.5602,0,0,66.7
35.98,81.46,172.13,304.15,52.18,98.0,3.1,0.61,32.82,1284.4,784.3,2,1,0.4998,0.7773,0.7773,0,1,51.1
54.82,134.56,200.58,396.37,80.56,98.0,3.78,0.89,30.1,2140.3,215.7,3,2,0.6907,0.8203,0.8203,1,1,39.3
4.11,18.84,43.99,84.54,0.0,74.27,1.87,-0.05,24.99,2016.7,10.0,4,2,0.3704,0.5216,0.5216,0,0,65.4
140.07,349.48,674.92,1370.91,141.7,98.0,6.2,2.8,38.0,1497.6,20.5,1,0,1.0,1.0,1.0,1,1,26.3
52.8,132.32,278.96,567.91,76.77,98.0,1.88,0.15,9.45,1075.8,10.0,0,1,0.5244,0.721,0.721,0,1,59.4
1.28,3.52,10.15,19.2,5.81,38.12,1.06,-0.16,40.85,1039.6,26.3,1,2,0.204,0.5059,0.5059,0,0,79.9
1.94,16.6,31.19,82.38,7.86,45.47,1.4,-0.13,33.85,1555.5,28.6,7,0,0.3007,0.4363,0.4363,0,0,65.0
3.55,20.58,52.24,71.38,3.84,72.52,1.42,0.01,39.09,2042.6,11.3,1,2,0.3205,0.6397,0.6397,0,1,75.5
92.38,221.75,394.68,568.88,132.04,98.0,2.48,0.46,8.61,1928.9,89.9,1,0,0.6811,0.8257,0.8257,1,1,45.6
131.04,261.23,408.22,590.87,150.0,98.0,3.42,0.82,11.05,1564.4,442.7,0,4,0.7985,0.9818,0.9818,1,1,37.9
68.89,153.87,246.96,384.92,70.73,98.0,3.02,0.49,15.41,1087.3,195.4,1,3,0.6351,0.7895,0.7895,1,1,56.2
11.84,32.78,86.14,164.46,38.44,90.88,1.82,0.04,29.37,1144.7,27.3,1,4,0.4007,0.7147,0.7147,0,1,71.1
13.92,46.61,96.12,198.94,10.88,98.0,0.87,-0.01,11.33,845.1,183.3,0,4,0.344,0.6025,0.6025,0,0,64.6
5.66,12.6,36.57,78.52,0.45,78.52,1.94,0.11,41.54,1041.7,483.7,1,0,0.3093,0.5968,0.5968,0,0,67.6
12.73,31.63,64.13,135.2,14.17,87.66,1.94,0.14,34.95,771.1,216.4,0,0,0.3759,0.6034,0.6034,0,0,75.6
21.69,56.88,100.52,193.22,18.89,98.0,2.65,0.3,37.07,1862.9,75.9,2,2,0.5071,0.7538,0.7538,0,1,58.2
151.2,367.21,698.95,986.8,116.68,98.0,5.89,2.56,29.02,1720.6,37.7,3,3,1.0,1.0,1.0,1,1,23.4
28.04,66.06,154.16,252.4,40.08,98.0,2.26,0.32,30.71,2380.1,165.3,3,1,0.5064,0.7385,0.7385,0,1,54.7
17.25,47.34,107.44,185.88,28.93,98.0,1.44,-0.03,15.96,2008.6,185.3,4,2,0.415,0.5934,0.5934,0,0,67.3
104.72,235.38,410.67,778.68,79.45,98.0,6.04,2.38,40.76,1156.3,42.3,1,3,1.0,1.0,1.0,1,1,23.7
140.12,325.85,649.77,1121.34,120.65,98.0,6.2,2.57,31.36,1918.0,30.5,1,3,1.0,1.0,1.0,1,1,17.3
28.3,76.11,134.73,238.53,33.3,94.54,2.13,0.3,23.04,770.1,133.8,1,2,0.4758,0.6737,0.6737,0,1,63.9
1.14,17.64,54.89,87.54,6.74,45.13,1.04,-0.16,39.74,2377.2,263.2,0,3,0.1772,0.6014,0.6014,0,0,75.9
0.14,3.62,13.15,42.33,6.37,76.69,1.2,-0.14,39.1,1763.8,10.0,0,0,0.2871,0.5436,0.5436,0,0,70.0
4.78,19.16,59.01,121.29,17.67,71.44,1.58,-0.08,8.02,947.5,522.0,1,3,0.2514,0.4263,0.4263,0,0,69.7
21.78,52.12,78.29,176.52,13.02,80.42,2.55,0.4,41.29,1572.6,25.6,4,1,0.5013,0.6812,0.6812,0,1,50.9
10.59,20.25,41.18,85.07,2.75,54.51,0.57,-0.02,21.08,2302.0,51.6,2,0,0.2624,0.3716,0.3716,0,0,71.7
135.23,253.03,469.72,780.05,150.0,98.0,5.51,1.83,23.2,2152.0,10.0,1,3,1.0,1.0,1.0,1,1,26.1
43.18,100.86,188.63,352.19,64.14,98.0,1.67,0.16,11.07,1243.2,10.0,2,4,0.5122,0.7135,0.7135,0,1,58.6
45.18,132.42,253.82,386.4,43.73,98.0,3.7,0.9,39.59,1403.6,38.2,3,4,0.6875,1.0,1.0,1,1,43.9
75.36,205.73,434.12,724.53,69.27,98.0,3.75,1.09,27.41,2158.4,99.9,1,1,0.7561,1.0,1.0,1,1,44.3
7.53,18.22,56.4,140.8,2.85,67.42,1.74,0.12,40.61,2235.0,277.6,1,1,0.3097,0.6125,0.6125,0,0,77.2
23.49,57.37,95.86,171.23,33.54,86.76,2.36,0.31,36.11,2259.1,10.0,4,3,0.5041,0.739,0.739,0,1,56.3
6.34,16.12,52.92,121.74,0.0,76.74,1.93,0.02,40.33,2314.0,94.7,3,0,0.37,0.6022,0.6022,0,0,63.2
4.23,10.18,35.32,91.92,9.18,60.88,1.64,-0.02,42.14,1575.9,64.6,0,2,0.2865,0.6107,0.6107,0,0,74.1
4.08,14.29,40.71,105.19,6.7,79.06,1.76,0.02,39.89,2171.5,544.1,2,1,0.2918,0.6203,0.6203,0,1,67.4
8.37,35.53,87.85,156.42,5.61,98.0,1.61,0.05,15.55,1322.5,24.9,1,1,0.4002,0.5362,0.5362,0,0,73.2
11.24,29.43,44.29,83.39,7.9,54.76,1.25,-0.07,10.52,2132.9,55.4,1,1,0.2795,0.3216,0.3216,0,0,76.6
35.55,102.93,214.49,348.52,49.15,98.0,2.53,0.47,30.33,1323.3,10.0,3,3,0.5722,0.8692,0.8692,0,1,56.2
2.55,16.32,38.56,84.49,16.12,68.81,1.17,-0.18,13.58,1753.7,294.7,3,1,0.262,0.3784,0.3784,0,0,70.9
122.34,258.21,456.3,750.2,150.0,98.0,6.2,2.68,39.07,1523.0,116.9,1,1,1.0,1.0,1.0,1,1,24.8
15.16,32.68,62.56,136.07,26.68,78.8,2.21,0.24,42.11,2223.3,106.4,1,1,0.4094,0.664,0.664,0,1,60.9
6.79,27.37,54.96,87.2,11.17,57.05,0.77,-0.05,12.37,859.8,10.0,1,2,0.2602,0.3858,0.3858,0,0,75.8
13.58,48.67,119.36,200.39,23.92,96.46,1.2,-0.02,16.49,2315.5,12.5,0,1,0.3763,0.5779,0.5779,0,0,62.6
7.13,20.02,45.81,111.89,23.86,53.63,1.14,-0.03,30.51,1512.5,187.4,0,1,0.239,0.4802,0.4802,0,0,81.2
18.13,43.53,101.42,231.33,10.74,98.0,1.33,0.26,34.11,1544.3,95.7,0,3,0.4131,0.7612,0.7612,0,1,60.2
11.38,41.05,63.49,118.0,17.53,63.51,1.39,0.09,26.44,2115.9,26.6,1,2,0.3249,0.527,0.527,0,0,62.1
3.59,19.18,31.28,57.66,3.63,76.72,1.09,-0.07,21.29,1849.2,95.8,0,2,0.2864,0.4833,0.4833,0,0,76.3
2.48,10.93,34.51,68.65,11.98,63.54,1.21,-0.18,19.02,2323.6,413.5,2,1,0.227,0.4022,0.4022,0,0,79.2
15.82,47.61,76.76,159.21,12.47,96.25,1.7,0.22,31.97,1651.9,13.1,2,3,0.4476,0.7091,0.7091,0,1,61.3
46.54,115.57,261.24,476.94,70.55,98.0,2.97,0.92,34.8,1671.8,421.6,1,1,0.5897,0.9021,0.9021,0,1,51.0
8.43,25.74,57.7,124.31,21.36,64.74,1.08,-0.03,18.4,2353.3,179.0,3,0,0.2943,0.399,0.399,0,0,72.4
26.41,67.56,131.21,262.32,25.8,98.0,1.82,0.2,19.74,2278.6,18.7,3,1,0.4901,0.6227,0.6227,0,1,61.1
21.5,49.5,79.61,187.05,27.62,95.12,1.6,0.1,24.56,1094.3,202.3,2,5,0.4174,0.7102,0.7102,0,1,67.1
53.63,108.06,233.01,373.74,66.7,98.0,2.68,0.72,24.21,1256.5,163.5,1,4,0.6092,0.8728,0.8728,1,1,49.1
34.41,85.84,141.43,227.31,51.72,82.87,2.85,0.55,38.34,1781.8,102.4,1,1,0.5259,0.7416,0.7416,0,1,64.8
16.72,57.21,102.06,229.73,47.79,98.0,2.13,0.16,23.73,2300.0,178.7,0,3,0.4243,0.679,0.679,0,1,60.0
21.4,52.92,90.83,135.22,9.74,71.57,1.68,0.25,43.22,1679.5,18.3,2,0,0.4078,0.6572,0.6572,0,1,59.0
45.73,98.12,178.53,300.5,41.28,98.0,2.16,0.34,19.19,1959.2,153.5,0,2,0.5198,0.7062,0.7062,0,1,58.1
10.2,30.31,59.83,88.91,16.58,83.92,1.74,0.02,32.94,905.1,122.9,2,2,0.373,0.6316,0.6316,0,1,62.2
7.91,22.57,61.53,103.38,10.43,81.16,1.68,0.1,35.32,1612.3,40.2,3,2,0.3873,0.645,0.645,0,1,68.4
0.22,13.96,27.91,49.4,0.0,46.15,0.78,-0.13,30.69,993.5,140.7,1,1,0.1951,0.4389,0.4389,0,0,83.3
35.04,79.25,141.12,289.78,36.78,98.0,2.27,0.39,21.21,1180.0,136.3,1,0,0.5151,0.6166,0.6166,0,0,60.3
32.29,77.85,157.94,350.39,26.05,98.0,2.16,0.13,17.27,1024.4,32.8,3,1,0.5109,0.6356,0.6356,0,1,58.9
2.21,7.45,21.67,49.53,12.52,70.6,1.4,-0.08,29.75,1023.8,19.2,4,1,0.3319,0.4922,0.4922,0,0,63.1
81.72,190.33,289.43,575.08,82.16,98.0,4.2,1.44,31.71,2386.3,54.0,0,3,0.8229,0.9718,0.9718,1,1,40.2
12.47,41.94,71.46,110.1,20.08,57.53,2.1,-0.05,17.27,1242.1,61.1,0,1,0.3175,0.4166,0.4166,0,0,64.9
2.53,20.23,39.42,98.35,0.0,73.93,0.98,-0.1,20.11,1683.1,208.6,0,2,0.2552,0.4761,0.4761,0,0,72.5
157.06,405.06,610.53,1101.44,150.0,98.0,6.2,2.8,39.03,783.1,68.7,3,1,1.0,1.0,1.0,1,1,18.7
4.83,22.62,57.65,138.17,26.36,61.52,1.84,-0.04,37.18,2080.5,160.1,1,2,0.2943,0.6001,0.6001,0,0,67.8
1.39,14.7,47.23,106.97,2.9,84.4,1.46,-0.14,14.62,1872.4,74.5,3,2,0.3402,0.471,0.471,0,0,69.2
143.03,356.33,521.84,835.42,127.19,98.0,6.2,2.8,41.6,1127.5,10.0,1,2,1.0,1.0,1.0,1,1,25.5
26.85,65.99,123.39,219.33,56.93,97.38,2.19,0.35,30.61,809.5,126.9,0,0,0.4772,0.6683,0.6683,0,1,60.2
0.66,15.42,48.17,134.64,4.28,69.28,0.97,-0.02,25.88,1203.1,270.9,1,4,0.2491,0.5799,0.5799,0,0,66.1
21.5,57.55,139.54,217.69,28.83,91.45,1.59,-0.02,15.23,1787.2,87.7,4,2,0.4322,0.6084,0.6084,0,0,64.2
15.2,42.27,107.81,185.7,21.25,96.64,1.45,0.17,34.29,775.1,145.3,0,1,0.3931,0.7066,0.7066,0,1,71.9
2.18,6.73,10.85,24.15,5.87,41.85,1.08,-0.18,41.15,874.3,181.1,2,2,0.204,0.5196,0.5196,0,0,73.1
3.79,17.74,35.45,70.81,4.07,49.78,1.43,-0.09,10.34,1425.4,75.6,1,1,0.2534,0.2954,0.2954,0,0,72.4
16.79,43.5,104.62,221.5,6.35,87.94,1.46,0.23,26.75,1040.4,34.5,2,3,0.4186,0.6781,0.6781,0,1,57.1
7.03,31.26,65.69,129.44,29.84,89.45,1.94,-0.04,39.58,1792.5,236.0,1,1,0.3556,0.6774,0.6774,0,1,68.7
55.71,148.9,231.44,391.41,54.51,98.0,3.38,1.21,42.29,1038.2,211.7,1,3,0.6876,0.9856,0.9856,1,1,53.5
79.88,155.0,293.08,539.06,67.03,98.0,2.94,0.4,10.6,2389.5,235.5,1,1,0.6447,0.7474,0.7474,1,1,46.8
82.17,224.36,349.34,552.47,79.64,98.0,4.34,1.69,36.48,1469.1,209.7,2,2,0.8552,1.0,1.0,1,1,36.7
6.01,21.59,44.69,89.54,3.7,52.55,1.45,0.0,18.13,994.7,17.1,0,1,0.2732,0.3768,0.3768,0,0,73.2
69.95,166.99,336.86,503.91,84.73,98.0,3.6,0.95,27.49,871.8,64.3,2,2,0.7362,0.9661,0.9661,1,1,44.3
11.29,28.93,59.76,117.77,6.24,65.46,1.34,0.06,36.21,1443.9,25.5,1,2,0.3241,0.606,0.606,0,0,65.2
8.54,24.4,66.52,144.68,12.7,98.0,0.89,-0.02,27.62,2085.0,20.2,0,1,0.3522,0.6067,0.6067,0,0,65.5
1.03,10.4,34.69,76.16,12.28,69.54,1.42,-0.12,11.96,1474.1,182.5,1,2,0.2725,0.3928,0.3928,0,0,68.3
1.08,16.03,51.66,120.06,8.88,64.15,1.38,-0.01,29.26,982.8,78.8,2,2,0.2934,0.5368,0.5368,0,0,68.0
80.96,226.17,382.32,691.22,83.89,98.0,2.34,0.57,12.24,1556.4,11.4,2,3,0.6776,0.9296,0.9296,1,1,46.0
12.25,33.4,62.68,136.74,23.87,81.26,1.68,0.05,20.51,1306.7,62.5,2,0,0.3806,0.4682,0.4682,0,0,68.8
5.14,14.73,28.38,46.26,3.12,70.66,1.85,0.06,28.1,1578.1,600.7,0,2,0.2566,0.5173,0.5173,0,0,71.4
19.04,42.44,92.07,158.06,17.29,90.29,2.82,0.41,43.69,1395.4,28.7,2,2,0.5086,0.7749,0.7749,0,1,57.7
5.83,15.54,49.68,123.0,5.96,61.86,1.76,-0.11,34.17,1819.0,60.7,2,2,0.3098,0.5673,0.5673,0,0,72.5
17.24,37.07,62.58,110.89,18.9,71.07,1.73,0.02,18.92,2076.0,108.3,0,1,0.3442,0.4568,0.4568,0,0,67.6
8.9,25.38,50.61,108.17,11.92,64.43,1.27,-0.0,39.56,2212.6,26.7,0,0,0.2966,0.5587,0.5587,0,0,75.3
34.69,81.08,133.63,197.99,38.48,98.0,1.61,0.17,16.14,1973.1,412.1,0,3,0.4165,0.6569,0.6569,0,1,63.3
34.37,82.12,143.85,260.37,55.39,98.0,2.44,0.25,21.82,1335.8,120.9,2,2,0.5191,0.6848,0.6848,0,1,50.4
12.98,38.76,77.73,188.45,37.67,81.01,2.29,0.17,31.29,1490.0,31.3,1,3,0.4149,0.6622,0.6622,0,1,66.8
8.64,26.56,63.17,136.92,14.46,67.03,1.86,-0.04,22.78,1808.9,71.0,2,3,0.3386,0.5371,0.5371,0,0,64.5
9.01,32.77,76.94,190.45,19.14,84.54,1.81,0.08,34.26,1112.7,53.7,0,1,0.3696,0.6349,0.6349,0,1,70.3
32.77,95.4,183.18,284.51,38.0,98.0,2.0,0.53,31.42,1907.9,15.7,2,2,0.5371,0.8097,0.8097,0,1,59.4
7.96,19.74,40.34,102.08,12.13,88.96,1.39,-0.0,32.02,1822.2,40.2,4,0,0.3921,0.5546,0.5546,0,0,61.6
4.69,9.93,28.63,86.94,15.47,50.95,1.67,-0.01,23.13,1833.2,96.8,2,3,0.2844,0.4527,0.4527,0,0,78.6
1.77,8.89,32.2,102.16,0.0,82.57,1.19,-0.12,9.98,1300.0,11.1,0,4,0.3058,0.4704,0.4704,0,0,77.4
12.57,30.72,61.47,150.59,23.5,68.13,1.39,0.13,39.42,1742.6,10.0,2,1,0.3546,0.6112,0.6112,0,0,60.4
13.16,37.55,92.88,181.37,9.14,80.62,1.74,0.04,10.66,1076.3,93.5,3,2,0.3896,0.4846,0.4846,0,0,62.8
36.77,70.26,104.62,184.14,52.08,88.81,2.54,0.31,24.71,1063.0,68.3,1,0,0.5126,0.5742,0.5742,0,0,56.1
5.0,17.09,38.23,74.76,17.18,64.38,1.28,0.01,18.87,2018.1,25.0,3,3,0.3186,0.468,0.468,0,0,68.7
9.59,26.09,63.94,87.34,27.48,70.96,1.19,-0.02,18.67,1376.3,149.7,2,2,0.3105,0.4862,0.4862,0,0,75.3
33.05,96.12,172.51,306.94,55.71,98.0,1.57,0.26,16.16,1648.6,11.0,5,3,0.5223,0.7045,0.7045,0,1,51.0
34.7,91.52,157.4,301.46,57.01,98.0,2.32,0.17,17.78,1233.0,37.8,1,5,0.5078,0.759,0.759,0,1,56.3
9.71,30.17,56.53,94.08,20.03,72.93,1.84,0.06,42.39,1139.2,12.8,1,1,0.3605,0.6424,0.6424,0,1,73.1
123.5,285.48,568.49,836.78,128.02,98.0,6.2,2.8,42.99,2036.8,156.1,4,1,1.0,1.0,1.0,1,1,24.5
101.04,257.64,409.81,598.14,82.22,98.0,4.75,1.59,28.55,2060.4,120.2,4,1,0.9423,1.0,1.0,1,1,32.4
53.93,136.2,256.71,374.61,65.03,98.0,2.68,0.67,26.89,2129.9,25.1,2,1,0.6335,0.8333,0.8333,1,1,43.0
2.53,15.79,35.27,54.39,0.0,63.71,1.26,-0.05,9.74,2159.8,97.8,1,1,0.2744,0.3294,0.3294,0,0,79.3
54.29,143.42,274.64,426.22,79.51,98.0,3.31,1.07,36.93,1428.8,143.1,0,2,0.6657,0.9656,0.9656,1,1,52.7
23.03,67.79,132.68,190.9,29.73,98.0,1.98,0.15,14.14,2084.8,10.0,2,3,0.4744,0.6397,0.6397,0,1,59.3
15.17,48.89,112.45,200.74,7.88,98.0,2.04,0.08,13.13,1320.8,130.6,0,1,0.4146,0.5469,0.5469,0,0,61.6
0.66,8.43,27.15,85.24,0.0,76.76,1.46,-0.09,23.27,836.7,44.8,0,1,0.3006,0.4642,0.4642,0,0,71.9
12.91,35.62,65.22,134.53,43.76,78.55,1.18,0.07,20.51,1887.4,17.4,4,6,0.3823,0.6437,0.6437,0,1,63.9
10.48,40.11,85.7,220.35,30.48,94.85,1.46,-0.08,11.48,1078.3,206.5,4,4,0.3839,0.5821,0.5821,0,0,68.4
73.14,142.65,247.49,386.4,100.1,98.0,2.54,0.56,13.33,1494.9,111.8,2,4,0.6531,0.8035,0.8035,1,1,45.7
21.37,59.71,113.13,166.61,30.18,74.19,1.88,0.39,43.72,1020.4,94.9,0,5,0.4069,0.8458,0.8458,0,1,58.9
70.91,144.26,225.06,385.77,56.6,98.0,4.06,1.31,34.45,1396.0,217.3,4,0,0.7954,0.8251,0.8251,1,1,41.4
16.52,53.32,108.72,196.96,16.33,84.82,1.96,0.23,29.55,2210.0,37.0,4,3,0.4533,0.6967,0.6967,0,1,56.9
25.09,72.72,133.52,250.5,35.0,98.0,1.59,0.22,18.93,1761.7,10.0,2,0,0.4694,0.589,0.589,0,0,59.9
1.42,15.55,34.31,68.56,22.45,73.84,1.14,-0.11,23.42,994.4,356.5,2,2,0.258,0.4961,0.4961,0,0,79.0
10.81,36.04,80.23,169.55,6.58,98.0,1.65,0.15,30.61,1947.1,36.6,1,1,0.4163,0.6473,0.6473,0,1,58.2
2.47,20.77,44.98,123.74,6.78,78.43,1.29,-0.11,36.23,2148.9,120.4,0,3,0.2886,0.6545,0.6545,0,1,66.1
118.75,291.94,553.66,1077.49,96.24,98.0,6.2,2.75,42.07,1024.5,452.8,1,0,1.0,1.0,1.0,1,1,24.5
55.77,133.09,228.39,499.26,51.03,98.0,1.56,0.22,12.42,1977.8,31.9,2,5,0.5421,0.8029,0.8029,0,1,54.8
21.68,71.32,146.36,251.62,19.43,98.0,1.12,0.17,14.9,1656.1,590.8,1,1,0.3479,0.6025,0.6025,0,0,70.1
1.6,3.73,16.29,45.63,0.0,84.15,1.13,-0.12,28.43,1747.0,92.8,2,4,0.3148,0.603,0.603,0,0,76.6
104.91,246.1,442.97,771.82,147.77,98.0,6.2,2.43,41.79,2299.4,383.2,0,2,1.0,1.0,1.0,1,1,19.3
16.0,40.78,86.29,190.01,22.28,78.04,1.46,0.15,24.29,810.3,10.8,0,2,0.3697,0.5783,0.5783,0,0,66.1
10.32,40.92,80.0,163.23,24.04,89.39,1.77,0.15,30.82,1804.0,90.9,2,4,0.4042,0.7147,0.7147,0,1,57.3
35.87,83.55,172.42,346.06,35.28,98.0,2.43,0.37,18.57,884.5,346.7,1,1,0.4942,0.6637,0.6637,0,1,60.1
33.71,89.34,175.07,324.61,55.93,98.0,2.17,0.64,37.22,2052.8,20.3,1,0,0.5476,0.7862,0.7862,0,1,52.0
18.93,61.94,103.56,169.55,27.19,98.0,2.16,0.16,29.79,2228.6,38.6,1,2,0.4595,0.6993,0.6993,0,1,61.9
9.35,26.71,48.75,85.24,26.22,53.86,1.62,-0.0,21.75,892.8,28.7,1,3,0.3,0.4743,0.4743,0,0,72.5
5.9,13.52,22.34,80.55,9.36,79.98,1.3,0.04,27.53,792.6,403.8,1,1,0.2892,0.5015,0.5015,0,0,73.1
2.24,4.68,23.4,84.91,16.8,60.31,0.81,-0.09,33.01,2326.9,36.7,0,3,0.24,0.5516,0.5516,0,0,74.1
79.1,204.62,374.16,666.3,76.8,98.0,2.84,0.65,15.69,2278.8,15.5,0,2,0.6831,0.9172,0.9172,1,1,38.2
10.66,31.13,63.01,133.3,19.31,82.58,1.81,-0.09,20.29,2274.2,191.2,2,4,0.3545,0.5906,0.5906,0,0,61.9
22.53,64.68,133.09,243.3,36.68,88.72,1.22,0.1,17.02,2300.5,86.5,2,0,0.4041,0.5472,0.5472,0,0,65.7
21.47,61.93,96.4,142.54,43.38,78.82,1.5,0.43,42.57,1575.2,107.0,2,4,0.4223,0.799,0.799,0,1,66.6
1.45,17.23,37.69,84.76,4.92,58.19,2.08,-0.15,9.55,2361.9,112.0,3,2,0.3044,0.3454,0.3454,0,0,63.5
10.06,30.06,53.95,85.99,7.97,69.94,0.98,-0.14,10.03,2222.3,113.9,0,0,0.2728,0.342,0.342,0,0,64.0
4.01,22.05,38.11,101.54,19.12,69.87,0.98,-0.12,20.81,911.1,72.7,0,0,0.2661,0.4087,0.4087,0,0,79.8
3.41,20.86,66.3,142.6,2.93,77.26,1.5,-0.01,27.37,2091.0,445.4,4,2,0.3045,0.5763,0.5763,0,0,71.1
35.12,91.2,174.07,291.47,46.64,98.0,1.95,0.24,19.84,1925.5,23.0,0,2,0.4909,0.7059,0.7059,0,1,51.9
0.86,8.95,31.97,60.6,0.0,49.62,1.27,-0.11,38.85,971.3,380.0,1,1,0.1965,0.5188,0.5188,0,0,72.3
142.17,320.64,650.07,1256.27,150.0,98.0,3.61,1.08,14.1,1967.6,41.5,3,2,0.9434,1.0,1.0,1,1,26.5
152.36,327.97,664.94,929.91,112.67,98.0,4.68,1.85,21.13,1550.1,25.3,0,3,1.0,1.0,1.0,1,1,20.9
42.29,95.84,194.44,332.5,41.08,98.0,1.85,0.55,25.57,2158.8,117.9,3,1,0.553,0.7466,0.7466,0,1,50.9
16.29,37.23,96.74,219.71,10.97,93.51,1.07,0.0,15.28,2101.0,266.9,1,1,0.3483,0.5323,0.5323,0,0,69.0
5.26,13.79,33.84,68.68,7.61,76.22,1.38,-0.12,18.44,2304.8,54.1,1,1,0.3127,0.4323,0.4323,0,0,69.3
13.96,33.36,58.62,132.32,40.13,68.79,2.01,0.07,42.11,874.2,10.0,1,1,0.3709,0.6311,0.6311,0,1,66.6
26.3,63.45,118.37,218.4,0.0,98.0,1.93,0.3,26.73,1921.9,92.3,0,2,0.4651,0.6929,0.6929,0,1,61.8
63.46,151.76,249.35,366.28,78.24,98.0,4.0,1.29,39.31,1372.2,505.3,2,5,0.7137,1.0,1.0,1,1,41.1
4.98,20.16,39.08,104.31,5.82,80.34,2.17,-0.15,17.7,2030.4,59.2,3,2,0.3728,0.4743,0.4743,0,0,71.5
138.09,339.09,691.72,952.37,113.2,98.0,5.83,2.3,30.05,1744.2,10.0,2,0,1.0,1.0,1.0,1,1,27.2
54.45,151.34,294.4,428.26,41.59,98.0,3.97,0.96,35.48,1567.7,83.4,0,1,0.6934,0.948,0.948,1,1,46.6
49.64,145.94,299.17,500.27,51.93,98.0,2.23,0.49,23.18,757.0,58.1,3,2,0.5899,0.8855,0.8855,0,1,49.4
20.18,58.69,109.06,203.45,13.81,98.0,1.78,0.29,30.49,1751.8,10.0,1,0,0.463,0.6516,0.6516,0,1,62.1
19.88,47.46,102.79,182.15,28.32,84.39,1.87,0.23,39.08,1443.6,249.4,0,0,0.3882,0.6745,0.6745,0,1,66.6
10.32,33.8,79.88,151.13,28.11,73.26,1.26,-0.06,13.07,1298.7,115.7,1,3,0.3112,0.4973,0.4973,0,0,71.7
27.92,72.86,137.14,247.69,27.08,90.68,1.91,0.16,20.77,2381.5,20.1,3,5,0.4775,0.7377,0.7377,0,1,62.1
144.02,315.47,598.75,1208.73,150.0,98.0,6.2,2.8,37.66,1905.6,312.4,1,2,1.0,1.0,1.0,1,1,26.9
22.63,57.31,89.2,149.13,32.34,95.97,1.81,0.03,16.31,1640.8,103.0,0,4,0.4175,0.6282,0.6282,0,1,63.9
11.19,28.36,49.19,112.21,11.2,90.08,1.58,0.03,28.02,2183.4,140.2,0,1,0.3602,0.5665,0.5665,0,0,71.2
26.3,51.44,119.75,221.78,47.6,98.0,1.39,0.32,23.77,1124.7,105.1,4,3,0.4809,0.7009,0.7009,0,1,54.1
89.48,176.63,275.66,501.27,104.87,98.0,4.66,1.54,31.94,1772.8,459.9,1,2,0.8294,0.9268,0.9268,1,1,41.4
3.17,12.55,24.84,78.57,12.48,60.35,1.46,-0.09,32.05,2170.5,265.6,2,3,0.2609,0.5457,0.5457,0,0,73.4
35.79,81.98,143.4,244.39,42.24,98.0,2.82,0.5,28.83,953.9,10.0,3,1,0.5888,0.7103,0.7103,0,1,47.7
15.54,49.84,99.08,149.44,26.89,83.35,1.09,0.29,42.08,1139.5,10.0,3,3,0.4086,0.7811,0.7811,0,1,69.2
93.72,246.31,489.03,798.66,107.71,98.0,2.96,0.68,14.31,886.3,80.4,2,1,0.7391,1.0,1.0,1,1,42.4
88.77,233.3,463.92,613.63,108.24,98.0,4.49,1.86,38.06,2387.5,45.2,3,3,0.9269,1.0,1.0,1,1,31.3
9.53,38.44,103.12,198.07,13.53,98.0,0.99,0.03,25.62,1708.5,92.9,0,0,0.3545,0.6054,0.6054,0,0,65.6
138.86,378.94,660.09,1291.1,150.0,98.0,6.2,2.53,31.83,1557.7,49.6,2,1,1.0,1.0,1.0,1,1,27.7
5.78,20.25,45.18,106.95,1.31,68.46,1.86,-0.1,17.85,1308.4,252.6,2,5,0.3041,0.5397,0.5397,0,0,73.7
37.19,103.1,221.33,318.98,45.52,98.0,1.93,0.12,11.41,1491.6,22.3,1,4,0.4934,0.7562,0.7562,0,1,55.7
13.23,37.01,100.19,218.78,24.47,94.03,1.81,0.22,36.0,2030.2,10.0,1,1,0.4313,0.7037,0.7037,0,1,58.0
14.43,38.85,83.05,144.45,29.5,80.44,1.29,0.04,17.06,2262.6,50.4,2,3,0.3679,0.5532,0.5532,0,0,68.4
155.31,381.6,737.3,1090.99,150.0,98.0,5.37,1.92,22.05,923.2,18.0,1,1,1.0,1.0,1.0,1,1,20.7
17.02,43.61,74.87,137.72,25.69,82.87,1.91,-0.09,9.71,1244.4,107.4,1,2,0.3765,0.4612,0.4612,0,0,68.0
134.52,353.21,507.6,775.67,106.2,98.0,6.2,2.46,31.41,1062.1,76.8,3,3,1.0,1.0,1.0,1,1,25.4
0.8,8.8,42.27,86.37,2.38,57.45,0.77,-0.07,32.75,1468.6,147.7,1,3,0.2259,0.5645,0.5645,0,0,75.6
6.35,21.74,61.58,114.11,12.49,81.39,1.14,0.11,40.46,1625.3,10.0,1,4,0.3449,0.7468,0.7468,0,1,62.4
149.33,280.24,548.46,913.57,150.0,98.0,6.2,2.8,40.08,1940.1,168.5,5,2,1.0,1.0,1.0,1,1,25.2
76.66,167.96,288.79,421.89,110.1,98.0,4.04,1.42,33.38,2194.8,38.8,1,0,0.814,0.8944,0.8944,1,1,35.8
67.48,127.4,247.65,483.95,34.99,98.0,2.82,0.72,19.6,1644.5,133.6,1,3,0.6539,0.8239,0.8239,1,1,39.8
10.06,30.44,71.18,133.44,21.89,95.78,1.24,-0.04,21.49,1556.5,41.3,1,3,0.3712,0.6171,0.6171,0,0,63.0
127.48,336.86,584.53,975.36,107.58,98.0,3.82,1.43,21.74,1700.0,215.3,1,4,0.9082,1.0,1.0,1,1,29.1
8.49,19.25,37.69,96.94,19.76,66.77,1.76,-0.1,12.67,2215.9,215.6,1,1,0.2971,0.3643,0.3643,0,0,70.5
104.89,248.94,513.9,986.83,138.79,98.0,6.03,2.59,42.1,1820.1,43.9,1,2,1.0,1.0,1.0,1,1,24.2
32.74,73.85,128.96,251.43,46.85,98.0,2.53,0.53,37.45,2049.2,288.4,3,0,0.5341,0.7316,0.7316,0,1,51.1
58.66,123.18,229.55,381.47,86.66,98.0,2.84,0.43,13.23,1937.2,46.5,0,4,0.605,0.7808,0.7808,1,1,43.1
10.22,25.36,45.6,121.67,15.72,71.96,2.01,0.13,42.07,2273.8,271.3,2,2,0.3495,0.6538,0.6538,0,1,64.7
30.58,71.36,157.88,244.64,28.72,98.0,2.72,0.61,38.36,2097.9,25.8,1,1,0.5601,0.8042,0.8042,0,1,59.3
6.18,23.71,65.08,133.29,12.17,91.58,1.43,0.11,41.08,1313.0,40.7,2,4,0.386,0.7846,0.7846,0,1,70.5
92.78,182.33,389.06,707.22,114.87,98.0,3.36,0.91,18.28,2159.7,258.7,0,0,0.7337,0.8962,0.8962,1,1,45.0
108.32,209.08,329.87,546.84,115.87,98.0,3.46,1.1,20.08,1521.3,10.1,1,0,0.8385,0.8382,0.8385,1,1,34.2
18.5,53.56,106.64,170.61,3.61,98.0,1.54,0.22,24.92,2147.9,145.2,1,3,0.4228,0.6941,0.6941,0,1,66.6
21.55,61.97,136.9,210.81,31.3,98.0,2.03,0.15,16.07,2244.5,137.5,0,4,0.4366,0.6903,0.6903,0,1,56.3
23.3,48.51,93.4,177.35,38.53,98.0,2.35,0.22,24.76,1880.7,429.8,2,4,0.4431,0.7066,0.7066,0,1,62.7
2.57,11.7,39.79,121.55,0.0,79.12,1.37,-0.12,8.33,1936.2,430.3,0,4,0.2518,0.4568,0.4568,0,0,72.4
55.78,152.38,281.21,450.07,57.05,98.0,4.21,1.18,39.59,982.8,78.6,1,1,0.7397,0.9648,0.9648,1,1,40.4
76.78,189.52,355.01,530.34,106.25,98.0,2.12,0.61,13.84,1284.3,128.9,0,2,0.6253,0.879,0.879,1,1,50.1
19.5,48.43,78.49,180.18,43.29,73.74,1.63,0.05,26.03,1670.3,20.3,1,5,0.3755,0.6607,0.6607,0,1,65.8
72.83,170.57,284.77,457.94,105.94,98.0,4.27,1.63,41.44,755.8,30.8,1,5,0.836,1.0,1.0,1,1,30.4
7.34,20.51,63.73,117.34,12.22,58.05,1.11,-0.02,37.56,2148.0,98.1,3,0,0.2907,0.5409,0.5409,0,0,77.1
132.59,253.07,462.94,798.01,148.37,98.0,6.2,2.71,35.94,1359.6,32.6,0,4,1.0,1.0,1.0,1,1,25.2
10.8,29.22,63.52,134.99,18.25,66.56,1.65,-0.07,29.8,1943.6,29.3,4,1,0.3561,0.5324,0.5324,0,0,73.6
3.49,23.71,56.82,121.18,20.9,58.8,1.05,-0.14,23.71,2019.3,10.0,3,2,0.2796,0.4837,0.4837,0,0,69.7
3.75,22.64,49.58,76.08,8.29,46.11,0.89,-0.03,24.06,1654.3,10.0,2,1,0.2462,0.4122,0.4122,0,0,80.2
10.83,36.93,74.82,167.19,3.15,74.06,1.34,-0.07,11.13,2053.9,149.1,0,1,0.3023,0.4179,0.4179,0,0,71.3
28.32,82.24,167.65,287.11,29.2,98.0,2.1,0.13,10.33,1876.0,10.0,0,1,0.4709,0.592,0.592,0,0,64.0
109.46,272.74,521.21,785.59,107.42,98.0,5.97,2.35,38.36,1343.7,271.4,0,2,1.0,1.0,1.0,1,1,22.4
119.7,292.46,526.1,781.81,96.38,98.0,4.79,1.45,22.71,2096.7,10.0,1,3,0.9618,1.0,1.0,1,1,23.6
9.99,37.97,92.79,201.68,1.66,98.0,1.9,-0.03,9.94,1799.5,20.4,3,1,0.4289,0.4974,0.4974,0,0,69.9
2.11,7.98,34.0,104.32,6.75,57.27,1.47,-0.04,31.87,1014.3,49.9,1,1,0.2762,0.4869,0.4869,0,0,60.7
0.33,6.9,17.16,63.66,11.67,65.05,0.89,-0.06,32.6,2025.2,155.6,4,2,0.2764,0.5239,0.5239,0,0,68.2
21.68,54.73,120.7,243.36,28.45,98.0,1.26,0.03,16.19,1865.7,144.8,1,3,0.4,0.6414,0.6414,0,1,69.3
18.45,58.81,110.99,190.88,42.23,93.1,1.82,0.22,22.79,1219.7,34.0,4,0,0.4694,0.5786,0.5786,0,0,63.4
3.56,6.91,24.93,51.07,0.46,62.28,1.63,-0.14,28.64,2139.3,47.5,3,1,0.3076,0.464,0.464,0,0,74.6
5.33,17.3,39.21,94.69,5.91,50.97,1.89,-0.0,29.47,1367.1,206.6,5,2,0.3117,0.4864,0.4864,0,0,69.6
0.48,10.4,31.38,73.46,11.74,71.65,1.0,-0.12,26.4,1662.0,82.4,0,3,0.2606,0.5402,0.5402,0,0,73.7
36.03,93.11,152.73,242.63,55.79,98.0,2.49,0.35,21.11,1316.2,73.5,2,4,0.5413,0.75,0.75,0,1,56.3
73.53,209.76,406.98,780.84,80.65,98.0,2.62,0.39,10.48,1945.2,120.4,1,1,0.6287,0.8856,0.8856,1,1,47.2
2.91,16.82,47.88,101.94,0.29,50.95,2.07,-0.17,8.8,1708.9,73.2,0,3,0.2643,0.3616,0.3616,0,0,71.0
5.27,13.16,36.44,70.18,13.49,59.3,1.74,-0.12,24.54,1526.0,68.3,0,3,0.2801,0.4969,0.4969,0,0,71.8
40.56,105.39,190.62,386.1,57.31,98.0,2.2,0.25,15.31,783.5,192.3,0,1,0.4948,0.6598,0.6598,0,1,57.9
52.2,116.77,206.08,404.47,62.97,98.0,4.17,1.2,41.79,1751.9,321.6,1,3,0.6988,0.9506,0.9506,1,1,45.0
10.88,30.71,72.69,106.23,23.48,61.55,2.28,-0.01,31.06,1776.9,95.6,1,0,0.34,0.5096,0.5096,0,0,76.4
1.04,4.7,30.22,51.06,6.1,68.16,0.77,-0.01,29.08,1049.0,41.0,3,4,0.2902,0.5804,0.5804,0,0,69.0
0.8,6.54,19.38,79.14,0.0,57.85,1.24,-0.18,22.64,1298.3,358.8,0,2,0.1982,0.4268,0.4268,0,0,85.2
17.06,41.89,76.86,146.2,33.06,71.71,1.75,-0.03,19.86,2200.0,145.3,0,2,0.3356,0.5136,0.5136,0,0,66.7
9.98,22.99,54.87,125.32,14.0,74.39,1.68,-0.04,14.47,1656.1,127.5,3,0,0.3527,0.3911,0.3911,0,0,69.7
0.58,9.58,20.99,48.34,0.0,59.72,1.6,-0.16,10.17,1467.9,112.0,1,1,0.2625,0.3042,0.3042,0,0,72.6
17.51,55.78,101.11,205.9,12.29,98.0,1.4,0.13,30.84,2294.3,161.8,0,1,0.3933,0.6747,0.6747,0,1,61.0
0.23,9.1,24.53,87.12,0.0,67.59,0.76,-0.02,36.05,2089.7,179.3,0,4,0.237,0.6276,0.6276,0,1,77.2
30.96,74.09,152.21,228.27,70.38,92.49,2.72,0.62,38.88,910.8,188.0,1,1,0.5282,0.786,0.786,0,1,55.0
7.32,19.48,56.66,88.65,24.09,66.53,1.55,0.06,34.08,2167.2,446.6,0,4,0.2595,0.6481,0.6481,0,1,71.9
120.19,295.38,604.32,1176.36,117.57,98.0,6.2,2.71,40.29,997.1,63.6,4,2,1.0,1.0,1.0,1,1,17.6
17.75,55.49,105.92,185.29,16.46,98.0,2.0,0.26,43.38,1038.4,33.3,1,2,0.4599,0.8109,0.8109,0,1,58.3
94.96,182.44,354.03,730.85,87.4,98.0,6.2,2.37,42.62,874.3,60.1,1,2,1.0,1.0,1.0,1,1,26.0
112.83,300.16,469.29,648.92,119.35,98.0,5.21,1.75,29.32,1544.2,174.7,2,3,0.9808,1.0,1.0,1,1,28.4
15.71,46.59,110.34,252.3,25.86,98.0,1.32,0.13,16.07,1813.7,93.4,4,2,0.4337,0.5978,0.5978,0,0,57.5
6.44,24.96,55.2,128.07,13.6,89.88,1.61,-0.08,11.83,1993.6,240.0,2,1,0.345,0.4438,0.4438,0,0,66.4
112.37,212.92,375.06,547.67,108.49,98.0,6.2,2.76,43.78,794.1,32.3,2,2,1.0,1.0,1.0,1,1,22.8
6.34,24.3,48.48,120.35,16.67,74.84,0.91,0.05,19.1,1043.5,160.3,2,1,0.3041,0.4516,0.4516,0,0,64.6
46.92,104.92,186.41,351.71,45.28,98.0,1.54,0.19,9.22,1775.0,34.4,4,1,0.5355,0.606,0.606,0,0,53.5
9.39,33.96,65.49,107.15,15.74,53.2,1.59,-0.03,22.08,1617.2,192.6,2,2,0.2828,0.4656,0.4656,0,0,67.0
15.96,46.38,99.71,246.9,15.62,98.0,2.24,0.15,34.93,834.7,69.2,1,0,0.4504,0.6757,0.6757,0,1,57.7
1.04,12.93,49.25,96.49,1.44,67.94,1.42,-0.12,40.07,2293.4,545.8,2,2,0.2301,0.631,0.631,0,1,72.2
11.11,35.15,91.19,158.36,29.55,67.62,1.66,-0.01,25.19,2001.5,132.6,2,4,0.3315,0.6223,0.6223,0,1,71.5
35.72,96.31,209.77,334.45,30.26,98.0,1.43,0.36,18.59,1342.0,162.5,1,1,0.4732,0.7095,0.7095,0,1,56.5
32.76,89.83,189.9,332.32,48.71,98.0,2.88,0.64,36.02,1635.1,10.0,2,2,0.5876,0.8547,0.8547,0,1,54.9
5.08,22.78,51.37,106.28,8.85,76.6,1.69,-0.03,26.14,1367.5,145.7,3,2,0.3444,0.5463,0.5463,0,0,64.1
5.13,22.9,70.36,158.46,0.0,87.56,1.68,-0.03,11.1,1501.2,65.1,0,0,0.3485,0.4199,0.4199,0,0,70.1
34.0,79.52,141.67,263.16,33.45,98.0,3.01,0.71,39.96,1733.7,46.8,1,2,0.5893,0.8272,0.8272,0,1,47.6
53.3,119.02,244.48,469.35,58.05,98.0,3.0,0.81,31.61,1407.5,190.3,1,0,0.6274,0.8261,0.8261,1,1,46.2
2.0,14.65,26.63,86.87,0.0,51.52,2.0,-0.12,9.33,1774.2,31.2,1,1,0.2816,0.2814,0.2816,0,0,71.3
11.96,39.74,82.46,114.87,11.76,63.32,1.25,-0.07,8.33,1517.5,24.1,3,5,0.3251,0.4947,0.4947,0,0,70.4
104.96,240.18,470.58,955.0,135.17,98.0,2.52,0.58,11.16,1834.5,52.7,1,1,0.7313,0.9688,0.9688,1,1,46.2
40.91,83.73,177.5,281.78,55.66,98.0,3.36,0.75,37.59,1182.7,119.1,1,2,0.6162,0.8521,0.8521,1,1,47.1
1.74,8.88,30.31,47.83,14.87,55.37,1.4,-0.18,25.33,1032.5,35.7,1,1,0.2556,0.4247,0.4247,0,0,76.2
4.74,22.95,59.94,125.89,0.0,77.04,1.76,-0.15,20.07,772.4,98.1,0,3,0.311,0.5395,0.5395,0,0,62.5
27.92,70.5,125.94,263.85,29.95,98.0,1.74,0.15,16.97,1743.3,58.3,0,5,0.4495,0.7141,0.7141,0,1,67.8
1.05,12.22,31.94,109.47,2.14,80.51,1.63,-0.06,26.25,2368.3,60.6,0,4,0.3182,0.5945,0.5945,0,0,64.3
143.86,310.25,585.5,1189.39,122.72,98.0,3.31,0.81,10.99,1443.6,27.2,1,3,0.8897,1.0,1.0,1,1,31.2
11.67,30.97,65.43,169.75,18.84,98.0,1.17,0.19,30.22,1100.8,46.7,3,1,0.4201,0.6261,0.6261,0,1,59.4
8.14,30.48,67.04,113.65,16.45,95.24,1.85,0.07,21.7,771.6,38.4,2,6,0.4137,0.7022,0.7022,0,1,64.4
10.04,22.34,55.74,89.5,10.8,81.74,1.05,0.01,38.9,1596.1,33.5,0,2,0.3284,0.6682,0.6682,0,1,65.5
15.1,39.2,86.69,196.68,30.47,98.0,1.58,0.16,35.16,2388.0,10.1,3,3,0.4486,0.7516,0.7516,0,1,53.7
3.52,21.64,52.87,113.74,2.12,53.57,1.35,-0.04,8.66,2373.2,68.1,2,1,0.2735,0.3139,0.3139,0,0,67.9
16.97,50.52,104.44,161.88,27.49,78.84,1.74,0.03,13.99,917.2,33.7,2,2,0.3917,0.5203,0.5203,0,0,63.7
32.74,82.57,170.29,252.73,15.09,98.0,2.25,0.47,25.07,2097.1,389.4,1,2,0.4825,0.7431,0.7431,0,1,52.4
28.56,88.38,168.59,258.61,31.84,98.0,1.79,0.36,31.71,1036.0,110.5,1,3,0.4779,0.8242,0.8242,0,1,61.4
3.34,12.41,46.03,98.56,13.07,70.78,1.57,-0.01,33.74,2085.4,74.4,1,2,0.3126,0.5844,0.5844,0,0,77.5
3.23,19.51,42.74,110.38,8.4,77.58,1.44,-0.05,37.38,2158.4,49.5,2,1,0.3308,0.5986,0.5986,0,0,76.3
6.24,28.1,64.87,137.88,2.28,98.0,1.89,-0.16,9.77,762.8,74.1,3,3,0.3991,0.5219,0.5219,0,0,59.7
110.6,203.98,356.46,682.66,143.78,98.0,2.42,0.53,8.67,1141.5,50.1,2,2,0.7458,0.8394,0.8394,1,1,33.8
10.5,34.01,72.54,144.37,8.62,77.5,2.18,-0.03,29.62,843.3,233.3,1,1,0.3494,0.5726,0.5726,0,0,63.4
22.77,59.66,96.6,203.39,3.84,98.0,1.83,0.4,34.06,1573.2,35.5,2,3,0.4895,0.7549,0.7549,0,1,59.4
1.17,14.87,40.27,103.94,16.48,61.06,1.59,-0.01,36.32,794.1,39.4,1,2,0.2917,0.5707,0.5707,0,0,68.2
0.71,7.55,32.01,72.21,0.0,83.36,1.66,0.0,13.61,1783.0,148.4,2,2,0.3392,0.4414,0.4414,0,0,70.7
9.95,28.54,63.12,135.01,26.5,89.97,1.75,0.06,42.87,1671.2,277.4,0,1,0.3497,0.702,0.702,0,1,62.8
23.89,62.54,115.11,244.63,33.98,98.0,1.15,0.23,16.26,1376.0,136.8,0,5,0.411,0.6952,0.6952,0,1,65.2
4.3,24.12,59.28,122.55,14.47,72.84,1.17,-0.16,17.01,1512.0,10.6,1,0,0.2958,0.4125,0.4125,0,0,68.9
20.52,57.12,104.72,188.9,14.65,81.13,1.4,0.1,13.55,2383.7,275.1,2,2,0.3653,0.5236,0.5236,0,0,59.2
124.33,337.36,499.17,981.27,118.66,98.0,3.0,0.54,9.56,1026.6,176.0,0,2,0.77,1.0,1.0,1,1,40.8
150.6,393.42,744.5,1254.8,148.51,98.0,6.2,2.8,37.15,1956.2,32.9,1,2,1.0,1.0,1.0,1,1,30.2
45.21,120.73,213.98,317.93,54.34,98.0,2.01,0.2,8.2,1814.8,10.0,1,4,0.5268,0.7216,0.7216,0,1,52.1
147.96,301.5,563.19,1034.19,102.87,98.0,5.03,2.07,24.7,1845.1,151.7,2,1,1.0,1.0,1.0,1,1,24.1
5.23,13.89,41.81,93.78,0.0,89.74,1.38,-0.02,11.31,1320.4,32.1,2,3,0.365,0.4829,0.4829,0,0,62.4
10.6,30.54,62.96,119.07,25.76,84.92,1.74,0.05,9.61,1107.2,89.0,2,1,0.3836,0.4216,0.4216,0,0,68.0
150.14,332.49,649.13,1049.14,147.5,98.0,6.2,2.8,41.65,1823.9,11.3,3,1,1.0,1.0,1.0,1,1,27.8
22.32,65.27,146.66,289.8,10.13,98.0,2.33,0.4,37.71,2256.0,100.8,0,2,0.4813,0.8154,0.8154,0,1,57.6
94.3,186.45,332.11,600.69,100.53,98.0,4.24,1.1,22.22,2360.4,10.0,1,4,0.8379,0.978,0.978,1,1,33.5
22.36,53.07,99.78,191.83,35.15,81.16,1.37,0.22,24.51,1543.5,91.6,0,4,0.3849,0.6653,0.6653,0,1,67.6
34.79,74.54,168.83,332.82,38.33,98.0,3.22,0.63,39.25,1452.3,215.3,1,0,0.5703,0.7948,0.7948,0,1,52.0
10.12,32.91,64.11,107.96,23.86,43.3,1.12,0.0,36.69,1325.8,104.3,1,0,0.2465,0.4931,0.4931,0,0,77.7
3.4,18.01,45.34,92.36,3.5,81.38,1.53,-0.08,32.9,2086.5,259.2,3,1,0.3231,0.5765,0.5765,0,0,68.6
26.78,56.8,117.85,198.29,21.91,98.0,1.88,0.34,27.32,1171.4,95.5,1,2,0.4769,0.697,0.697,0,1,61.8
8.94,30.55,65.72,165.77,6.38,98.0,1.6,0.14,29.88,1596.5,139.6,1,1,0.3946,0.6238,0.6238,0,1,65.8
73.15,148.4,226.27,380.29,69.96,98.0,2.92,0.75,22.16,1319.3,54.7,1,1,0.6861,0.7582,0.7582,1,1,44.3
6.31,21.58,59.38,145.43,6.37,71.42,1.48,-0.08,27.01,2194.9,42.3,3,2,0.3349,0.5486,0.5486,0,0,59.1
1.69,16.96,37.89,106.04,5.34,68.22,0.89,-0.18,27.43,1216.4,49.1,0,2,0.2498,0.5167,0.5167,0,0,74.3
98.08,200.33,372.63,703.21,83.5,98.0,6.12,2.09,39.13,1882.7,13.0,3,2,1.0,1.0,1.0,1,1,18.7
3.4,18.87,53.64,93.43,0.42,52.11,1.47,-0.07,15.87,1721.4,35.2,0,5,0.2563,0.4884,0.4884,0,0,78.7
89.17,232.56,417.41,782.12,89.7,98.0,3.16,0.75,16.88,1291.8,58.7,1,0,0.7357,0.9196,0.9196,1,1,38.6
75.69,177.45,285.41,533.17,127.68,98.0,2.68,0.53,15.59,1170.4,50.1,1,4,0.6601,0.868,0.868,1,1,47.3
31.58,82.43,139.62,240.1,34.32,94.98,2.17,0.39,28.85,2076.3,82.1,1,0,0.5024,0.6674,0.6674,0,1,50.9
21.54,48.25,88.12,153.42,21.14,70.33,1.98,0.17,33.03,1592.3,80.4,2,3,0.4031,0.6588,0.6588,0,1,54.2
93.5,203.54,407.64,766.95,107.88,98.0,3.02,0.87,16.59,1758.9,159.5,1,0,0.7395,0.9053,0.9053,1,1,38.8
40.21,99.29,197.14,314.89,27.27,98.0,2.34,0.74,32.37,2337.4,60.5,1,2,0.5766,0.8343,0.8343,0,1,55.9
95.08,192.61,350.85,514.5,61.57,98.0,4.64,1.56,30.61,1406.7,135.7,2,3,0.8977,1.0,1.0,1,1,27.7
12.61,36.97,72.08,154.15,24.88,78.26,1.96,0.0,19.56,2093.6,265.6,2,4,0.3557,0.5837,0.5837,0,0,67.9
19.32,59.42,116.64,261.35,48.13,89.44,1.93,0.02,16.27,1804.0,73.0,2,1,0.4234,0.5532,0.5532,0,0,61.8
10.59,31.25,61.32,97.82,4.4,75.25,1.84,0.07,39.75,1729.3,96.7,0,3,0.3484,0.6936,0.6936,0,1,68.2
11.15,25.91,56.38,123.3,12.94,77.15,1.72,0.14,28.51,840.0,135.7,2,3,0.3707,0.603,0.603,0,0,66.1
8.02,29.66,75.61,140.38,14.47,68.52,1.85,-0.08,33.34,2255.4,81.8,2,3,0.3338,0.641,0.641,0,1,66.0
151.84,410.07,748.45,1334.08,150.0,98.0,6.2,2.8,41.31,1127.2,21.4,0,0,1.0,1.0,1.0,1,1,27.0
38.02,79.32,157.48,332.55,37.83,98.0,1.32,0.2,15.39,1530.8,41.7,0,3,0.464,0.68,0.68,0,1,60.5
4.5,20.44,47.09,103.18,0.68,51.01,1.04,-0.09,20.62,1990.8,10.0,0,2,0.239,0.4253,0.4253,0,0,76.1
54.49,150.99,309.75,575.2,40.8,98.0,2.8,0.71,23.64,1611.8,138.1,1,2,0.6189,0.9021,0.9021,1,1,48.0
23.36,67.04,139.87,301.74,41.27,98.0,1.52,0.06,16.38,757.2,39.3,1,3,0.4323,0.6664,0.6664,0,1,60.2
34.66,84.22,133.35,183.08,51.63,96.29,2.51,0.71,38.26,2315.9,208.2,4,4,0.5735,0.8586,0.8586,0,1,55.4
16.25,34.85,73.42,130.98,19.41,62.53,1.5,0.05,11.0,783.8,128.0,3,2,0.343,0.4128,0.4128,0,0,73.3
30.24,64.19,110.92,211.19,36.56,89.1,1.92,0.13,16.61,898.4,159.9,2,2,0.4487,0.5779,0.5779,0,0,60.9
0.33,1.78,9.03,30.59,0.0,55.27,1.54,-0.06,14.88,1119.8,256.9,3,1,0.2602,0.3148,0.3148,0,0,68.6
34.12,93.96,156.86,254.65,34.86,98.0,2.46,0.82,42.32,1738.3,66.6,2,3,0.583,0.8947,0.8947,0,1,50.9
0.82,6.73,17.32,33.95,3.89,75.98,1.82,-0.02,30.58,2352.4,25.1,1,3,0.3344,0.5686,0.5686,0,0,69.4
44.13,124.29,246.88,483.14,28.32,98.0,2.72,0.87,33.78,2272.4,329.0,0,1,0.5702,0.8764,0.8764,0,1,54.8
96.47,246.74,483.14,942.61,120.9,98.0,3.06,0.61,11.9,1824.7,657.5,0,3,0.6464,1.0,1.0,1,1,43.4
6.96,28.5,82.28,135.44,14.2,89.19,1.82,0.0,14.98,1973.8,29.5,2,3,0.3905,0.5602,0.5602,0,0,61.7
128.43,327.48,563.45,991.98,85.97,98.0,6.2,2.71,37.16,1924.6,162.1,2,2,1.0,1.0,1.0,1,1,23.8
28.99,71.67,152.32,267.65,21.17,98.0,1.85,0.39,28.44,1883.5,10.0,1,0,0.4979,0.6881,0.6881,0,1,63.5
5.83,25.52,64.76,118.15,0.0,93.3,1.55,-0.1,9.62,2090.5,10.0,2,4,0.3771,0.5374,0.5374,0,0,58.5
77.35,165.09,362.97,640.38,82.55,98.0,3.57,1.19,28.36,1310.8,134.9,2,1,0.7684,0.9749,0.9749,1,1,43.0
2.17,8.22,32.29,78.45,4.47,61.62,1.39,-0.14,25.11,1114.9,35.4,1,1,0.2738,0.4429,0.4429,0,0,65.4
2.69,12.07,46.53,87.15,5.96,62.19,1.38,-0.16,13.53,1323.6,242.9,3,3,0.2665,0.4293,0.4293,0,0,71.9
77.41,167.95,276.42,487.44,95.79,98.0,4.01,1.23,29.35,830.2,86.4,2,1,0.7982,0.877,0.877,1,1,41.3
22.41,69.16,144.95,232.81,48.92,85.91,1.74,-0.0,14.26,2345.6,182.8,2,4,0.3976,0.6518,0.6518,0,1,59.3
37.53,92.0,179.97,305.13,48.9,98.0,3.01,0.62,37.21,1970.2,13.1,1,4,0.5938,0.9121,0.9121,0,1,48.2
7.84,29.68,70.03,159.39,13.81,73.84,1.07,-0.03,30.27,1102.2,249.0,0,1,0.2737,0.5645,0.5645,0,0,75.8
22.57,54.74,94.23,183.82,24.05,76.07,2.37,0.37,39.37,1172.1,25.3,1,3,0.4525,0.7331,0.7331,0,1,64.3
18.04,57.68,103.29,180.5,8.96,86.0,1.47,0.11,23.29,2387.8,100.8,2,1,0.3973,0.5834,0.5834,0,0,63.7
18.48,49.44,93.39,198.38,25.81,72.35,1.66,0.2,26.43,2017.4,112.9,2,1,0.3839,0.5582,0.5582,0,0,65.2
22.95,64.11,127.77,223.42,33.57,91.8,2.12,0.29,35.38,1452.3,10.0,0,1,0.4614,0.7262,0.7262,0,1,66.6
17.13,43.01,87.45,139.39,32.58,91.44,1.83,0.25,27.67,1091.0,455.6,1,3,0.3796,0.6742,0.6742,0,1,71.7
11.21,38.25,102.39,202.0,5.05,91.6,1.63,0.08,28.59,816.7,43.2,1,1,0.3941,0.6403,0.6403,0,1,69.8
6.46,27.17,52.72,119.56,4.6,74.5,1.37,-0.11,27.92,1854.4,150.3,0,0,0.2903,0.4964,0.4964,0,0,65.6
82.18,186.49,275.51,394.08,76.73,98.0,4.15,1.07,25.69,2037.0,119.8,0,1,0.7766,0.8466,0.8466,1,1,42.6
5.13,27.2,59.95,108.63,1.43,67.54,0.8,0.07,37.01,927.8,10.0,0,3,0.2823,0.6484,0.6484,0,1,71.2
23.58,61.96,91.59,191.69,27.9,82.95,2.1,0.22,25.47,753.9,238.0,1,4,0.4154,0.668,0.668,0,1,65.2
5.31,12.55,34.37,90.67,0.0,85.71,1.36,0.05,40.43,1339.8,43.6,4,3,0.3809,0.6954,0.6954,0,1,62.4
19.63,47.42,100.77,195.61,28.5,95.74,1.83,0.4,37.11,1851.3,34.4,0,4,0.457,0.8081,0.8081,0,1,54.5
27.49,60.61,131.42,240.93,25.92,85.04,2.34,0.44,32.93,2274.3,10.0,2,1,0.5027,0.6921,0.6921,0,1,55.1
84.01,173.37,307.23,532.77,70.99,98.0,4.97,1.88,40.35,2201.2,34.6,2,1,0.9299,1.0,1.0,1,1,34.8
1.24,9.23,22.39,42.9,1.4,69.6,1.23,-0.05,27.34,1886.1,116.1,1,2,0.2802,0.5009,0.5009,0,0,63.6
2.81,19.8,42.52,82.18,3.03,52.75,1.45,0.02,37.59,2093.2,26.9,0,1,0.2662,0.5304,0.5304,0,0,76.0
18.63,36.61,71.21,158.99,36.4,86.61,1.21,-0.01,16.71,1337.2,75.4,3,1,0.3898,0.4932,0.4932,0,0,66.2
37.87,94.3,214.72,431.41,39.23,98.0,1.53,0.13,10.63,1154.4,193.0,1,1,0.4554,0.6519,0.6519,0,1,58.7
0.92,2.17,11.06,63.63,9.84,57.71,1.83,-0.13,32.66,955.0,372.6,1,2,0.2377,0.4964,0.4964,0,0,71.2
26.5,51.56,85.13,140.99,20.13,72.8,2.31,0.08,18.86,1049.7,144.7,3,4,0.4279,0.5787,0.5787,0,0,62.4
8.35,23.13,50.05,145.45,24.44,68.34,1.78,0.09,30.85,2338.8,26.1,2,3,0.3559,0.5893,0.5893,0,0,66.1
13.02,28.41,63.9,138.29,36.56,86.52,1.57,0.07,10.79,2284.4,58.0,2,0,0.3922,0.4067,0.4067,0,0,59.4
52.86,133.34,221.65,326.16,45.89,98.0,3.5,1.15,42.4,827.4,96.9,1,2,0.6952,0.9445,0.9445,1,1,46.4
8.07,32.29,76.82,154.27,3.99,97.96,1.0,-0.07,26.54,1525.4,246.1,2,1,0.3403,0.6105,0.6105,0,0,62.9
12.52,41.8,86.48,158.97,2.28,77.04,1.37,-0.06,8.34,1366.0,95.2,5,1,0.3727,0.4182,0.4182,0,0,71.2
0.28,4.17,31.15,63.58,1.92,48.08,1.04,-0.1,25.14,1825.4,81.1,3,2,0.2419,0.4338,0.4338,0,0,77.7
1.7,12.16,33.97,97.82,0.0,68.95,1.33,0.0,36.43,1291.9,36.1,4,1,0.3303,0.556,0.556,0,0,65.3
5.98,17.19,26.02,63.87,9.17,62.62,1.15,-0.02,39.15,1213.0,83.1,3,2,0.3004,0.5803,0.5803,0,0,70.8
0.56,5.69,24.62,75.57,0.0,76.12,1.24,0.0,24.61,2085.1,46.1,4,3,0.3382,0.5301,0.5301,0,0,68.2
19.96,51.74,81.48,152.26,8.41,74.17,1.61,-0.05,12.53,2312.7,99.7,1,0,0.3564,0.4075,0.4075,0,0,76.6
11.12,39.98,88.47,201.86,12.86,98.0,1.71,0.16,40.62,1084.6,198.5,1,3,0.3992,0.7975,0.7975,0,1,56.0
15.89,42.4,89.49,214.49,23.57,94.17,1.65,0.25,43.32,1138.2,349.6,3,0,0.4083,0.7196,0.7196,0,1,68.2
3.84,12.88,43.39,105.25,0.0,74.59,1.75,-0.08,10.27,1441.5,199.0,1,4,0.3071,0.4641,0.4641,0,0,67.1
7.02,28.94,77.46,148.44,6.12,60.55,1.53,-0.12,10.81,1915.4,211.4,3,2,0.2886,0.4107,0.4107,0,0,72.8
21.8,63.99,116.35,227.59,29.1,98.0,1.6,0.25,28.36,1025.7,53.2,2,2,0.4596,0.7035,0.7035,0,1,61.2
67.22,178.35,264.69,497.43,46.6,98.0,3.03,0.97,27.22,1522.1,142.7,3,2,0.7062,0.8757,0.8757,1,1,43.8
1.03,17.6,51.39,106.55,0.0,68.04,1.53,-0.06,29.19,2137.4,58.9,1,2,0.2961,0.5468,0.5468,0,0,72.4
44.22,119.2,240.19,404.55,47.91,98.0,2.17,0.45,19.42,1136.2,10.0,0,5,0.546,0.8733,0.8733,0,1,49.0
17.2,44.72,88.09,146.09,31.92,79.44,1.24,-0.07,9.81,828.6,259.1,3,2,0.3412,0.4686,0.4686,0,0,60.9
16.6,43.47,85.35,208.86,25.45,86.23,1.68,0.11,28.89,2246.3,10.0,1,2,0.4052,0.6369,0.6369,0,1,61.5
126.74,263.77,490.69,758.03,123.01,98.0,3.35,0.82,13.45,2049.4,14.7,3,1,0.8717,1.0,1.0,1,1,36.4
1.44,7.62,30.76,88.29,0.0,66.8,0.58,-0.15,20.29,1903.0,10.0,0,2,0.2403,0.4469,0.4469,0,0,73.6
1.88,15.7,33.82,84.21,1.23,67.87,1.53,0.01,28.97,894.1,10.0,1,2,0.3112,0.5231,0.5231,0,0,63.9
136.19,263.07,470.16,719.49,107.07,98.0,3.38,1.05,15.51,2233.9,10.0,2,0,0.9099,0.9731,0.9731,1,1,28.4
8.34,23.34,50.16,90.18,38.97,70.81,1.47,-0.05,27.53,1253.7,135.7,4,0,0.3385,0.4798,0.4798,0,0,65.9
147.37,372.38,574.93,832.29,150.0,98.0,6.2,2.8,33.73,1099.0,230.5,0,1,1.0,1.0,1.0,1,1,18.0
10.44,32.46,76.93,135.05,36.78,83.88,1.86,-0.07,10.37,1554.4,191.2,0,4,0.3403,0.5318,0.5318,0,0,67.1
154.66,321.69,539.42,1059.81,150.0,98.0,6.2,2.6,30.3,2272.6,118.1,0,2,1.0,1.0,1.0,1,1,23.6
25.09,59.9,96.97,177.85,6.08,84.94,2.23,0.31,26.34,2391.0,185.0,2,2,0.4552,0.6271,0.6271,0,1,58.2
88.15,163.72,325.68,477.46,118.86,98.0,2.36,0.4,11.51,1763.3,73.2,1,2,0.6616,0.8245,0.8245,1,1,45.1
14.91,43.12,91.52,205.53,19.94,77.55,2.25,0.1,33.43,2326.6,284.3,2,2,0.38,0.6564,0.6564,0,1,66.5
23.94,61.37,122.12,224.42,31.79,98.0,1.82,0.27,19.19,1498.0,73.9,4,4,0.4933,0.6972,0.6972,0,1,57.2
46.1,129.12,260.87,433.12,49.63,98.0,2.12,0.28,14.56,798.9,10.0,2,1,0.552,0.7397,0.7397,0,1,50.7
97.88,256.83,490.75,846.37,104.93,98.0,3.28,1.01,18.17,1204.8,145.5,2,0,0.7875,1.0,1.0,1,1,37.3
22.56,54.14,112.44,262.86,9.35,98.0,2.33,0.32,27.66,1248.0,213.2,1,1,0.4688,0.6631,0.6631,0,1,55.1
22.77,49.77,109.15,192.58,29.84,71.17,1.36,0.27,28.88,2041.5,30.5,3,1,0.4064,0.5937,0.5937,0,0,62.0
58.35,135.49,279.23,506.65,60.03,98.0,2.15,0.4,14.11,955.0,45.9,0,2,0.5708,0.7885,0.7885,0,1,53.7
7.01,19.51,32.11,56.65,25.21,69.09,1.15,0.07,41.72,1038.6,142.5,0,3,0.2884,0.6565,0.6565,0,1,72.8
0.02,2.24,17.91,30.37,5.05,56.88,2.15,-0.17,19.84,1763.5,102.3,0,1,0.2704,0.3699,0.3699,0,0,73.5
6.35,22.43,51.66,118.94,18.94,66.68,1.02,-0.13,17.66,965.5,264.8,2,6,0.2597,0.5711,0.5711,0,0,69.6
4.92,12.11,41.7,95.89,15.7,57.39,0.85,0.02,14.72,1567.6,77.9,3,7,0.278,0.5394,0.5394,0,0,75.7
21.68,66.53,122.85,247.59,28.12,98.0,1.14,0.0,12.34,807.9,133.9,1,1,0.393,0.5533,0.5533,0,0,65.7
20.09,49.87,93.82,150.61,43.26,90.9,2.66,0.47,43.35,1853.7,38.0,1,2,0.5003,0.776,0.776,0,1,56.6
91.63,185.18,297.3,576.07,108.93,98.0,4.97,1.65,32.29,2248.8,318.1,0,1,0.8684,0.9261,0.9261,1,1,33.7
102.29,275.44,468.64,897.93,98.13,98.0,5.36,2.16,36.33,2193.6,55.4,2,1,1.0,1.0,1.0,1,1,23.0
152.32,368.1,669.74,1090.95,150.0,98.0,5.23,1.9,22.45,871.5,93.1,0,2,1.0,1.0,1.0,1,1,27.6
7.82,32.14,83.07,146.53,3.87,80.64,0.88,-0.1,22.93,1725.2,115.0,2,5,0.3101,0.6607,0.6607,0,1,68.8
21.88,52.71,115.54,258.41,23.75,90.64,2.76,0.47,43.53,921.3,35.2,0,1,0.4992,0.7732,0.7732,0,1,55.9
16.26,43.0,84.04,191.83,5.67,77.97,1.49,-0.05,15.22,838.3,45.7,3,2,0.3773,0.5028,0.5028,0,0,61.2
121.76,310.56,668.56,1115.21,150.0,98.0,4.52,1.26,19.77,1757.1,83.8,0,0,0.9154,1.0,1.0,1,1,25.9
2.89,13.52,23.39,86.49,5.8,51.52,1.9,-0.14,15.03,1694.6,37.9,1,1,0.2762,0.323,0.323,0,0,66.1
1.98,9.44,21.1,77.31,10.43,90.09,1.08,-0.03,18.17,904.8,16.7,1,2,0.3354,0.4834,0.4834,0,0,69.0
35.62,89.59,159.07,221.28,35.8,80.25,2.23,0.42,31.89,1343.8,217.4,1,1,0.4681,0.7042,0.7042,0,1,61.9
50.12,139.13,218.58,385.96,64.46,98.0,3.02,0.55,19.12,1272.5,47.1,1,1,0.6137,0.7245,0.7245,1,1,55.3
20.98,53.72,101.12,246.89,28.54,98.0,2.73,0.39,39.52,1315.1,64.5,3,5,0.5301,0.8641,0.8641,0,1,57.6
2.18,18.15,35.85,109.87,16.52,62.9,1.46,-0.18,9.75,1299.8,95.1,2,1,0.2783,0.3279,0.3279,0,0,66.5
10.28,34.97,76.9,183.89,7.53,89.42,2.03,0.01,20.77,2110.7,221.7,1,4,0.3744,0.6305,0.6305,0,1,68.5
26.11,52.76,107.41,183.6,45.66,67.6,2.58,0.41,38.99,1333.5,18.1,2,1,0.4668,0.6624,0.6624,0,1,58.9
30.27,68.81,140.91,294.58,47.41,98.0,1.9,0.4,30.37,1295.2,118.0,1,2,0.49,0.7496,0.7496,0,1,59.3
2.52,14.93,33.61,100.4,4.57,69.12,2.07,-0.14,35.75,798.9,51.9,2,0,0.3298,0.5206,0.5206,0,0,66.3
0.0,2.1,8.57,19.63,0.0,48.72,1.61,-0.04,19.65,2054.2,244.4,2,1,0.2422,0.3341,0.3341,0,0,77.6
24.91,52.1,89.02,175.24,35.7,86.52,2.12,0.24,21.29,1838.8,129.9,0,0,0.4338,0.5214,0.5214,0,0,63.8
136.44,316.81,574.17,1108.0,143.64,98.0,6.2,2.8,39.98,1313.4,18.8,0,2,1.0,1.0,1.0,1,1,18.8
5.87,24.01,36.2,77.91,12.49,72.14,2.01,-0.06,34.98,1495.5,42.3,3,2,0.3607,0.5861,0.5861,0,0,65.2
0.26,3.89,23.14,68.09,0.23,74.91,1.12,-0.18,21.83,2060.2,10.0,0,2,0.2761,0.4727,0.4727,0,0,68.2
15.54,30.9,75.24,169.26,11.26,98.0,1.07,0.05,15.75,1318.0,176.7,0,0,0.363,0.4924,0.4924,0,0,70.4
38.1,84.03,151.79,226.44,44.12,98.0,1.45,0.21,11.83,1531.1,63.9,0,2,0.4678,0.6145,0.6145,0,0,59.6
63.23,160.36,260.81,524.19,104.01,98.0,3.8,1.27,39.03,782.6,10.0,1,0,0.7579,0.9054,0.9054,1,1,38.8
16.68,48.48,102.15,213.0,12.82,98.0,1.86,0.29,33.12,2265.2,10.0,2,3,0.4673,0.7542,0.7542,0,1,59.1
14.45,35.89,67.5,122.74,21.58,80.2,2.49,0.12,29.86,1362.5,373.6,4,1,0.4056,0.576,0.576,0,0,65.3
1.78,5.53,11.68,57.12,11.89,74.0,1.31,-0.15,35.96,1239.1,229.5,3,2,0.2897,0.5691,0.5691,0,0,75.9
15.92,38.88,90.68,165.51,35.88,83.85,1.92,0.13,40.94,1755.0,48.9,2,2,0.4162,0.7331,0.7331,0,1,60.5
9.56,30.1,66.22,134.74,10.22,92.37,2.29,0.13,35.42,1619.1,87.2,1,2,0.4206,0.6829,0.6829,0,1,63.7
18.69,50.67,110.35,228.85,1.63,98.0,2.07,0.06,23.14,1411.5,102.9,0,1,0.427,0.6244,0.6244,0,1,63.0
114.11,295.4,545.13,848.27,109.25,98.0,3.04,0.87,14.35,2271.9,86.9,1,1,0.8012,1.0,1.0,1,1,32.8
5.5,16.23,42.43,104.72,14.21,75.97,1.09,-0.04,33.7,1348.9,44.2,2,1,0.3192,0.5641,0.5641,0,0,71.4
2.0,14.34,43.59,87.52,1.28,80.38,1.2,-0.14,16.88,2397.3,59.4,2,1,0.3135,0.4434,0.4434,0,0,67.6
7.56,23.26,55.17,117.05,19.7,71.79,1.49,0.04,36.17,2052.1,24.0,0,3,0.3241,0.6478,0.6478,0,1,78.5
2.03,10.78,30.98,76.72,6.77,68.0,1.41,-0.15,20.19,2240.5,10.0,1,1,0.2912,0.4198,0.4198,0,0,67.3
3.89,19.61,45.88,83.89,6.47,55.92,0.81,-0.17,13.64,1216.5,20.2,3,0,0.2593,0.3218,0.3218,0,0,71.3
72.6,175.43,336.27,600.65,89.58,98.0,2.34,0.58,17.17,865.9,10.0,4,2,0.6776,0.8827,0.8827,1,1,41.0
11.74,34.52,58.94,136.98,13.42,79.88,1.47,0.08,17.6,1441.7,68.1,3,2,0.3789,0.4965,0.4965,0,0,60.7
15.18,36.86,56.28,96.73,41.42,70.9,1.24,0.13,21.64,1267.1,129.8,2,3,0.3445,0.5304,0.5304,0,0,68.6
41.37,97.28,174.1,282.09,40.49,98.0,2.96,0.36,17.26,850.1,24.0,0,2,0.5634,0.6853,0.6853,0,1,59.7
75.78,198.23,390.34,584.47,59.78,98.0,2.99,0.56,16.12,867.9,91.6,2,1,0.682,0.9104,0.9104,1,1,41.7
17.48,54.99,120.88,272.67,10.24,98.0,1.87,0.06,22.1,1037.5,47.2,2,0,0.4419,0.599,0.599,0,0,60.3
33.48,83.28,154.69,272.15,53.01,98.0,2.76,0.69,39.25,1373.4,15.3,1,2,0.5789,0.8375,0.8375,0,1,54.1
7.92,30.67,59.47,101.04,21.15,69.98,1.92,0.01,10.54,2293.1,16.4,1,3,0.3478,0.4429,0.4429,0,0,65.3
7.3,28.05,73.59,147.91,18.91,89.47,1.86,-0.08,18.66,1835.3,115.5,2,1,0.3746,0.5198,0.5198,0,0,67.1
10.31,32.59,72.58,145.9,31.28,66.71,0.89,-0.05,28.24,1407.4,15.0,3,1,0.3151,0.5314,0.5314,0,0,71.5
22.33,60.27,93.49,144.42,47.97,84.64,1.86,0.43,39.48,2069.0,96.7,0,3,0.4345,0.7571,0.7571,0,1,59.7
22.93,58.66,109.97,195.66,1.5,98.0,2.18,0.16,18.23,1688.0,25.4,1,4,0.4725,0.6746,0.6746,0,1,59.8
7.57,24.43,73.61,133.81,0.0,76.45,2.03,-0.06,20.55,1438.8,241.3,1,5,0.3294,0.6185,0.6185,0,0,73.1
2.86,11.99,22.94,66.01,5.08,56.83,1.55,-0.11,36.73,988.2,10.0,1,1,0.2785,0.511,0.511,0,0,70.3
20.01,58.09,117.44,209.68,42.66,85.29,2.26,0.03,21.41,2279.6,58.7,4,2,0.4531,0.6136,0.6136,0,0,58.8
2.75,15.02,41.06,75.88,10.35,84.74,1.57,0.01,38.66,1779.4,172.0,0,4,0.3214,0.7167,0.7167,0,1,69.4
17.28,43.46,101.39,211.3,26.4,98.0,1.9,0.07,24.39,1474.8,165.9,1,2,0.4178,0.6534,0.6534,0,1,65.4
23.65,57.38,119.3,241.14,19.96,98.0,1.64,0.23,28.49,1473.2,18.8,0,2,0.4479,0.7081,0.7081,0,1,64.1
118.41,322.66,566.61,877.14,115.87,98.0,5.64,1.86,28.19,2012.3,26.3,1,1,1.0,1.0,1.0,1,1,18.2
28.01,71.51,158.71,262.11,27.09,98.0,1.42,0.08,12.3,1046.1,94.8,2,2,0.4445,0.6267,0.6267,0,1,64.9
41.25,109.59,183.85,350.66,40.2,98.0,2.31,0.36,20.78,1438.9,138.3,4,0,0.5595,0.6653,0.6653,0,1,50.1
134.69,356.1,557.86,1091.78,120.23,98.0,3.94,1.14,16.7,854.0,167.5,3,2,0.9293,1.0,1.0,1,1,27.4
26.21,71.29,160.27,334.08,34.83,98.0,1.94,0.39,32.59,881.9,116.3,1,3,0.481,0.821,0.821,0,1,55.6
19.31,49.34,93.27,191.22,31.52,87.39,2.51,0.38,41.61,1618.4,183.4,1,2,0.4553,0.7516,0.7516,0,1,58.4
4.13,15.5,27.25,81.97,12.43,48.05,1.88,-0.07,15.65,1378.3,69.6,2,1,0.2838,0.323,0.323,0,0,72.5
0.52,7.85,17.69,42.61,4.43,43.87,1.86,-0.06,11.29,1937.2,98.7,0,6,0.2409,0.4147,0.4147,0,0,79.5
6.7,27.11,74.49,184.72,19.5,80.47,1.64,-0.11,26.24,2378.1,68.1,2,2,0.3471,0.5863,0.5863,0,0,77.1
11.71,33.84,70.04,137.52,7.56,80.77,1.09,0.1,22.07,2168.1,171.7,1,3,0.333,0.5783,0.5783,0,0,65.1
19.2,56.77,123.43,193.08,14.44,70.13,1.93,-0.02,9.29,1479.1,23.1,0,2,0.3632,0.4815,0.4815,0,0,61.3
37.94,82.62,156.96,264.41,48.4,96.31,2.76,0.71,41.18,1373.5,34.9,0,0,0.5754,0.7909,0.7909,0,1,50.8
4.37,14.1,49.94,90.39,18.63,85.47,1.78,-0.01,41.85,1715.4,217.6,1,1,0.3385,0.6651,0.6651,0,1,70.3
2.68,16.49,40.91,96.85,4.68,86.8,1.95,-0.03,38.61,901.2,150.4,1,1,0.3511,0.632,0.632,0,1,65.2
66.2,174.87,344.03,676.67,109.85,98.0,2.46,0.57,18.1,2379.6,159.4,1,1,0.6162,0.8697,0.8697,1,1,57.4
2.29,17.87,52.93,83.34,0.0,73.63,1.14,-0.03,12.41,2368.6,12.5,2,2,0.3137,0.4301,0.4301,0,0,60.4
13.02,42.82,93.98,164.56,18.17,92.06,1.93,0.04,29.33,2272.9,79.5,6,2,0.4545,0.6673,0.6673,0,1,61.1
17.62,50.24,75.38,154.58,4.86,85.57,1.88,0.07,18.13,1842.6,99.7,2,2,0.4094,0.5368,0.5368,0,0,61.5
15.59,40.36,72.73,100.36,33.71,62.77,1.5,0.01,15.26,1580.1,181.7,3,3,0.3301,0.4767,0.4767,0,0,64.2
89.38,214.87,398.05,613.33,85.97,98.0,4.82,1.55,31.09,1916.0,65.8,0,3,0.8792,1.0,1.0,1,1,33.8
1.17,15.54,35.44,73.48,0.0,47.71,1.73,-0.12,35.01,1268.7,93.4,0,3,0.24,0.547,0.547,0,0,68.7
2.23,18.68,46.05,119.17,3.94,83.13,0.84,-0.1,26.98,2156.2,32.7,2,2,0.3113,0.5649,0.5649,0,0,72.9
17.62,56.31,94.61,185.63,0.0,86.67,1.58,0.08,19.52,972.1,214.1,4,0,0.4039,0.5145,0.5145,0,0,70.5
134.97,292.48,419.3,721.46,135.07,98.0,5.02,1.98,26.45,2075.7,294.3,0,2,1.0,1.0,1.0,1,1,32.8
5.32,18.04,50.0,86.61,1.54,63.78,1.64,-0.11,29.59,2181.3,74.9,2,2,0.3055,0.5364,0.5364,0,0,69.9
20.31,51.6,87.35,171.74,32.65,84.26,1.43,-0.06,9.87,1030.8,69.0,3,2,0.3945,0.4816,0.4816,0,0,65.7
34.3,89.19,144.61,264.39,31.36,91.99,2.66,0.35,23.98,1539.6,47.7,0,0,0.5148,0.6261,0.6261,0,1,59.3
0.85,11.4,22.81,46.68,3.73,37.45,1.5,-0.18,29.54,2221.2,37.2,2,4,0.228,0.4891,0.4891,0,0,77.4
13.79,39.11,94.86,167.54,26.03,94.44,0.96,0.01,12.66,2332.8,96.7,1,1,0.3627,0.5117,0.5117,0,0,67.3
23.38,58.57,96.35,196.3,31.66,98.0,1.46,0.27,24.16,2088.8,22.2,0,1,0.4432,0.6154,0.6154,0,0,66.5
142.96,281.87,456.89,803.66,150.0,98.0,4.69,1.69,20.48,2302.5,106.8,1,5,1.0,1.0,1.0,1,1,21.6
7.36,21.61,51.44,102.54,0.0,59.73,1.31,0.06,39.24,2296.0,98.9,2,0,0.3008,0.5441,0.5441,0,0,70.7
19.02,42.71,78.27,115.16,9.41,85.86,2.08,0.12,25.62,2366.5,142.1,0,1,0.4017,0.571,0.571,0,0,59.8
45.64,110.99,248.33,499.05,49.86,98.0,2.91,0.51,23.35,1432.1,30.7,0,2,0.586,0.8247,0.8247,0,1,58.8
33.21,65.55,122.32,187.45,43.72,89.39,1.55,0.27,16.78,1223.5,145.3,1,2,0.4463,0.594,0.594,0,0,59.2
107.07,228.83,369.78,701.02,115.96,98.0,6.2,2.58,42.47,1794.4,10.0,4,4,1.0,1.0,1.0,1,1,20.6
26.2,66.26,118.4,167.32,34.24,90.64,2.94,0.58,42.6,1061.6,91.7,1,2,0.5311,0.7993,0.7993,0,1,53.0
9.08,36.36,55.42,148.48,26.78,57.43,2.0,-0.01,21.2,1669.1,223.0,0,4,0.2869,0.5182,0.5182,0,0,67.9
20.49,63.67,150.5,317.94,34.15,98.0,2.23,0.45,41.45,1705.8,156.1,1,3,0.4802,0.8799,0.8799,0,1,57.3
12.55,28.91,79.54,155.44,10.01,64.23,1.64,0.05,30.27,2080.6,228.3,1,3,0.3102,0.6092,0.6092,0,0,69.4
4.21,11.93,39.44,107.55,16.83,51.78,1.33,-0.13,36.12,1347.0,19.3,1,0,0.2585,0.4821,0.4821,0,0,64.3
24.2,51.75,126.28,203.81,13.15,77.58,1.51,0.07,11.23,1743.0,152.3,2,2,0.3845,0.5214,0.5214,0,0,65.4
16.26,58.29,120.38,245.14,22.2,98.0,1.08,-0.11,8.77,2240.4,76.0,4,3,0.4029,0.5817,0.5817,0,0,60.7
8.88,31.84,76.48,145.38,15.88,64.94,1.67,-0.01,26.51,1445.9,46.8,3,2,0.342,0.5474,0.5474,0,0,57.3
48.46,114.53,250.65,459.91,38.57,98.0,1.63,0.27,10.73,1693.3,52.8,3,1,0.5394,0.6966,0.6966,0,1,56.0
0.42,13.64,28.83,85.97,29.37,50.13,0.86,-0.13,40.1,2049.2,12.9,1,1,0.225,0.5264,0.5264,0,0,77.9
7.59,25.06,42.28,73.27,19.83,41.15,1.17,-0.1,37.53,1161.9,143.3,3,1,0.2421,0.4971,0.4971,0,0,75.0
1.17,16.36,48.61,104.57,0.0,88.53,1.08,-0.07,33.73,920.6,119.9,2,1,0.3221,0.6072,0.6072,0,0,65.8
29.09,74.6,150.3,224.27,54.77,98.0,1.6,-0.02,9.13,1875.0,19.9,4,1,0.4745,0.5611,0.5611,0,0,57.6
24.22,70.39,152.9,320.32,39.18,98.0,1.63,0.19,24.5,1361.3,94.3,0,0,0.4353,0.6573,0.6573,0,1,58.2
8.05,26.39,53.84,88.68,0.0,63.97,1.76,0.01,10.81,1379.6,16.7,0,4,0.318,0.4514,0.4514,0,0,72.7
22.52,66.82,132.04,247.05,43.65,98.0,2.98,0.38,41.43,2284.7,45.1,3,0,0.5462,0.7672,0.7672,0,1,50.7
10.08,38.88,83.39,134.63,5.76,66.16,1.24,0.1,30.05,1423.0,10.0,0,3,0.3145,0.6176,0.6176,0,0,73.4
28.23,76.46,164.57,275.89,40.44,98.0,1.91,0.15,13.64,2323.6,116.4,1,2,0.4604,0.6446,0.6446,0,1,66.8
12.11,33.11,72.37,136.58,19.17,68.44,1.14,-0.05,28.18,925.5,10.0,0,3,0.3057,0.5955,0.5955,0,0,71.0
10.63,27.42,74.85,163.51,11.4,77.04,1.17,0.01,12.27,1315.9,36.3,3,3,0.3541,0.4953,0.4953,0,0,70.2
54.58,131.13,240.03,448.51,44.54,98.0,2.47,0.42,13.24,1893.4,37.2,2,2,0.5994,0.7337,0.7337,0,1,50.2
5.78,20.28,44.63,91.6,0.54,77.65,1.33,-0.06,10.91,957.9,165.6,2,2,0.3166,0.4193,0.4193,0,0,71.0
2.57,17.51,53.66,134.93,2.42,93.61,1.35,-0.13,39.38,1388.6,71.9,1,2,0.3398,0.7028,0.7028,0,1,69.4
17.57,45.57,97.79,211.85,17.36,98.0,1.41,0.2,27.64,2155.4,102.2,0,1,0.4088,0.6451,0.6451,0,1,64.9
137.18,378.01,657.9,1083.29,150.0,98.0,5.18,1.58,19.8,2006.9,34.4,5,3,1.0,1.0,1.0,1,1,30.3
9.49,28.74,66.84,136.63,0.72,90.21,0.84,-0.04,8.02,1215.5,95.2,1,1,0.3324,0.4285,0.4285,0,0,77.0
1.28,13.76,25.14,75.87,24.25,60.57,1.09,-0.19,24.99,1338.1,19.4,0,3,0.2436,0.4903,0.4903,0,0,73.1
106.36,236.2,434.12,732.93,116.39,98.0,4.49,1.61,26.46,1583.4,585.0,0,3,0.8447,1.0,1.0,1,1,36.3
14.1,43.55,88.58,187.93,2.65,74.45,1.36,-0.06,20.12,1956.6,87.3,3,1,0.3524,0.5077,0.5077,0,0,60.1
3.53,15.53,44.76,83.28,16.38,60.22,1.17,0.01,25.44,1000.6,253.8,0,1,0.2405,0.4568,0.4568,0,0,71.9
131.05,323.2,485.13,715.05,93.54,98.0,2.91,0.87,11.63,1620.6,13.4,1,3,0.8484,1.0,1.0,1,1,35.9
121.93,254.44,452.26,619.54,146.69,98.0,6.2,2.8,41.19,871.0,107.1,1,1,1.0,1.0,1.0,1,1,24.3
12.02,41.66,106.66,240.44,15.2,80.91,1.46,0.07,17.3,1406.4,133.4,1,1,0.352,0.5253,0.5253,0,0,73.6
8.76,25.51,70.36,144.41,7.87,88.3,1.77,0.01,42.15,1065.1,186.7,3,0,0.3807,0.6704,0.6704,0,1,64.2
138.76,335.35,655.53,1042.67,150.0,98.0,5.7,1.94,25.74,1259.9,79.8,3,1,1.0,1.0,1.0,1,1,29.6
2.45,17.15,43.77,133.25,0.0,69.15,1.97,-0.03,38.84,1297.0,10.0,1,0,0.3319,0.5579,0.5579,0,0,64.7
42.96,123.92,213.45,369.13,36.95,98.0,2.63,0.7,28.78,2020.7,36.3,1,2,0.5949,0.8255,0.8255,0,1,54.2
10.72,42.71,92.12,162.7,9.93,69.89,1.37,0.06,38.4,1187.5,39.5,2,0,0.3423,0.6155,0.6155,0,0,70.2
9.8,32.87,53.9,133.07,4.3,81.13,1.2,0.02,8.36,1845.2,46.0,1,0,0.3417,0.36,0.36,0,0,61.1
21.56,71.13,149.83,262.71,43.63,98.0,1.51,0.05,14.71,1629.9,11.6,0,2,0.4204,0.6352,0.6352,0,1,60.9
159.27,408.54,680.09,1166.33,150.0,98.0,4.89,1.77,20.74,2077.0,10.0,2,0,1.0,1.0,1.0,1,1,31.5
20.9,52.11,120.18,219.24,15.69,72.45,1.74,0.06,18.66,1280.6,88.0,2,2,0.3835,0.559,0.559,0,0,67.4
1.27,14.35,24.09,66.55,0.0,62.97,0.5,-0.03,42.08,2391.2,160.2,1,3,0.2299,0.6324,0.6324,0,1,79.9
33.61,71.78,129.15,198.26,30.15,98.0,1.78,0.38,22.21,1238.0,31.4,0,0,0.4923,0.6099,0.6099,0,0,53.4
56.44,112.91,207.8,302.94,55.54,98.0,4.0,1.35,43.0,1706.3,142.0,1,2,0.7405,0.9323,0.9323,1,1,38.0
20.93,52.89,111.89,189.57,19.91,72.99,1.63,0.1,31.44,1793.2,157.6,2,4,0.3738,0.7126,0.7126,0,1,63.0
61.83,123.99,198.95,329.07,87.98,98.0,4.17,1.21,38.08,1638.0,63.6,1,1,0.7581,0.8522,0.8522,1,1,44.6
3.28,12.73,36.13,93.38,26.57,63.39,1.14,-0.08,22.18,2167.1,89.3,2,3,0.2781,0.4891,0.4891,0,0,74.7
101.09,230.89,366.41,594.61,93.06,98.0,3.49,0.75,14.84,936.4,45.2,1,2,0.7819,0.901,0.901,1,1,35.7
18.42,42.89,78.25,165.08,46.42,69.49,1.73,0.06,9.82,1735.5,56.4,2,0,0.3737,0.3687,0.3737,0,0,66.3
17.43,54.42,105.25,214.34,31.35,75.07,2.19,0.21,31.63,1585.4,106.7,1,2,0.403,0.6519,0.6519,0,1,68.5
10.27,33.11,72.34,164.25,4.67,88.97,1.39,0.13,42.98,1438.4,53.9,1,2,0.3784,0.7414,0.7414,0,1,69.9
8.25,31.06,60.59,126.34,29.48,80.56,0.98,0.02,12.26,1321.3,83.4,3,3,0.3428,0.4877,0.4877,0,0,68.3
2.71,12.69,31.2,84.68,11.31,55.68,1.52,0.03,35.78,1002.3,163.4,1,1,0.2679,0.5103,0.5103,0,0,74.8
9.94,24.46,52.43,124.79,24.61,74.12,1.87,0.07,21.13,1822.5,400.9,0,4,0.3046,0.5606,0.5606,0,0,72.6
3.55,10.04,34.75,79.19,15.84,63.09,1.46,0.04,43.76,944.2,266.0,0,2,0.2611,0.6292,0.6292,0,1,68.5
26.51,54.19,96.37,133.25,51.45,88.67,2.65,0.41,39.32,2118.3,295.1,0,2,0.4603,0.7406,0.7406,0,1,57.9
4.68,18.6,42.02,107.62,0.0,82.85,0.5,-0.13,16.31,1488.7,290.6,0,1,0.2443,0.4438,0.4438,0,0,82.7
1.21,15.35,30.17,45.23,14.08,62.65,1.73,-0.15,35.57,1748.9,33.2,1,2,0.2887,0.5568,0.5568,0,0,78.4
106.99,288.4,558.8,954.24,124.9,98.0,5.32,1.97,34.43,878.4,351.2,2,1,0.9693,1.0,1.0,1,1,26.6
84.91,153.89,292.21,552.27,106.06,98.0,4.45,1.59,35.48,904.1,30.2,1,2,0.8709,0.9754,0.9754,1,1,31.1
41.1,88.14,151.59,302.77,50.13,98.0,2.1,0.18,10.98,1139.2,239.6,1,2,0.4878,0.6075,0.6075,0,0,53.9
88.37,185.11,357.43,516.92,107.21,98.0,5.27,1.84,37.14,2036.6,104.4,1,4,0.9308,1.0,1.0,1,1,41.5
8.48,23.1,45.48,90.77,11.03,57.03,1.41,-0.01,17.41,1551.6,218.9,2,0,0.2789,0.3546,0.3546,0,0,71.9
132.41,284.41,496.01,844.73,137.51,98.0,5.55,2.23,29.26,1262.9,483.6,0,3,1.0,1.0,1.0,1,1,28.8
15.54,37.85,77.5,192.72,16.39,77.37,1.34,-0.07,12.15,2151.6,250.2,3,3,0.3383,0.4986,0.4986,0,0,68.0
152.53,300.95,497.43,774.31,150.0,98.0,6.2,2.39,28.09,1066.7,203.5,1,0,1.0,1.0,1.0,1,1,29.1
16.69,39.49,63.3,141.48,22.23,98.0,2.04,0.37,40.63,1178.1,27.8,0,2,0.4613,0.7368,0.7368,0,1,55.3
47.72,95.62,207.77,365.06,60.46,98.0,1.91,0.26,14.38,2031.6,235.9,3,2,0.5248,0.7034,0.7034,0,1,54.2
10.09,33.94,67.53,93.63,18.68,69.78,1.95,0.13,38.78,794.6,21.7,1,1,0.365,0.6182,0.6182,0,0,68.3
7.03,22.44,50.68,109.01,18.45,63.87,0.95,-0.02,23.68,1113.5,86.3,2,2,0.2867,0.4902,0.4902,0,0,77.1
3.1,9.0,33.09,74.41,11.47,49.35,1.43,-0.16,19.6,1610.2,83.7,1,3,0.2429,0.4255,0.4255,0,0,73.1
3.28,17.15,52.59,103.7,18.48,77.77,1.04,0.0,10.06,2259.8,87.8,1,1,0.3041,0.3925,0.3925,0,0,69.9
105.51,265.83,543.94,895.79,132.49,98.0,4.56,1.6,27.03,1188.7,154.1,1,0,0.9117,1.0,1.0,1,1,35.6
18.11,53.44,87.45,151.86,28.25,81.13,2.16,0.13,15.2,1101.6,60.5,3,0,0.4347,0.4556,0.4556,0,0,65.9
1.68,7.94,27.77,82.73,7.07,72.92,1.24,-0.06,41.84,2358.6,73.2,1,2,0.2943,0.6329,0.6329,0,1,71.4
56.12,116.88,175.89,341.03,48.75,98.0,2.8,0.41,16.57,1615.4,129.1,2,3,0.6042,0.712,0.712,1,1,47.6
86.19,206.73,370.72,563.52,118.62,98.0,4.19,1.48,29.12,853.1,137.6,3,0,0.8566,0.9605,0.9605,1,1,40.5
17.67,43.31,85.86,162.17,23.22,89.11,1.65,0.13,28.11,1206.2,69.1,0,1,0.3978,0.6093,0.6093,0,0,59.5
35.26,91.86,185.07,381.03,42.83,98.0,2.15,0.29,20.13,1630.5,10.0,0,2,0.5068,0.7216,0.7216,0,1,62.3
1.67,11.49,35.05,94.17,15.36,61.58,0.81,-0.16,38.67,868.8,36.0,1,1,0.2452,0.5547,0.5547,0,0,70.7
12.96,43.21,72.95,152.37,9.24,86.29,1.55,0.01,14.6,1892.7,345.9,2,3,0.3459,0.5375,0.5375,0,0,65.9
19.89,51.43,90.76,210.97,44.44,73.17,2.31,0.29,37.41,1612.1,314.8,1,3,0.391,0.7051,0.7051,0,1,62.1
35.28,71.94,170.77,284.87,37.28,98.0,2.42,0.18,15.47,1921.0,125.9,1,1,0.5031,0.6369,0.6369,0,1,61.6
30.6,81.0,165.99,346.37,35.41,98.0,1.49,0.09,9.41,1313.9,24.6,1,2,0.4542,0.6125,0.6125,0,0,62.6
6.49,16.93,40.22,88.5,29.72,55.89,0.84,0.06,41.98,1442.9,12.1,1,4,0.2707,0.6615,0.6615,0,1,71.2
56.56,144.67,251.68,401.51,58.58,98.0,2.97,0.9,30.94,2281.4,358.4,1,2,0.6217,0.8895,0.8895,1,1,55.7
2.66,11.3,41.07,91.6,1.42,70.91,1.56,0.01,30.7,1097.6,247.8,2,0,0.3001,0.4943,0.4943,0,0,67.7
95.66,193.2,322.28,424.67,128.59,98.0,3.68,0.96,17.54,815.2,60.9,2,2,0.8057,0.8686,0.8686,1,1,30.8
70.77,189.59,367.66,588.03,31.3,98.0,2.08,0.39,13.01,2370.7,119.2,3,4,0.6184,0.9478,0.9478,1,1,45.8
3.9,9.24,33.06,70.28,7.28,57.49,1.12,-0.09,33.42,762.2,294.6,0,6,0.2176,0.6487,0.6487,0,1,75.3
25.61,64.01,118.97,263.32,36.31,98.0,2.55,0.28,26.67,2215.6,17.8,1,0,0.5086,0.6332,0.6332,0,1,54.4
0.82,7.83,32.31,88.48,10.03,61.21,1.16,-0.15,19.44,2112.9,121.4,0,3,0.2371,0.4564,0.4564,0,0,72.0
10.4,28.87,62.18,119.8,8.83,83.44,1.36,0.07,19.4,1554.6,302.3,1,3,0.3269,0.5549,0.5549,0,0,68.8
14.53,39.63,85.58,148.57,0.39,66.31,1.12,0.22,40.01,1913.8,217.3,3,4,0.3344,0.7304,0.7304,0,1,61.2
17.38,43.92,84.21,170.36,15.58,71.8,1.59,0.1,40.03,923.4,40.6,2,4,0.3766,0.7442,0.7442,0,1,67.4
54.96,150.34,263.79,430.93,52.1,98.0,2.39,0.47,17.89,2010.0,364.5,1,0,0.5483,0.7399,0.7399,0,1,53.1
22.31,56.93,103.23,200.71,36.82,93.41,1.83,0.26,36.59,2043.2,27.3,2,1,0.4655,0.7104,0.7104,0,1,61.8
110.95,262.96,490.32,820.21,116.13,98.0,3.61,0.94,16.16,834.7,28.1,2,3,0.8432,1.0,1.0,1,1,32.1
33.18,84.19,179.12,314.84,53.97,98.0,3.17,0.58,37.09,1570.4,12.2,0,3,0.5761,0.88,0.88,0,1,53.9
60.13,138.75,220.73,422.66,33.84,98.0,2.16,0.38,12.55,2314.4,15.1,2,0,0.5983,0.6445,0.6445,0,1,56.0
0.45,2.03,22.9,78.25,11.48,59.05,0.8,-0.17,35.29,2319.4,172.1,1,2,0.2169,0.5357,0.5357,0,0,78.8
80.94,196.98,293.41,439.63,103.7,98.0,4.33,1.26,28.0,2374.4,38.7,2,0,0.8307,0.8571,0.8571,1,1,29.3
1.8,7.03,16.01,25.11,0.0,44.73,1.47,-0.17,12.23,1833.5,244.0,1,1,0.2088,0.2727,0.2727,0,0,82.8
33.68,90.2,171.34,253.42,29.25,98.0,2.23,0.54,30.17,982.8,233.9,0,1,0.5016,0.7552,0.7552,0,1,58.3
6.58,21.9,59.28,122.08,10.19,80.04,1.5,-0.07,14.93,1431.3,14.9,0,2,0.3303,0.476,0.476,0,0,66.2
2.84,19.13,34.92,95.42,18.53,81.72,1.21,-0.14,14.99,1949.4,91.2,1,5,0.305,0.5414,0.5414,0,0,67.7
96.16,235.31,366.51,691.78,91.56,98.0,3.85,1.21,24.1,1218.3,161.4,2,3,0.826,1.0,1.0,1,1,37.0
20.65,48.06,103.6,192.85,33.7,96.26,2.28,0.35,42.71,2086.7,137.7,0,0,0.4615,0.7378,0.7378,0,1,56.8
9.59,31.57,57.06,96.41,11.83,49.87,1.23,-0.08,40.12,2171.2,13.1,1,5,0.2683,0.6803,0.6803,0,1,72.4
1.12,9.3,17.76,43.63,15.01,45.91,1.64,-0.18,37.75,2009.9,46.6,2,3,0.2525,0.5423,0.5423,0,0,80.7
18.3,60.54,114.01,243.9,20.44,98.0,2.05,0.38,38.64,1314.5,113.6,1,4,0.4647,0.8429,0.8429,0,1,52.5
46.54,97.0,185.24,351.36,30.6,98.0,3.08,0.63,25.9,1973.4,105.3,2,2,0.6184,0.768,0.768,1,1,51.6
9.66,28.21,46.88,105.59,9.28,58.32,1.02,-0.03,21.49,869.3,201.9,1,0,0.2579,0.3925,0.3925,0,0,77.6
4.88,17.71,54.17,119.21,21.23,76.69,1.31,-0.06,39.82,1303.1,10.0,1,3,0.322,0.6895,0.6895,0,1,68.5
91.02,196.81,373.81,766.82,74.76,98.0,2.6,0.45,10.91,2013.2,78.6,2,3,0.6933,0.9086,0.9086,1,1,45.8
0.99,12.16,26.05,61.87,0.0,47.54,1.59,-0.12,43.86,2061.5,226.8,0,0,0.2152,0.5158,0.5158,0,0,77.0
136.24,333.12,683.22,1068.84,139.33,98.0,6.2,2.18,27.91,1276.0,607.3,3,0,1.0,1.0,1.0,1,1,27.6
35.01,66.01,124.8,228.25,32.59,84.38,1.81,0.42,27.46,2334.5,16.5,3,1,0.5035,0.6384,0.6384,0,1,58.5
17.73,51.62,104.58,211.17,32.59,91.46,1.3,0.14,18.51,1200.9,124.6,0,3,0.3807,0.622,0.622,0,1,68.9
8.71,35.74,63.9,147.46,27.77,89.35,0.92,-0.11,14.13,1839.0,10.0,2,0,0.3469,0.4413,0.4413,0,0,70.2
32.17,90.69,181.03,337.13,54.76,98.0,2.27,0.53,32.49,2200.3,51.6,0,1,0.5233,0.7856,0.7856,0,1,59.3
16.18,46.27,98.96,179.19,17.67,83.61,1.79,0.08,21.02,1659.8,70.6,0,6,0.3824,0.7032,0.7032,0,1,65.8
34.97,83.11,169.54,350.26,47.6,98.0,2.19,0.2,18.89,1430.6,50.9,0,0,0.4932,0.6327,0.6327,0,1,53.9
19.96,57.14,83.07,135.11,21.6,79.47,1.39,-0.05,13.84,1098.8,117.5,4,5,0.3855,0.5848,0.5848,0,0,59.1
30.69,71.16,105.61,221.73,32.38,98.0,2.3,0.44,27.26,1074.1,10.0,1,5,0.5268,0.7716,0.7716,0,1,57.6
18.25,43.26,90.05,203.18,29.37,69.92,2.03,0.05,29.18,1012.2,286.7,6,2,0.396,0.5993,0.5993,0,0,63.0
70.71,190.25,411.3,783.57,65.9,98.0,2.44,0.89,23.95,1481.0,46.0,1,2,0.6734,1.0,1.0,1,1,44.7
63.38,119.17,185.0,374.34,73.46,98.0,2.21,0.18,8.43,1654.1,19.6,1,3,0.5781,0.658,0.658,0,1,53.0
15.58,41.97,85.06,209.73,25.33,98.0,1.7,0.15,25.7,2134.4,68.1,2,1,0.4359,0.614,0.614,0,0,59.0
118.53,301.79,473.03,852.33,138.65,98.0,3.49,1.04,17.79,1108.6,86.6,2,2,0.8599,1.0,1.0,1,1,32.9
4.98,22.22,45.66,87.36,8.75,77.35,1.52,-0.11,12.99,1996.1,10.0,2,2,0.338,0.4363,0.4363,0,0,72.1
19.65,63.49,151.32,312.57,23.23,98.0,2.5,0.26,28.79,1895.3,192.6,5,1,0.5066,0.7197,0.7197,0,1,55.9
141.44,305.79,467.02,886.54,110.25,98.0,6.2,2.56,32.16,1797.0,160.5,3,1,1.0,1.0,1.0,1,1,22.8
4.09,17.05,41.36,110.59,15.69,83.21,0.83,-0.12,26.68,1309.9,86.0,4,3,0.3269,0.5869,0.5869,0,0,68.4
1.23,5.35,15.64,62.55,16.1,47.32,1.35,-0.0,30.11,1274.7,24.7,2,2,0.2638,0.4525,0.4525,0,0,77.6
18.54,59.56,96.03,167.49,27.91,92.06,1.52,0.26,29.84,2002.2,313.4,0,5,0.3807,0.7638,0.7638,0,1,61.4
28.85,58.31,85.07,147.6,26.21,96.02,1.78,0.21,12.47,1203.0,189.7,3,2,0.4676,0.5326,0.5326,0,0,66.4
14.82,34.18,91.96,123.88,19.05,84.03,1.2,0.09,15.77,1294.0,31.9,0,2,0.3598,0.5338,0.5338,0,0,66.0
93.96,218.7,370.72,702.87,98.44,98.0,2.54,0.35,8.34,2342.6,159.8,3,2,0.6871,0.8542,0.8542,1,1,48.4
21.96,54.13,110.01,188.97,19.33,93.34,1.99,0.46,43.35,2397.5,12.8,1,2,0.483,0.8026,0.8026,0,1,61.0
1.67,16.74,47.36,90.35,11.24,53.9,1.58,-0.09,15.6,752.8,15.1,1,2,0.2717,0.3936,0.3936,0,0,74.8
11.66,33.83,71.68,140.04,12.7,95.29,1.98,0.15,37.33,1883.2,70.6,1,2,0.4225,0.7131,0.7131,0,1,66.8
3.57,10.04,23.52,73.6,24.15,62.45,1.28,0.01,36.12,1633.6,145.2,3,3,0.2948,0.5826,0.5826,0,0,67.6
4.08,17.71,30.6,74.54,0.0,68.55,2.2,-0.11,33.38,1509.3,299.1,3,1,0.3182,0.5264,0.5264,0,0,70.0
4.52,21.57,52.52,130.18,9.02,86.85,1.53,-0.01,24.19,1204.8,424.8,1,2,0.3025,0.5609,0.5609,0,0,71.8
9.78,21.76,34.12,103.03,2.42,89.54,1.98,-0.02,29.02,1586.8,141.3,4,2,0.4091,0.5846,0.5846,0,0,62.2
1.05,3.37,8.38,61.59,2.21,58.48,0.88,-0.03,14.71,1503.3,183.5,2,2,0.2424,0.3517,0.3517,0,0,74.7
10.14,25.78,54.77,115.98,24.67,71.62,1.82,-0.02,11.82,1412.2,85.7,1,2,0.3407,0.422,0.422,0,0,72.9
14.34,46.62,110.27,223.63,22.89,84.23,1.45,0.02,20.66,2152.2,10.0,2,4,0.3863,0.6559,0.6559,0,1,62.4
13.21,34.08,85.99,193.84,13.19,84.42,1.5,0.19,37.72,1196.6,16.1,3,3,0.412,0.7333,0.7333,0,1,66.7
9.65,27.41,50.47,139.33,0.0,69.44,1.73,0.07,28.3,1735.8,424.0,1,5,0.2942,0.6326,0.6326,0,1,70.6
36.55,82.01,132.82,286.82,45.09,98.0,2.65,0.57,35.5,2176.0,59.9,1,1,0.5644,0.7507,0.7507,0,1,52.3
3.14,11.66,33.07,58.47,10.01,65.49,1.11,-0.04,40.05,2365.4,177.3,2,3,0.2737,0.6342,0.6342,0,1,71.1
14.09,44.82,111.04,165.83,30.14,98.0,1.87,0.05,28.18,1744.5,29.9,2,3,0.4349,0.7256,0.7256,0,1,58.6
1.28,6.83,33.48,58.57,0.0,53.79,1.37,-0.19,21.22,1608.1,91.3,0,0,0.2315,0.3613,0.3613,0,0,76.5
1.48,16.61,46.88,102.44,0.0,89.32,1.47,-0.04,38.8,2136.8,19.9,2,4,0.3588,0.7378,0.7378,0,1,58.1
17.06,47.12,103.04,201.15,40.37,74.48,1.62,0.05,16.27,1060.9,198.5,2,5,0.3575,0.6146,0.6146,0,0,64.6
16.7,41.28,86.4,182.73,20.38,88.68,1.29,0.04,8.89,1789.5,22.1,1,2,0.385,0.4851,0.4851,0,0,65.1
42.08,91.55,152.95,263.31,65.07,98.0,2.11,0.14,9.82,855.9,146.9,3,3,0.5192,0.6299,0.6299,0,1,52.2
16.32,54.17,101.8,205.85,6.44,97.61,2.09,0.23,28.96,1839.0,19.6,0,2,0.449,0.6894,0.6894,0,1,61.3
124.3,291.22,536.58,1089.18,150.0,98.0,6.2,2.8,40.12,2063.1,204.9,3,2,1.0,1.0,1.0,1,1,26.2
1.0,15.15,22.8,58.25,13.43,58.81,0.84,-0.14,28.31,854.0,83.9,2,1,0.2437,0.449,0.449,0,0,74.7
2.06,9.06,35.11,112.45,7.15,90.44,0.75,-0.06,22.73,2149.9,63.8,1,2,0.3125,0.538,0.538,0,0,69.7
0.9,10.38,38.26,71.77,0.0,77.87,1.6,-0.03,28.77,953.5,49.3,1,0,0.3252,0.495,0.495,0,0,69.1
4.1,23.29,50.78,104.72,1.28,72.33,1.59,-0.0,32.16,1040.1,139.7,2,3,0.3212,0.6119,0.6119,0,0,71.1
15.59,49.73,93.33,183.93,30.38,89.68,1.59,0.26,35.31,2130.1,11.1,1,2,0.4213,0.7076,0.7076,0,1,71.1
20.75,56.0,117.33,266.68,8.9,98.0,2.3,0.2,20.5,955.8,232.7,3,2,0.4691,0.6418,0.6418,0,1,59.1
0.93,12.01,42.91,120.84,31.02,64.93,1.27,-0.14,21.93,1861.9,171.9,1,4,0.2546,0.5297,0.5297,0,0,68.2
130.2,330.21,487.1,696.35,119.4,98.0,2.77,0.51,8.85,1236.4,56.0,1,1,0.7973,0.9706,0.9706,1,1,38.3
36.92,90.25,170.09,233.69,36.15,98.0,3.23,0.49,31.39,1159.8,456.0,4,1,0.5599,0.7634,0.7634,0,1,56.4
7.04,21.62,41.63,106.39,15.78,64.78,1.41,-0.1,35.96,1822.8,214.1,2,1,0.2844,0.55,0.55,0,0,72.9
1.61,4.92,11.56,66.19,7.2,70.23,1.38,-0.06,26.39,926.2,37.9,2,1,0.3085,0.4519,0.4519,0,0,75.2
3.72,12.73,39.53,88.02,19.52,78.33,1.33,0.02,21.56,1698.1,262.4,1,2,0.2984,0.5001,0.5001,0,0,67.5
2.72,9.86,28.89,90.71,0.0,52.7,1.12,-0.1,19.99,2275.5,12.5,2,2,0.2605,0.4028,0.4028,0,0,73.0
2.63,19.48,57.21,151.82,9.3,98.0,1.12,0.03,31.22,2154.8,140.4,0,5,0.3366,0.7441,0.7441,0,1,64.4
14.62,47.26,83.25,145.84,10.95,73.62,1.01,-0.01,19.91,2154.3,16.9,1,1,0.33,0.4971,0.4971,0,0,72.8
5.64,16.85,47.32,72.52,14.5,64.43,1.99,-0.08,29.57,1249.8,447.2,1,2,0.2669,0.5348,0.5348,0,0,73.3
8.87,32.13,75.09,185.66,4.83,87.62,1.91,0.16,41.37,1907.1,10.0,2,4,0.415,0.7881,0.7881,0,1,55.1
91.14,231.62,443.92,743.75,112.24,98.0,3.81,0.91,19.9,2037.2,31.8,2,1,0.8001,1.0,1.0,1,1,34.6
23.06,48.67,98.95,223.25,33.04,98.0,1.22,0.09,10.46,2237.3,90.6,2,1,0.4245,0.509,0.509,0,0,62.1
59.51,131.95,220.14,400.81,53.58,98.0,3.56,1.3,39.46,1185.8,105.2,1,0,0.7288,0.8592,0.8592,1,1,34.9
3.08,7.99,18.52,26.94,0.0,46.92,1.62,0.0,17.85,2005.4,86.3,1,3,0.2616,0.3868,0.3868,0,0,68.1
9.63,33.25,62.41,108.21,19.87,59.54,1.75,0.06,43.59,1133.3,161.7,1,2,0.3077,0.6517,0.6517,0,1,63.7
16.18,41.94,83.67,166.76,12.39,70.99,2.27,0.2,38.24,795.9,10.0,2,1,0.4165,0.637,0.637,0,1,63.2
1.6,5.71,16.1,26.31,12.96,65.97,1.75,-0.11,23.37,1545.0,99.6,0,1,0.2822,0.4213,0.4213,0,0,73.1
0.08,2.58,24.5,64.08,0.0,56.46,1.42,-0.05,30.62,2013.7,114.5,0,1,0.247,0.4629,0.4629,0,0,70.1
22.2,68.38,106.43,193.24,40.77,74.71,2.22,0.06,17.99,1103.7,28.1,1,4,0.4105,0.6032,0.6032,0,0,62.0
20.53,56.43,111.93,253.58,29.96,98.0,1.83,0.07,11.03,830.2,129.2,3,1,0.4484,0.5294,0.5294,0,0,65.2
10.58,34.67,61.87,165.46,17.97,68.07,1.78,0.07,26.93,1366.8,127.4,0,1,0.3251,0.5116,0.5116,0,0,65.9
13.45,43.42,61.78,133.02,13.47,80.0,1.16,0.0,23.29,1084.7,90.6,2,3,0.3493,0.5758,0.5758,0,0,61.4
10.74,27.6,49.18,115.89,13.65,86.52,2.16,0.18,42.92,1380.4,36.0,0,2,0.4062,0.7057,0.7057,0,1,60.4
128.95,286.12,537.1,971.5,107.24,98.0,5.4,2.2,29.51,2269.4,64.7,0,1,1.0,1.0,1.0,1,1,26.6
8.17,20.89,49.69,96.72,4.42,64.09,1.16,-0.08,34.9,1977.4,38.2,1,4,0.2898,0.6393,0.6393,0,1,73.7
3.9,11.35,31.99,91.16,16.04,53.18,1.37,-0.16,12.87,1365.4,176.2,0,2,0.2287,0.3509,0.3509,0,0,79.7
2.07,14.13,54.23,128.17,3.63,96.28,1.32,-0.06,34.05,1286.3,115.7,2,3,0.3549,0.6983,0.6983,0,1,59.1
62.8,143.48,270.62,567.01,66.31,98.0,1.8,0.36,10.03,2270.0,19.7,4,1,0.6054,0.7154,0.7154,1,1,53.3
18.29,49.03,82.5,196.26,21.28,86.06,1.87,0.18,30.07,2216.6,100.6,0,2,0.4023,0.6424,0.6424,0,1,59.6
26.09,72.13,118.44,251.18,24.93,98.0,2.58,0.58,38.19,1746.7,280.3,1,2,0.5062,0.7847,0.7847,0,1,61.1
7.58,25.38,68.16,134.95,13.06,83.8,2.21,-0.07,25.39,1340.0,214.6,3,3,0.3761,0.6111,0.6111,0,0,66.5
9.99,34.51,87.11,154.43,6.75,71.06,1.15,-0.02,15.74,2057.4,266.2,0,4,0.2751,0.5514,0.5514,0,0,70.8
5.41,17.32,50.31,111.83,9.83,51.39,1.28,-0.0,23.97,1845.2,298.7,3,2,0.2532,0.4572,0.4572,0,0,70.6
2.04,10.96,23.53,88.74,2.59,55.74,0.72,-0.13,38.28,1681.7,25.0,3,0,0.2538,0.4911,0.4911,0,0,64.9
110.13,269.07,447.44,643.97,117.81,98.0,5.57,2.15,33.72,1968.6,152.6,3,4,1.0,1.0,1.0,1,1,22.6
31.94,73.48,125.65,223.36,43.36,98.0,1.91,0.42,29.8,971.9,124.1,2,0,0.5059,0.6663,0.6663,0,1,55.5
22.64,66.84,128.39,286.13,10.93,98.0,2.42,0.31,32.98,2284.7,10.0,1,2,0.4995,0.7551,0.7551,0,1,61.1
101.19,214.96,412.37,842.75,102.06,98.0,5.17,2.23,38.03,2355.3,180.7,0,0,0.9772,1.0,1.0,1,1,27.2
12.89,49.02,97.03,145.32,22.85,60.38,1.6,-0.07,13.47,1334.8,27.9,2,1,0.3255,0.4254,0.4254,0,0,68.2
51.13,98.56,164.05,357.47,52.95,98.0,3.11,1.0,38.31,2312.2,298.7,1,2,0.6314,0.8414,0.8414,1,1,62.4
1.51,15.39,39.13,101.47,15.39,68.96,0.92,-0.13,37.04,2063.1,216.4,0,3,0.2343,0.6272,0.6272,0,1,71.5
6.59,21.19,47.22,114.42,0.0,59.37,2.01,-0.06,25.19,2302.7,175.8,3,3,0.3166,0.5155,0.5155,0,0,71.9
8.61,23.29,60.52,91.34,0.0,67.29,1.11,0.06,22.5,2263.8,143.2,5,2,0.3357,0.5024,0.5024,0,0,77.0
30.5,75.84,125.02,287.3,11.79,98.0,2.56,0.71,41.57,1081.5,76.2,3,4,0.5766,0.8798,0.8798,0,1,53.8
97.9,245.92,525.22,962.34,111.68,98.0,5.08,2.1,37.5,1179.0,191.8,2,2,0.9705,1.0,1.0,1,1,26.7
5.51,27.35,40.39,67.54,10.76,69.97,1.06,-0.09,43.59,1180.0,205.3,2,1,0.2787,0.624,0.624,0,1,72.7
41.48,95.95,138.92,217.39,49.62,96.6,3.6,0.73,31.1,905.6,12.4,2,1,0.6473,0.7191,0.7191,1,1,48.6
35.51,89.92,142.03,215.63,45.74,98.0,1.71,0.08,9.13,1406.2,48.2,3,1,0.4922,0.5511,0.5511,0,0,54.8
5.09,14.58,42.39,109.62,0.0,66.1,0.67,-0.15,13.54,1348.3,45.7,2,2,0.2669,0.4052,0.4052,0,0,78.6
10.19,27.76,47.0,105.55,5.69,62.37,1.61,0.06,37.53,1317.5,16.0,1,0,0.3275,0.5323,0.5323,0,0,72.3
10.54,29.09,65.99,127.04,12.77,77.5,1.65,-0.02,31.0,1325.8,446.5,0,2,0.288,0.6057,0.6057,0,0,70.3
76.54,186.17,339.39,685.42,80.44,98.0,2.62,0.62,15.13,852.4,105.1,3,2,0.6809,0.8703,0.8703,1,1,44.6
3.99,16.29,32.16,107.22,11.36,64.25,1.54,-0.08,8.43,1056.9,106.9,1,4,0.2882,0.4066,0.4066,0,0,71.9
32.1,85.83,176.71,357.78,73.71,98.0,1.78,0.21,17.46,1238.2,57.8,0,3,0.4681,0.7201,0.7201,0,1,61.8
8.14,28.33,59.53,120.48,0.47,62.63,1.8,-0.09,12.95,2216.8,175.7,2,1,0.3057,0.3817,0.3817,0,0,73.9
26.25,69.32,124.46,209.73,39.37,98.0,1.89,0.53,39.54,2278.8,77.5,1,0,0.4979,0.7429,0.7429,0,1,56.0
10.89,25.43,66.32,130.48,26.8,94.13,1.9,0.15,39.78,1220.6,162.7,0,1,0.3923,0.6929,0.6929,0,1,60.5
17.27,36.69,87.52,141.43,35.03,91.36,1.97,0.24,38.32,1895.4,252.5,1,2,0.4122,0.7294,0.7294,0,1,63.5
35.75,90.38,189.57,395.41,28.54,98.0,2.07,0.07,11.41,2153.5,128.4,3,1,0.4967,0.6273,0.6273,0,1,60.2
32.61,67.08,116.22,229.18,20.66,98.0,2.16,0.18,12.86,1585.2,117.1,1,1,0.4852,0.5493,0.5493,0,0,60.3
40.26,80.75,140.05,258.89,56.22,98.0,1.58,0.19,12.88,1996.6,185.5,1,4,0.4711,0.6686,0.6686,0,1,57.3
1.23,15.51,48.1,112.68,8.95,78.98,0.56,-0.14,17.3,2360.2,83.9,0,2,0.2562,0.4784,0.4784,0,0,71.7
23.56,70.88,138.89,279.36,31.98,98.0,1.8,-0.05,10.62,1017.7,200.3,0,0,0.4034,0.5291,0.5291,0,0,61.7
3.02,17.87,41.12,92.64,22.11,55.97,1.85,0.02,43.34,866.2,11.6,3,2,0.3234,0.6137,0.6137,0,0,70.0
145.23,291.18,547.07,1099.84,144.78,98.0,6.2,2.8,38.79,1806.0,33.2,4,2,1.0,1.0,1.0,1,1,16.1
15.91,45.18,76.13,141.16,6.48,98.0,1.92,0.09,10.49,1589.0,310.2,0,2,0.3884,0.5114,0.5114,0,0,68.2
10.31,34.91,93.26,172.25,20.76,78.44,1.6,0.02,13.17,1239.4,22.5,4,0,0.3886,0.439,0.439,0,0,62.6
14.66,49.01,84.79,149.52,28.61,90.11,1.32,0.03,17.44,2262.4,72.4,0,1,0.3671,0.5255,0.5255,0,0,58.0
113.25,310.88,452.61,671.18,101.8,98.0,5.88,2.36,35.9,2145.6,78.6,1,2,1.0,1.0,1.0,1,1,25.9
2.91,10.68,18.98,41.49,0.0,67.78,1.63,-0.01,33.71,1186.3,64.9,2,3,0.3193,0.5727,0.5727,0,0,68.7
22.51,60.84,104.54,211.09,26.85,98.0,1.93,0.37,30.7,2027.4,242.0,0,4,0.4429,0.7678,0.7678,0,1,54.3
10.08,24.37,40.66,77.39,22.54,53.91,0.94,-0.04,40.84,2116.9,166.2,3,3,0.269,0.6174,0.6174,0,0,70.8
2.85,14.88,50.92,81.07,0.0,64.01,1.3,-0.16,9.31,1286.8,199.4,1,2,0.2528,0.3759,0.3759,0,0,78.6
3.46,7.18,30.83,67.67,10.19,64.89,0.83,-0.07,13.81,913.6,569.3,0,4,0.1851,0.4498,0.4498,0,0,75.2
59.63,139.65,239.42,456.23,78.0,98.0,2.72,0.45,14.83,2153.2,441.8,2,3,0.572,0.7757,0.7757,0,1,53.3
42.34,79.23,161.34,263.86,64.79,96.16,2.42,0.06,10.15,909.7,267.2,0,1,0.4758,0.5776,0.5776,0,0,66.5
47.51,125.33,188.84,294.33,51.89,98.0,3.11,0.72,30.26,1539.7,100.1,0,2,0.6112,0.8073,0.8073,1,1,53.3
95.43,197.18,334.82,538.72,88.97,98.0,3.03,0.84,15.55,1070.7,43.0,3,1,0.7772,0.838,0.838,1,1,44.9
4.67,19.94,55.14,104.25,16.66,57.3,1.43,-0.12,25.37,2280.3,154.4,2,5,0.2687,0.5808,0.5808,0,0,74.3
138.26,294.77,472.72,746.95,150.0,98.0,6.2,2.59,32.68,926.7,357.8,1,0,1.0,1.0,1.0,1,1,21.1
22.13,60.89,124.75,222.26,20.02,98.0,2.34,0.21,29.43,942.9,555.4,0,2,0.4017,0.7223,0.7223,0,1,64.2
13.23,44.07,90.62,182.67,39.34,98.0,2.16,0.04,18.44,1907.9,114.0,1,1,0.423,0.5627,0.5627,0,0,64.0
10.84,23.17,55.99,117.47,15.38,88.85,1.52,-0.01,22.91,1089.2,144.8,2,2,0.3701,0.5605,0.5605,0,0,63.7
98.91,254.98,496.99,742.79,100.97,98.0,3.67,1.03,20.23,968.4,39.2,1,1,0.814,1.0,1.0,1,1,35.0
18.02,52.88,121.9,207.06,27.69,92.6,1.42,0.38,38.69,1027.5,27.0,0,2,0.4259,0.7778,0.7778,0,1,64.7
17.14,48.09,104.62,170.3,34.61,80.99,1.39,0.05,23.12,1733.2,122.2,1,2,0.361,0.5996,0.5996,0,0,62.9
3.52,21.68,47.02,74.45,29.0,51.7,1.22,-0.04,10.22,1117.3,30.6,0,1,0.2491,0.314,0.314,0,0,72.2
12.76,40.8,97.27,199.59,26.19,98.0,2.04,0.07,30.3,1372.4,60.4,1,3,0.4278,0.7257,0.7257,0,1,63.6
16.13,41.39,82.95,169.01,12.82,96.05,1.05,0.08,15.12,2152.1,81.4,3,2,0.4053,0.5512,0.5512,0,0,57.8
16.89,41.69,68.2,129.86,45.26,61.52,1.83,0.11,20.19,1039.9,323.8,2,5,0.3263,0.5671,0.5671,0,0,65.1
79.27,191.46,376.43,614.73,57.94,98.0,3.1,0.8,19.8,2113.4,455.6,1,1,0.6611,0.9229,0.9229,1,1,47.7
27.12,75.15,149.0,310.07,22.26,98.0,1.84,-0.03,10.61,2029.4,34.1,3,2,0.4676,0.6014,0.6014,0,0,66.3
76.46,157.39,342.52,514.55,87.96,98.0,4.65,1.89,42.23,2121.4,17.0,1,3,0.8905,1.0,1.0,1,1,28.7
8.76,33.27,75.7,123.37,8.63,68.69,1.23,0.1,27.69,1322.6,30.6,2,3,0.3332,0.5964,0.5964,0,0,67.0
30.3,82.11,155.66,285.69,44.76,98.0,2.05,0.21,13.62,1529.4,87.8,1,1,0.4814,0.6037,0.6037,0,0,57.5
16.6,53.91,110.9,178.58,24.44,84.92,1.52,0.21,28.01,1916.6,183.3,3,1,0.4026,0.6274,0.6274,0,1,73.6
6.05,27.73,55.26,143.2,12.53,60.56,1.54,-0.09,24.26,811.8,88.6,4,1,0.3157,0.4612,0.4612,0,0,71.3
78.48,181.86,285.0,386.08,80.18,98.0,3.65,0.82,20.42,1845.2,324.6,1,2,0.7028,0.8461,0.8461,1,1,44.1
16.76,49.08,90.02,169.06,22.0,76.24,2.32,0.18,25.01,948.2,121.7,0,0,0.3939,0.5236,0.5236,0,0,64.8
122.46,268.29,460.59,854.93,149.21,98.0,5.64,2.29,32.11,1225.3,79.3,1,2,1.0,1.0,1.0,1,1,22.9
26.56,69.28,120.54,205.1,14.56,85.46,1.98,0.05,15.18,2086.1,176.5,3,1,0.4345,0.5381,0.5381,0,0,59.9
18.84,44.01,84.69,121.94,38.79,79.73,1.9,0.2,27.36,1798.4,368.7,2,3,0.3781,0.6357,0.6357,0,1,67.5
13.4,38.44,90.55,175.52,17.29,92.96,2.07,0.25,37.27,1776.1,48.6,2,5,0.4484,0.8191,0.8191,0,1,66.2
2.86,13.74,20.93,67.15,2.08,61.72,1.23,0.01,16.01,1124.4,38.6,3,6,0.3029,0.5065,0.5065,0,0,70.6
6.06,22.67,59.89,153.63,0.0,68.23,1.56,-0.09,26.56,1852.0,28.8,1,1,0.3114,0.5067,0.5067,0,0,80.4
74.65,146.76,307.44,483.15,60.9,98.0,5.08,1.69,42.77,967.3,92.1,1,2,0.8746,1.0,1.0,1,1,32.6
100.32,261.81,550.35,1000.92,129.86,98.0,6.19,2.0,36.82,2341.9,75.8,3,1,1.0,1.0,1.0,1,1,25.0
137.79,351.85,635.48,1147.95,123.72,98.0,6.12,2.37,29.35,1166.9,34.1,1,3,1.0,1.0,1.0,1,1,24.0
6.8,19.81,44.77,132.52,16.45,73.31,1.51,0.05,34.97,2114.1,153.5,0,5,0.3105,0.6897,0.6897,0,1,66.4
0.13,10.21,28.5,71.66,0.0,58.17,1.82,-0.16,26.92,2268.2,42.4,2,3,0.2874,0.5031,0.5031,0,0,71.1
13.71,42.69,113.06,216.41,23.2,97.51,2.11,0.19,43.52,1033.5,169.5,1,1,0.4296,0.7893,0.7893,0,1,65.1
6.73,17.57,44.4,118.31,7.35,59.62,0.84,-0.0,14.09,766.1,219.1,1,1,0.246,0.3639,0.3639,0,0,70.4
26.53,68.7,125.21,265.11,26.65,98.0,2.39,0.37,33.9,2192.6,241.3,2,1,0.4934,0.7287,0.7287,0,1,64.2
0.48,3.18,8.79,27.03,0.0,62.74,0.78,-0.06,8.21,2010.6,19.0,3,2,0.2752,0.3121,0.3121,0,0,76.9
17.58,42.3,80.06,139.73,9.55,60.09,1.52,-0.12,12.53,1004.5,43.8,1,2,0.316,0.4263,0.4263,0,0,74.0
56.77,124.12,191.27,403.6,63.63,98.0,4.03,0.95,33.99,2120.1,89.1,1,2,0.71,0.8401,0.8401,1,1,46.9
96.49,207.33,413.25,779.74,103.12,98.0,5.26,1.83,35.34,2087.3,224.2,5,2,0.9736,1.0,1.0,1,1,25.0
12.76,32.48,64.87,116.15,22.44,66.37,1.51,-0.05,9.42,1511.1,61.5,5,2,0.3621,0.4005,0.4005,0,0,66.7
1.92,15.57,47.23,97.07,9.31,56.95,1.88,-0.09,20.02,2312.3,129.4,0,1,0.2671,0.4073,0.4073,0,0,77.7
19.65,57.57,94.6,190.31,30.64,76.74,1.93,-0.03,12.25,1710.5,72.7,1,4,0.3817,0.5485,0.5485,0,0,65.6
15.99,48.88,110.32,183.14,7.88,98.0,1.76,0.34,40.05,1480.8,10.0,5,5,0.4969,0.8796,0.8796,0,1,53.1
10.46,31.22,59.37,98.27,17.55,85.52,1.45,0.02,24.34,771.8,45.6,2,0,0.3746,0.5067,0.5067,0,0,66.7
14.74,43.28,75.87,134.74,28.9,76.46,1.95,0.01,23.93,2322.1,169.6,2,3,0.3699,0.5883,0.5883,0,0,65.9
45.38,125.57,254.41,456.25,51.84,98.0,2.32,0.99,37.66,961.8,157.3,2,2,0.6107,0.9466,0.9466,1,1,44.5
4.37,9.65,35.03,80.95,8.49,81.59,1.47,0.03,33.03,1238.7,258.2,0,4,0.304,0.6555,0.6555,0,1,72.5
0.46,7.29,27.54,88.14,0.0,81.08,1.8,-0.16,41.2,1953.6,107.8,1,2,0.3193,0.6503,0.6503,0,1,69.6
39.56,117.81,222.01,461.64,50.59,98.0,2.87,0.89,41.79,758.8,174.5,4,2,0.6279,0.9401,0.9401,1,1,48.4
17.21,48.81,109.45,201.01,25.12,70.66,1.88,0.11,19.27,1645.3,64.4,2,2,0.3844,0.5458,0.5458,0,0,58.6
44.27,93.96,206.39,403.05,69.9,98.0,2.67,0.76,31.34,1012.2,51.6,4,1,0.6337,0.8074,0.8074,1,1,53.5
18.17,35.9,61.07,123.66,29.76,79.57,1.47,0.09,27.5,787.2,49.8,1,1,0.3788,0.5475,0.5475,0,0,61.9
33.23,68.51,122.24,212.73,40.27,94.97,2.49,0.43,29.45,1808.7,20.8,1,2,0.5331,0.7109,0.7109,0,1,64.8
11.23,31.83,50.41,81.17,12.68,69.07,1.55,0.02,30.51,1744.9,69.1,1,2,0.3319,0.5591,0.5591,0,0,71.9
27.71,59.85,88.83,177.78,23.84,98.0,1.94,0.08,10.16,1961.6,199.7,1,0,0.4429,0.4643,0.4643,0,0,66.6
138.7,378.44,593.59,1013.59,102.35,98.0,6.2,2.8,40.22,1770.1,10.0,1,4,1.0,1.0,1.0,1,1,25.6
16.98,53.23,121.08,246.17,16.66,98.0,1.79,-0.02,13.05,1479.3,102.6,1,2,0.4119,0.5868,0.5868,0,0,64.6
137.09,332.15,537.44,917.86,150.0,98.0,5.16,1.73,23.28,1539.7,22.8,0,3,1.0,1.0,1.0,1,1,23.8
6.26,12.42,29.79,102.33,13.19,66.39,1.42,-0.11,18.51,1113.2,163.6,1,0,0.2818,0.3704,0.3704,0,0,72.7
4.43,14.55,33.09,90.99,11.98,76.62,1.19,0.0,27.93,888.1,18.1,2,3,0.3302,0.5685,0.5685,0,0,64.8
5.67,22.78,70.75,134.11,0.0,67.52,1.47,-0.08,42.61,2170.4,21.5,1,2,0.3068,0.6764,0.6764,0,1,60.3
92.12,201.5,376.72,595.31,108.65,98.0,3.83,1.17,22.85,1890.7,10.0,2,1,0.8316,0.9476,0.9476,1,1,35.6
16.2,42.88,78.29,135.21,22.79,93.32,1.4,0.21,29.71,952.8,70.2,0,0,0.4,0.5947,0.5947,0,0,57.2
17.73,39.89,95.08,133.6,12.86,98.0,2.4,0.0,13.08,1186.0,125.1,2,2,0.4506,0.5553,0.5553,0,0,61.5
11.12,39.13,87.26,188.58,25.75,98.0,2.0,-0.03,24.67,2174.3,40.9,1,2,0.4138,0.6384,0.6384,0,1,61.3
135.59,323.89,561.46,1065.59,150.0,98.0,6.2,2.8,40.97,2333.7,10.0,2,2,1.0,1.0,1.0,1,1,24.6
1.7,16.53,49.64,99.11,1.23,70.64,1.7,-0.01,41.57,2055.4,323.7,1,0,0.2814,0.591,0.591,0,0,69.8
1.84,19.41,49.22,101.13,8.45,63.37,1.47,0.01,27.67,1690.4,236.4,0,2,0.2586,0.519,0.519,0,0,77.4
137.3,277.97,523.9,828.53,119.36,98.0,6.2,2.79,35.67,2184.1,74.6,3,1,1.0,1.0,1.0,1,1,21.6
14.6,42.13,99.9,170.61,0.0,81.35,1.44,-0.12,8.12,1784.2,208.0,2,2,0.3395,0.4748,0.4748,0,0,72.9
4.82,17.79,53.47,100.34,29.18,56.73,1.13,-0.14,27.13,1904.0,193.8,0,5,0.2275,0.5913,0.5913,0,0,76.0
6.66,20.6,55.32,112.55,14.41,66.32,1.57,-0.06,34.37,2114.5,99.0,2,2,0.3128,0.5883,0.5883,0,0,64.7
10.23,29.22,66.62,172.82,21.99,82.87,0.7,0.05,19.88,1334.1,89.8,1,1,0.3219,0.5025,0.5025,0,0,66.9
33.41,82.07,131.57,272.5,24.19,92.16,3.18,0.65,40.44,2044.5,126.3,4,2,0.5957,0.8024,0.8024,0,1,45.2
0.28,3.34,21.98,60.5,0.0,49.82,1.82,-0.02,36.07,1091.5,153.7,2,3,0.2687,0.5449,0.5449,0,0,67.0
20.96,57.11,102.15,160.02,24.5,98.0,1.95,0.32,35.71,1070.5,206.3,2,2,0.4597,0.7449,0.7449,0,1,57.9
22.11,57.13,121.57,234.88,21.78,98.0,1.44,-0.08,8.76,2088.7,102.5,3,1,0.4232,0.5231,0.5231,0,0,64.3
32.05,73.36,131.66,255.98,12.24,98.0,1.94,0.13,14.62,1680.3,164.6,1,2,0.4626,0.6123,0.6123,0,0,67.3
53.99,116.63,199.78,398.98,68.03,98.0,3.56,0.98,33.69,1432.9,24.6,1,1,0.6938,0.8181,0.8181,1,1,46.2
0.41,11.78,29.74,65.21,0.0,51.16,1.35,-0.13,28.22,1613.7,164.5,1,1,0.2286,0.4354,0.4354,0,0,74.3
3.34,12.52,26.69,96.39,0.0,76.73,0.5,-0.07,28.82,2363.6,10.0,2,3,0.291,0.5681,0.5681,0,0,68.4
43.46,125.73,206.31,340.98,52.1,98.0,1.37,0.09,8.53,2225.4,128.9,2,1,0.4767,0.6248,0.6248,0,1,48.9
12.27,38.67,92.74,148.62,22.84,82.58,1.98,0.13,23.91,1587.5,149.6,2,0,0.3936,0.5359,0.5359,0,0,61.4
16.63,34.58,73.33,146.06,11.84,83.33,2.01,0.18,36.31,1652.9,411.4,2,1,0.3769,0.6435,0.6435,0,1,65.3
105.77,238.9,402.49,772.79,108.28,98.0,4.74,1.87,31.89,1763.5,65.7,3,3,0.9788,1.0,1.0,1,1,28.9
22.73,55.96,113.81,228.57,39.34,98.0,1.56,0.18,28.61,2054.9,14.5,0,2,0.4384,0.7024,0.7024,0,1,64.7
53.69,111.49,177.13,273.09,41.41,98.0,3.44,1.03,33.08,2191.8,48.9,2,1,0.6994,0.7855,0.7855,1,1,42.1
115.85,273.6,497.09,980.9,116.74,98.0,6.2,2.56,38.64,991.8,65.2,2,3,1.0,1.0,1.0,1,1,28.1
88.94,168.55,274.99,511.29,102.98,98.0,5.31,1.85,38.58,1786.5,176.4,4,1,0.9551,0.9492,0.9551,1,1,36.6
6.77,18.03,47.06,77.05,19.89,69.63,1.75,-0.01,24.42,1124.9,24.7,1,1,0.3334,0.4778,0.4778,0,0,75.2
116.91,275.55,463.68,912.72,150.0,98.0,3.98,1.11,19.08,1775.9,22.3,1,2,0.8829,1.0,1.0,1,1,39.6
1.01,13.09,32.86,64.0,11.53,73.86,1.03,-0.01,21.19,1032.7,29.8,1,4,0.2962,0.5365,0.5365,0,0,68.9
152.93,283.6,527.91,954.59,150.0,98.0,6.17,2.4,26.77,2083.1,31.5,0,4,1.0,1.0,1.0,1,1,20.4
45.54,135.62,271.88,456.08,53.04,98.0,1.89,0.15,11.22,1840.5,308.9,0,4,0.4677,0.8164,0.8164,0,1,54.6
5.92,16.39,35.2,76.15,0.0,69.45,1.51,-0.12,29.28,2178.9,21.0,0,2,0.3002,0.5317,0.5317,0,0,72.6
4.99,19.27,45.87,91.02,34.58,56.59,1.04,0.03,24.32,2308.3,63.9,2,3,0.2777,0.499,0.499,0,0,80.6
2.97,15.81,41.13,93.69,13.9,81.3,1.47,-0.09,35.32,2291.0,62.0,1,3,0.3247,0.6505,0.6505,0,1,68.0
39.2,100.47,143.52,262.24,41.59,98.0,2.52,0.32,17.86,989.5,16.4,0,2,0.5354,0.6527,0.6527,0,1,53.5
13.87,37.67,66.14,114.17,27.69,61.0,1.56,-0.05,10.39,1371.8,13.8,0,0,0.3117,0.3347,0.3347,0,0,76.4
22.47,52.98,112.8,262.03,48.24,98.0,2.8,0.39,40.2,1547.1,288.7,0,2,0.4766,0.7939,0.7939,0,1,60.8
5.46,22.95,51.74,87.27,0.0,73.69,1.06,-0.02,10.45,2051.8,217.2,2,2,0.292,0.4132,0.4132,0,0,73.0
28.38,64.93,135.63,291.91,55.32,98.0,2.87,0.59,41.38,774.4,324.8,2,2,0.5297,0.8312,0.8312,0,1,55.9
28.54,75.42,167.09,268.55,33.77,98.0,2.3,0.3,25.91,2277.0,45.8,2,1,0.5129,0.7159,0.7159,0,1,59.5
7.5,24.83,55.5,133.54,10.0,82.49,0.91,0.0,10.03,1421.9,89.7,1,3,0.3188,0.469,0.469,0,0,67.2
10.58,32.2,64.17,92.05,12.85,53.25,0.98,-0.04,12.53,1791.3,35.4,0,0,0.2587,0.3278,0.3278,0,0,72.1
4.71,11.44,21.58,42.55,0.0,52.22,0.82,-0.05,27.19,2368.0,59.7,1,0,0.2397,0.3901,0.3901,0,0,74.9
127.57,340.84,535.19,1013.26,150.0,98.0,2.01,0.63,8.57,2206.4,189.7,0,3,0.7413,1.0,1.0,1,1,47.7
20.75,59.33,120.64,172.02,0.0,98.0,2.85,0.3,40.94,1347.6,77.6,1,1,0.504,0.7794,0.7794,0,1,59.0
54.53,119.37,242.67,506.64,53.6,98.0,3.27,1.17,36.67,1549.4,13.9,3,1,0.7231,0.8943,0.8943,1,1,50.8
7.23,22.96,39.86,63.36,5.8,76.36,1.51,0.07,26.16,2020.4,10.0,2,5,0.3584,0.6218,0.6218,0,1,65.0
30.46,67.27,118.77,239.45,37.98,98.0,2.62,0.61,41.34,1976.9,32.3,2,2,0.5647,0.8103,0.8103,0,1,54.5
29.04,70.74,140.6,270.24,7.71,98.0,2.31,0.29,17.35,1912.9,24.3,0,0,0.4965,0.585,0.585,0,0,49.7
23.53,58.85,122.99,210.25,44.95,83.28,1.85,0.27,38.72,767.6,189.6,0,4,0.4058,0.8133,0.8133,0,1,66.1
67.42,184.0,359.71,494.4,51.46,98.0,4.71,1.27,36.98,1078.4,131.8,1,2,0.7932,1.0,1.0,1,1,28.3
85.56,235.38,403.56,638.54,110.56,98.0,4.19,1.36,28.95,1115.8,218.6,1,1,0.8128,1.0,1.0,1,1,41.9
2.8,18.77,59.59,84.99,3.44,62.98,0.88,-0.1,19.48,1163.5,65.1,0,1,0.2466,0.435,0.435,0,0,78.3
22.28,52.56,117.99,201.6,29.48,92.97,1.91,0.17,28.1,908.7,105.1,1,1,0.4382,0.6593,0.6593,0,1,59.6
131.45,359.51,651.01,1111.35,150.0,98.0,6.2,2.8,42.46,2080.9,64.8,2,4,1.0,1.0,1.0,1,1,20.2
17.12,38.11,73.98,137.57,18.97,66.51,1.76,-0.01,11.04,1313.1,30.0,0,1,0.3427,0.395,0.395,0,0,64.2
4.63,24.22,50.24,139.5,30.58,67.66,1.18,-0.15,15.24,2029.7,119.6,0,1,0.2621,0.4028,0.4028,0,0,67.6
14.04,35.02,82.59,137.74,25.95,95.7,1.75,0.18,31.18,2287.0,59.0,1,1,0.4235,0.6483,0.6483,0,1,61.0
7.48,27.42,54.42,122.69,14.5,80.07,2.16,-0.07,32.42,1266.5,34.4,1,2,0.3694,0.6101,0.6101,0,0,65.5
11.15,34.16,67.1,144.04,10.71,90.56,1.12,-0.05,13.92,1498.7,334.6,1,2,0.3169,0.507,0.507,0,0,68.2
20.73,58.5,105.83,205.37,23.52,71.59,1.85,0.18,37.03,894.4,13.7,1,0,0.3979,0.626,0.626,0,1,69.0
27.35,79.37,136.5,192.64,31.87,74.53,2.03,0.38,41.43,1236.5,180.0,1,2,0.4263,0.7669,0.7669,0,1,63.4
5.29,22.42,49.31,88.25,4.37,71.81,0.75,-0.13,10.87,1651.3,95.7,1,0,0.2693,0.3483,0.3483,0,0,75.4
108.45,235.91,356.24,495.89,150.0,98.0,6.2,2.58,43.07,1047.3,172.8,1,1,1.0,1.0,1.0,1,1,24.8
6.27,27.47,72.63,140.43,27.77,81.52,1.79,-0.13,18.12,1636.1,11.3,1,2,0.3499,0.522,0.522,0,0,65.3
4.43,19.92,45.03,108.21,0.42,71.27,1.59,-0.0,19.12,1266.3,59.4,2,1,0.3302,0.4376,0.4376,0,0,65.6
30.59,72.86,130.26,238.04,53.22,93.22,1.17,-0.03,9.62,2383.6,190.8,1,3,0.395,0.5872,0.5872,0,0,59.7
47.99,118.91,214.01,360.89,67.47,98.0,2.78,0.57,25.91,1369.9,202.5,0,4,0.5688,0.8632,0.8632,0,1,58.3
9.25,35.47,81.99,186.54,8.06,97.08,1.28,0.12,42.37,814.4,186.7,0,2,0.3611,0.771,0.771,0,1,63.8
27.83,77.88,156.89,246.1,63.22,81.05,0.94,0.1,13.8,1530.4,163.7,3,1,0.3883,0.5591,0.5591,0,0,65.1
45.46,97.32,206.35,358.12,62.05,98.0,2.03,0.68,28.77,1301.1,56.7,3,1,0.5904,0.7867,0.7867,0,1,54.9
37.43,101.61,189.39,356.2,63.19,98.0,1.56,0.27,17.88,1360.5,151.1,2,0,0.4858,0.6489,0.6489,0,1,57.8
4.04,8.44,17.68,42.8,1.67,62.94,1.64,-0.13,8.67,1361.4,13.9,1,1,0.2967,0.2972,0.2972,0,0,66.8
62.6,140.81,215.05,326.47,81.6,98.0,3.51,1.47,43.54,2203.9,21.3,0,1,0.7518,0.9155,0.9155,1,1,39.5
9.45,25.14,65.4,144.08,30.7,73.12,1.86,0.09,33.78,1572.1,93.2,2,0,0.3641,0.5549,0.5549,0,0,73.5
8.29,22.16,62.38,144.27,4.63,67.52,1.62,0.0,34.48,1167.2,95.7,2,1,0.3288,0.5711,0.5711,0,0,71.4
1.29,5.69,22.91,51.46,3.11,52.84,1.26,-0.09,31.87,2057.6,76.6,5,2,0.2859,0.4909,0.4909,0,0,68.1
123.24,333.85,663.99,1254.97,150.0,98.0,3.69,0.91,13.17,1481.7,159.4,1,2,0.8479,1.0,1.0,1,1,37.5
2.31,14.48,39.14,111.07,22.99,78.68,1.38,-0.06,15.44,989.8,99.6,3,2,0.3305,0.4517,0.4517,0,0,71.6
5.71,16.67,49.64,93.49,24.58,69.27,1.62,-0.07,21.88,2397.5,10.0,4,1,0.3507,0.4597,0.4597,0,0,75.3
7.62,28.93,69.91,130.29,11.14,61.24,1.88,-0.06,43.84,795.1,261.9,1,0,0.2869,0.6076,0.6076,0,0,75.0
33.09,87.32,178.49,338.82,25.22,98.0,2.53,0.56,32.21,1920.2,118.7,0,4,0.5309,0.8703,0.8703,0,1,57.8
41.67,103.14,196.42,429.58,46.32,98.0,2.37,0.54,23.93,2148.5,271.0,1,2,0.5326,0.7659,0.7659,0,1,56.3
136.07,330.78,626.59,1171.2,150.0,98.0,5.74,2.02,25.45,1333.8,67.4,0,4,1.0,1.0,1.0,1,1,25.9
39.14,98.8,218.74,378.3,64.05,98.0,2.83,0.83,41.2,1009.6,10.0,0,3,0.6006,0.9613,0.9613,1,1,46.3
38.93,100.84,195.53,287.55,41.28,98.0,1.92,0.2,15.07,1470.3,172.6,1,1,0.4847,0.664,0.664,0,1,52.3
28.93,58.34,104.42,243.86,39.53,94.22,1.18,0.28,19.55,1546.1,100.2,2,3,0.4468,0.6379,0.6379,0,1,60.8
3.17,14.44,43.09,87.16,21.94,54.61,1.52,-0.1,21.35,2399.5,10.0,2,2,0.2841,0.4364,0.4364,0,0,75.1
23.44,66.26,156.99,241.3,34.57,98.0,1.98,0.36,40.31,782.1,102.0,0,2,0.4648,0.8488,0.8488,0,1,57.1
58.02,158.02,297.36,424.22,67.22,98.0,3.41,1.09,35.96,1832.2,321.0,0,2,0.6584,0.9856,0.9856,1,1,43.9
22.95,64.46,143.78,291.21,15.75,98.0,2.01,0.27,29.27,2077.3,28.1,3,3,0.496,0.7743,0.7743,0,1,53.9
8.06,27.81,61.28,125.37,14.58,62.57,1.44,0.05,19.33,1769.5,39.7,7,2,0.3712,0.4647,0.4647,0,0,66.3
13.89,33.06,84.44,166.46,14.95,91.19,1.31,-0.08,15.28,1789.4,125.8,0,0,0.3488,0.4808,0.4808,0,0,63.4
20.75,59.24,106.67,233.74,46.81,98.0,1.43,0.15,19.91,2194.3,206.4,0,2,0.3984,0.624,0.624,0,1,73.4
14.29,35.23,76.79,154.79,8.97,73.79,1.53,0.16,41.46,1682.5,123.2,2,4,0.3659,0.7522,0.7522,0,1,62.9
2.56,20.44,38.62,62.96,2.2,43.28,1.83,-0.13,40.77,2204.6,133.7,0,2,0.2318,0.5545,0.5545,0,0,81.3
7.48,21.37,42.19,68.34,4.97,52.91,1.55,-0.04,23.19,1096.8,47.5,0,1,0.2738,0.4152,0.4152,0,0,77.6
32.43,88.08,181.2,326.47,34.55,98.0,1.92,0.27,19.72,1601.6,10.0,0,0,0.4883,0.6536,0.6536,0,1,57.1
39.53,79.59,170.59,356.09,40.37,98.0,3.3,0.76,39.85,805.4,219.8,0,1,0.588,0.8317,0.8317,0,1,51.3
2.95,22.52,44.43,79.43,0.0,79.18,1.69,-0.01,24.06,2075.7,641.8,1,2,0.2602,0.5285,0.5285,0,0,78.2
60.89,161.65,306.86,495.01,74.36,98.0,2.09,0.3,9.39,2032.5,241.6,0,1,0.5382,0.7546,0.7546,0,1,51.3
7.97,26.54,50.69,123.66,0.0,82.73,1.58,0.02,20.45,1639.4,60.8,0,0,0.346,0.4572,0.4572,0,0,69.5
21.71,62.26,107.74,180.51,30.49,83.65,1.93,0.22,29.86,1403.1,52.0,1,1,0.4287,0.6348,0.6348,0,1,52.9
27.87,79.8,139.19,280.37,33.89,98.0,2.46,0.56,42.01,1360.7,385.9,1,4,0.4892,0.9006,0.9006,0,1,57.4
33.42,82.5,172.31,353.28,43.47,98.0,1.87,0.3,23.29,1081.8,534.7,0,2,0.4206,0.7313,0.7313,0,1,65.5
58.28,171.4,302.31,454.64,94.57,98.0,1.66,0.5,16.64,1456.0,113.7,3,0,0.58,0.7771,0.7771,0,1,46.5
7.51,29.99,58.32,94.65,10.33,69.6,1.21,0.03,21.84,1251.5,86.7,0,1,0.2968,0.4709,0.4709,0,0,71.9
39.11,102.04,178.11,385.77,46.73,98.0,1.74,0.15,10.05,1703.2,87.2,0,2,0.474,0.6325,0.6325,0,1,53.3
2.82,15.7,48.5,98.49,15.49,67.54,1.82,0.01,40.36,2047.7,27.0,2,2,0.3342,0.6313,0.6313,0,1,66.4
24.42,69.32,134.65,228.66,45.08,96.32,2.19,0.08,9.2,1895.3,156.3,2,2,0.4571,0.5679,0.5679,0,0,69.6
116.35,313.9,495.04,954.56,91.63,98.0,2.87,0.54,8.04,1598.0,22.5,2,2,0.7848,1.0,1.0,1,1,43.6
22.65,58.64,123.13,214.95,24.05,98.0,1.99,0.39,30.11,2315.2,28.2,2,3,0.4956,0.7558,0.7558,0,1,58.7
5.82,25.33,49.48,92.43,4.07,58.78,1.72,-0.01,13.54,1075.6,134.6,1,1,0.2909,0.3634,0.3634,0,0,70.3
41.28,82.84,160.56,330.82,39.45,98.0,2.07,0.39,18.66,1806.0,244.2,0,3,0.4967,0.7099,0.7099,0,1,56.5
3.7,13.55,33.8,109.09,0.14,79.96,1.61,-0.14,25.68,895.3,131.6,8,0,0.3848,0.4706,0.4706,0,0,59.6
1.1,5.19,25.42,51.09,11.92,63.17,1.21,-0.08,36.52,1860.5,77.3,5,1,0.3072,0.5301,0.5301,0,0,68.5
25.28,69.6,125.79,189.51,39.64,81.92,2.17,0.25,21.95,1946.8,142.6,5,3,0.4758,0.6487,0.6487,0,1,57.4
12.91,36.01,90.97,190.91,6.33,98.0,2.06,0.29,42.46,2041.3,72.8,1,3,0.4483,0.8152,0.8152,0,1,70.7
37.82,87.83,182.64,361.85,25.76,98.0,2.01,0.49,24.32,1845.2,127.4,3,2,0.5416,0.7521,0.7521,0,1,53.7
9.67,22.21,42.37,113.79,13.09,78.16,1.48,0.01,41.12,952.3,181.9,1,2,0.3283,0.6596,0.6596,0,1,66.2
3.69,14.97,44.41,116.02,5.82,80.44,1.32,-0.03,24.28,823.1,10.0,0,2,0.3204,0.5338,0.5338,0,0,68.2
36.21,102.07,170.03,301.06,53.72,98.0,2.68,0.38,26.58,1928.5,29.7,1,1,0.5492,0.7249,0.7249,0,1,56.7
15.92,52.65,104.99,172.51,15.86,83.59,2.27,0.32,42.49,2067.1,145.7,2,1,0.4373,0.7323,0.7323,0,1,62.7
4.19,22.68,36.92,106.13,15.4,81.33,1.72,-0.11,32.3,803.9,61.6,4,1,0.3668,0.5612,0.5612,0,0,69.0
25.49,64.39,145.75,232.38,37.9,80.49,1.1,0.07,13.38,997.4,88.6,4,1,0.4051,0.5405,0.5405,0,0,70.1
14.31,40.61,108.46,227.9,12.98,98.0,1.93,0.07,29.55,2054.0,138.6,0,1,0.4057,0.6733,0.6733,0,1,63.1
143.26,357.06,727.12,1458.73,115.16,98.0,4.29,1.21,16.11,2346.9,89.7,0,0,0.9534,1.0,1.0,1,1,30.3
12.36,38.96,81.13,196.39,30.78,92.54,1.58,0.08,19.15,1608.9,217.6,1,1,0.3737,0.5414,0.5414,0,0,64.0
35.29,99.03,173.23,314.78,40.5,98.0,2.63,0.71,38.17,1003.0,57.2,3,3,0.5944,0.8815,0.8815,0,1,47.1
35.39,98.18,186.02,349.65,32.11,98.0,2.71,0.53,32.56,1280.1,141.2,0,2,0.5394,0.8222,0.8222,0,1,52.6
134.99,348.43,533.86,1063.14,150.0,98.0,4.1,1.41,18.33,2039.3,66.5,1,1,0.9571,1.0,1.0,1,1,33.5
125.36,318.18,489.57,922.66,149.01,98.0,2.06,0.47,8.17,1646.3,90.4,2,2,0.7551,0.9981,0.9981,1,1,43.7
36.51,100.18,186.88,370.42,37.8,98.0,2.06,0.47,27.12,845.4,14.5,3,2,0.5534,0.7798,0.7798,0,1,58.4
22.23,68.44,144.05,261.77,27.99,98.0,1.7,0.15,17.01,1258.9,213.7,0,1,0.4136,0.6165,0.6165,0,0,62.7
83.57,208.84,377.18,567.29,126.13,98.0,2.09,0.31,9.02,1992.1,46.3,3,3,0.6517,0.8976,0.8976,1,1,50.6
9.02,23.92,57.03,109.99,2.68,77.69,1.63,-0.14,10.28,1287.5,43.0,1,1,0.3362,0.3995,0.3995,0,0,74.4
42.29,107.65,189.45,314.88,43.65,98.0,3.0,0.62,32.24,1463.3,11.2,3,3,0.6251,0.8538,0.8538,1,1,49.7
25.85,78.56,157.93,255.43,35.5,98.0,1.77,0.24,22.91,2243.3,84.7,0,2,0.4515,0.7107,0.7107,0,1,60.4
2.39,8.17,40.77,82.15,20.47,68.05,1.66,-0.13,17.45,2374.7,64.9,1,5,0.2978,0.5299,0.5299,0,0,71.6
145.24,274.89,505.49,732.13,150.0,98.0,6.2,2.8,39.67,1999.4,12.5,1,2,1.0,1.0,1.0,1,1,25.7
43.5,90.58,143.15,221.7,53.68,91.57,3.01,0.85,37.7,1146.2,167.1,1,3,0.5973,0.823,0.823,0,1,52.8
0.97,10.15,27.31,81.98,11.85,55.96,0.72,-0.12,24.78,1151.2,10.0,2,1,0.244,0.4183,0.4183,0,0,73.0
65.1,147.98,325.75,498.45,87.4,98.0,3.22,0.63,17.92,1252.0,18.8,1,3,0.6721,0.9059,0.9059,1,1,48.2
22.74,63.38,110.77,184.22,22.41,92.3,1.98,0.27,26.26,1014.9,74.1,3,0,0.4754,0.6039,0.6039,0,0,56.8
19.96,49.11,95.68,223.24,48.13,98.0,1.85,0.27,35.11,1045.1,53.1,2,4,0.4672,0.7922,0.7922,0,1,66.3
6.31,22.08,54.03,137.64,7.3,63.24,1.96,-0.16,8.39,1172.4,38.7,0,3,0.3012,0.4002,0.4002,0,0,65.8
5.72,21.22,52.09,91.49,10.85,74.83,1.86,-0.03,30.05,1838.8,99.6,1,4,0.3356,0.6336,0.6336,0,1,67.0
56.97,117.46,256.08,376.53,51.12,98.0,3.61,1.12,33.56,1760.6,89.2,1,3,0.7081,0.9459,0.9459,1,1,47.7
7.08,24.34,58.47,105.72,0.0,65.39,1.95,-0.04,37.4,1312.5,68.0,1,2,0.3254,0.6138,0.6138,0,0,66.2
29.88,82.77,145.07,262.88,18.54,98.0,1.78,0.13,15.8,1074.5,179.6,2,2,0.458,0.6381,0.6381,0,1,54.8
9.99,34.69,76.18,125.23,15.6,86.39,1.98,-0.11,15.32,1779.6,82.7,1,2,0.3713,0.5176,0.5176,0,0,68.5
3.0,12.19,34.99,80.2,0.0,81.51,1.63,-0.09,15.77,965.9,462.4,2,2,0.2888,0.4571,0.4571,0,0,73.3
154.23,323.24,474.14,671.06,117.02,98.0,6.2,2.8,41.53,991.3,194.2,1,2,1.0,1.0,1.0,1,1,24.7
15.72,49.99,108.48,168.67,23.02,94.83,0.96,-0.03,13.08,1382.6,13.5,1,4,0.376,0.6227,0.6227,0,1,66.0
74.41,154.4,257.04,453.98,66.5,98.0,4.82,1.45,35.53,1686.2,38.4,5,4,0.8859,0.9928,0.9928,1,1,30.9
9.21,18.87,47.42,116.48,8.63,75.48,1.96,0.14,43.52,1951.7,92.1,3,1,0.3878,0.6475,0.6475,0,1,68.8
82.33,213.74,455.06,910.54,82.17,98.0,4.92,1.87,42.07,1883.5,75.9,3,4,0.9272,1.0,1.0,1,1,35.6
8.43,29.58,63.61,140.99,4.05,64.38,2.0,-0.05,22.76,1374.4,10.0,2,1,0.3452,0.4701,0.4701,0,0,69.5
14.7,28.97,52.22,139.62,40.9,76.07,1.28,0.2,38.22,1830.2,90.1,0,1,0.3488,0.6125,0.6125,0,0,71.0
11.62,23.57,53.01,137.74,4.45,87.89,1.77,0.0,32.13,1098.7,111.6,1,2,0.3764,0.6279,0.6279,0,1,66.9
42.39,111.4,227.93,451.21,72.68,98.0,3.52,0.81,39.26,1564.7,74.7,1,0,0.6393,0.8671,0.8671,1,1,54.8
14.09,40.42,83.67,168.99,0.0,96.78,1.8,0.04,13.8,1765.2,241.3,0,4,0.3803,0.6037,0.6037,0,0,63.2
14.18,37.81,62.1,130.71,31.04,70.61,1.33,0.21,35.54,1978.3,97.6,3,3,0.3678,0.6479,0.6479,0,1,64.6
2.98,11.53,34.99,99.4,18.31,55.58,1.71,-0.16,29.12,881.3,185.3,0,2,0.2446,0.4913,0.4913,0,0,75.5
81.19,159.35,279.58,402.36,68.7,98.0,4.12,1.29,27.44,916.9,106.1,2,2,0.8164,0.8957,0.8957,1,1,36.1
5.75,26.02,61.55,127.07,5.11,56.87,1.38,0.0,34.24,871.9,288.0,3,0,0.2725,0.5084,0.5084,0,0,72.1
1.52,4.94,19.18,74.86,17.39,39.98,0.89,-0.03,17.83,1651.7,28.9,0,1,0.2043,0.308,0.308,0,0,80.3
21.76,54.27,116.3,232.59,14.18,93.07,1.78,-0.05,10.69,1690.6,213.8,0,1,0.3849,0.5182,0.5182,0,0,60.3
18.1,48.08,85.52,174.74,30.53,98.0,2.25,0.21,26.08,768.2,71.3,2,0,0.4725,0.5875,0.5875,0,0,58.5
113.94,263.2,487.87,801.16,141.05,98.0,4.45,1.21,18.88,1833.6,143.5,0,1,0.8799,1.0,1.0,1,1,33.4
10.97,34.67,76.66,157.14,24.48,79.28,1.82,-0.0,17.23,2009.5,100.2,2,3,0.3695,0.5435,0.5435,0,0,65.9
30.75,74.11,163.57,301.38,45.47,98.0,2.65,0.6,43.95,942.4,13.8,6,6,0.6078,1.0,1.0,1,1,48.0
4.36,8.32,21.78,44.42,0.0,59.11,0.83,-0.08,15.12,1306.6,68.8,3,1,0.2704,0.3431,0.3431,0,0,64.4
34.32,82.65,149.17,254.2,37.72,97.53,1.8,0.33,16.48,2152.5,134.5,1,3,0.4848,0.6773,0.6773,0,1,60.8
93.3,240.94,450.6,804.73,90.26,98.0,2.88,0.97,20.02,1883.9,274.4,0,0,0.7176,0.9853,0.9853,1,1,50.7
10.86,24.81,49.46,68.67,0.0,82.12,1.61,0.03,25.89,1252.7,29.6,2,2,0.3784,0.5575,0.5575,0,0,65.3
12.25,36.87,83.73,146.03,25.4,75.8,1.36,0.2,39.29,1974.7,52.7,3,1,0.381,0.6589,0.6589,0,1,70.1
5.93,26.38,64.85,95.03,16.54,48.55,0.82,-0.14,14.35,2214.0,53.7,0,3,0.2164,0.42,0.42,0,0,66.0
27.9,63.91,109.26,238.62,43.69,88.98,2.16,0.43,30.17,1260.4,89.2,3,4,0.5029,0.7441,0.7441,0,1,59.8
14.38,40.11,77.74,192.84,2.03,82.7,1.46,0.14,21.27,1879.1,238.5,2,0,0.3647,0.4967,0.4967,0,0,70.4
137.91,373.14,639.11,1115.3,109.91,98.0,6.2,2.8,36.69,904.1,60.4,0,1,1.0,1.0,1.0,1,1,30.2
18.13,46.57,82.86,173.49,17.18,88.93,1.63,0.19,29.67,846.8,19.1,2,3,0.4301,0.6776,0.6776,0,1,61.2
109.14,212.06,372.16,778.62,130.25,98.0,6.2,2.34,36.62,1717.3,84.8,0,3,1.0,1.0,1.0,1,1,30.2
134.95,328.13,674.47,911.81,143.29,98.0,6.2,2.8,38.78,1562.5,10.0,0,1,1.0,1.0,1.0,1,1,23.3
50.69,140.02,215.91,344.87,50.21,98.0,4.02,1.14,40.84,2086.6,50.7,2,0,0.7282,0.865,0.865,1,1,37.0
8.46,23.85,43.02,77.63,15.05,70.67,2.02,0.01,43.84,2037.5,86.6,2,4,0.3559,0.7212,0.7212,0,1,68.2
1.13,7.76,19.46,43.12,9.66,53.68,1.5,0.0,30.28,1223.0,87.5,2,1,0.2762,0.4463,0.4463,0,0,75.0
4.57,20.35,57.01,111.42,7.82,66.17,2.27,-0.01,30.95,1595.2,205.5,2,1,0.3291,0.5326,0.5326,0,0,70.7
10.85,36.37,62.06,100.5,6.24,78.71,1.98,-0.03,13.06,1997.0,193.8,1,2,0.3494,0.4607,0.4607,0,0,71.7
4.96,25.88,60.6,98.45,7.08,62.27,1.67,-0.09,11.78,1197.1,39.9,1,0,0.2992,0.3427,0.3427,0,0,71.1
0.0,6.82,30.62,51.17,17.0,58.26,1.45,-0.14,25.55,1347.2,43.0,0,2,0.2527,0.465,0.465,0,0,79.0
49.3,137.01,296.34,497.04,84.4,98.0,3.03,0.88,32.97,848.8,479.9,0,3,0.5778,0.9904,0.9904,0,1,52.6
37.14,99.89,214.47,424.49,24.41,98.0,2.15,0.33,16.94,965.3,59.6,0,2,0.5089,0.732,0.732,0,1,53.2
27.12,63.2,123.08,248.78,42.82,89.64,2.71,0.21,19.78,1756.9,18.5,0,2,0.4833,0.6197,0.6197,0,0,57.6
3.67,15.06,44.22,98.45,9.41,64.5,1.5,-0.01,33.2,1569.6,128.4,4,1,0.3198,0.5303,0.5303,0,0,72.3
2.56,14.27,32.69,100.31,13.31,75.8,1.5,-0.12,15.62,1028.2,33.5,2,1,0.3228,0.4071,0.4071,0,0,69.3
1.4,17.36,37.06,81.27,6.8,66.03,2.0,0.01,26.77,762.0,111.0,2,2,0.3233,0.5043,0.5043,0,0,65.5
25.75,62.46,149.89,225.84,47.96,98.0,1.98,0.23,27.39,1028.9,206.6,2,0,0.4629,0.6767,0.6767,0,1,60.1
52.85,110.6,180.58,274.29,61.79,98.0,3.46,1.1,41.01,1986.9,22.9,0,4,0.6883,0.9432,0.9432,1,1,47.6
11.26,30.17,45.63,88.85,28.86,48.13,1.58,0.01,22.48,904.6,72.1,2,0,0.2954,0.3704,0.3704,0,0,69.5
2.54,9.32,23.34,73.52,2.9,76.85,1.02,-0.0,15.58,1414.0,57.9,2,1,0.3126,0.3983,0.3983,0,0,69.5
14.36,39.37,84.33,148.27,21.37,91.52,1.71,-0.02,14.26,1144.0,800.0,3,4,0.3147,0.5934,0.5934,0,0,67.2
8.58,19.72,47.79,110.52,19.22,57.93,1.86,-0.13,18.55,1656.5,149.2,3,3,0.3083,0.4591,0.4591,0,0,69.6
9.39,28.12,76.79,134.08,15.48,71.8,1.32,-0.11,18.04,1594.1,10.3,0,1,0.3074,0.4692,0.4692,0,0,68.1
19.42,41.32,86.32,162.08,0.0,89.5,2.45,0.35,35.01,2371.9,31.1,1,2,0.4746,0.6961,0.6961,0,1,59.2
25.37,54.73,124.85,287.01,36.71,98.0,2.33,0.35,29.37,2025.3,20.5,0,3,0.4951,0.752,0.752,0,1,59.8
2.34,21.07,49.81,89.41,14.91,82.63,1.57,-0.08,32.57,2298.2,10.0,3,2,0.3579,0.6128,0.6128,0,0,72.9
0.72,11.91,26.08,63.9,8.74,53.39,1.14,-0.16,30.69,1703.6,45.5,4,4,0.268,0.5469,0.5469,0,0,73.4
103.45,204.92,304.94,408.68,116.05,98.0,3.96,1.45,25.32,1967.3,47.1,1,3,0.8788,0.9397,0.9397,1,1,29.4
5.3,14.75,38.73,59.62,23.37,70.21,0.97,-0.0,41.42,2226.9,32.1,2,3,0.3063,0.6653,0.6653,0,1,68.8
1.11,9.43,18.09,63.42,0.0,60.91,1.34,-0.1,37.43,817.8,96.7,2,1,0.2733,0.5221,0.5221,0,0,78.1
4.21,15.64,39.65,87.53,0.0,63.67,1.46,-0.17,15.59,2260.5,29.6,0,3,0.2748,0.4415,0.4415,0,0,73.9
0.79,15.06,35.34,67.51,0.0,52.19,1.37,-0.05,23.25,1099.4,339.8,3,2,0.2377,0.4353,0.4353,0,0,73.0
9.95,22.76,55.39,142.73,13.46,80.83,1.22,-0.04,18.36,1913.3,158.2,5,1,0.3618,0.4709,0.4709,0,0,67.6
82.68,197.96,348.58,563.47,106.28,98.0,4.55,1.5,34.84,2026.0,15.5,2,0,0.8728,0.9792,0.9792,1,1,27.4
8.35,30.12,61.11,123.1,10.08,73.02,1.39,-0.02,20.4,930.4,37.6,1,5,0.3268,0.5923,0.5923,0,0,64.0
11.75,30.89,65.97,125.01,0.67,78.41,1.32,0.11,31.05,2322.6,485.0,1,2,0.2965,0.6086,0.6086,0,0,66.4
22.51,67.36,120.01,230.6,33.57,78.86,1.34,0.14,18.52,2278.8,26.8,0,1,0.3798,0.5456,0.5456,0,0,67.2
14.22,29.86,69.78,171.22,19.43,92.91,1.28,-0.02,14.18,1830.0,14.9,0,1,0.3731,0.4889,0.4889,0,0,61.3
39.53,109.51,224.17,407.46,49.81,98.0,1.13,0.1,8.33,1006.3,31.7,0,1,0.4504,0.645,0.645,0,1,64.6
40.2,87.18,145.24,242.94,78.73,89.23,3.04,0.77,43.81,1684.0,150.2,1,0,0.5794,0.7778,0.7778,0,1,50.2
0.2,8.44,23.37,54.37,13.41,65.43,1.48,-0.05,15.9,1317.8,87.5,3,3,0.3035,0.429,0.429,0,0,67.1
30.11,73.52,130.36,251.53,37.19,98.0,2.57,0.47,37.96,2285.8,10.0,3,1,0.5612,0.7674,0.7674,0,1,55.1
12.35,27.65,60.66,126.84,3.67,76.88,1.88,0.04,37.6,1421.0,53.9,4,2,0.4,0.6502,0.6502,0,1,67.5
89.91,251.9,504.05,930.23,121.09,98.0,3.19,0.8,16.49,1894.7,10.9,0,5,0.7406,1.0,1.0,1,1,41.0
148.93,415.41,834.12,1343.37,92.94,98.0,5.69,1.84,22.96,1801.1,41.2,1,4,1.0,1.0,1.0,1,1,29.5
86.7,216.09,347.49,575.54,96.69,98.0,5.11,1.74,38.1,1197.2,22.5,1,0,0.9205,1.0,1.0,1,1,31.9
28.09,66.63,118.88,222.85,14.02,87.49,2.25,0.29,32.83,1633.6,29.9,1,3,0.4772,0.7429,0.7429,0,1,52.5
5.72,20.65,44.03,61.3,5.8,57.96,1.48,-0.02,21.32,1426.5,180.7,0,2,0.2614,0.4466,0.4466,0,0,73.4
15.46,38.67,89.91,171.39,21.01,85.11,2.01,0.23,42.17,1368.1,183.6,1,0,0.4036,0.6855,0.6855,0,1,64.8
96.91,219.52,468.56,758.25,104.99,98.0,3.41,1.06,20.32,2175.6,158.2,2,1,0.7942,1.0,1.0,1,1,36.4
38.97,99.93,181.6,330.49,18.29,98.0,2.43,0.22,15.63,980.6,139.9,2,0,0.5244,0.6214,0.6214,0,1,55.5
2.05,11.12,32.79,63.73,0.0,53.5,1.05,-0.01,13.28,1427.2,33.8,1,2,0.2543,0.3561,0.3561,0,0,72.4
24.51,71.54,160.72,269.85,17.16,98.0,2.24,0.31,33.25,761.1,69.7,0,1,0.4787,0.7668,0.7668,0,1,55.7
8.48,31.12,68.43,168.1,5.87,77.52,1.06,-0.0,9.04,1182.1,74.0,2,1,0.3285,0.403,0.403,0,0,66.4
0.14,15.09,48.53,114.39,2.27,78.68,1.01,-0.09,38.45,1775.9,91.8,0,1,0.277,0.6172,0.6172,0,0,72.9
10.33,31.56,54.73,86.11,30.68,61.17,1.78,-0.05,18.95,894.4,232.8,0,3,0.2839,0.4798,0.4798,0,0,71.6
5.35,18.78,38.32,90.13,2.81,60.52,0.81,-0.05,21.31,1197.4,263.4,5,0,0.2721,0.3868,0.3868,0,0,71.1
34.17,86.8,142.3,306.48,31.25,98.0,2.65,0.73,36.87,2202.4,29.2,0,2,0.5676,0.8033,0.8033,0,1,54.7
8.23,22.6,44.35,99.59,12.71,48.63,1.53,0.02,37.31,1891.5,67.9,1,1,0.2782,0.5189,0.5189,0,0,76.1
86.29,217.06,432.33,621.23,76.85,98.0,3.64,1.05,22.4,866.0,19.2,1,2,0.7852,1.0,1.0,1,1,44.5
0.01,0.66,5.52,49.07,10.63,53.32,1.14,-0.1,27.94,2387.4,125.4,4,2,0.2615,0.4396,0.4396,0,0,79.9
7.36,31.27,66.69,116.35,0.0,91.48,2.34,-0.06,32.45,2309.5,101.9,2,3,0.4035,0.6873,0.6873,0,1,64.7
5.52,28.68,58.85,157.49,1.06,71.33,1.01,-0.01,32.79,983.8,228.3,0,1,0.2644,0.564,0.564,0,0,83.0
5.32,21.92,47.87,71.28,22.71,69.62,1.57,-0.06,27.23,2271.1,87.8,4,1,0.3382,0.5013,0.5013,0,0,77.7
1.41,7.67,29.07,66.15,1.35,77.45,1.03,0.0,38.39,1657.4,182.3,1,0,0.2856,0.5595,0.5595,0,0,76.3
4.14,13.01,41.96,68.87,20.13,60.76,2.01,0.01,38.29,2283.5,45.9,0,2,0.3084,0.5878,0.5878,0,0,68.2
16.22,47.49,77.9,174.67,25.19,71.09,1.65,0.25,38.56,2347.3,142.2,2,4,0.3765,0.7227,0.7227,0,1,70.1
6.89,14.12,38.87,124.56,0.0,71.98,1.48,-0.04,17.66,1894.4,10.0,2,2,0.3356,0.4503,0.4503,0,0,74.8
10.8,34.87,72.62,135.03,0.51,77.33,1.06,-0.01,17.25,1230.6,19.7,2,3,0.3404,0.5333,0.5333,0,0,68.8
141.75,345.65,622.35,873.36,150.0,98.0,2.69,0.9,13.03,2275.7,71.1,1,4,0.8601,1.0,1.0,1,1,36.6
41.73,114.97,227.72,405.29,47.22,98.0,2.91,0.79,37.75,1696.2,261.5,1,1,0.5834,0.8847,0.8847,0,1,54.4
111.13,233.81,487.77,750.35,80.2,98.0,2.86,0.62,10.18,1313.5,259.7,2,3,0.7481,1.0,1.0,1,1,39.2
13.58,30.96,67.84,129.52,21.82,84.0,0.89,0.07,12.87,1509.1,109.6,2,3,0.3514,0.5111,0.5111,0,0,66.5
8.01,29.13,70.35,146.71,11.1,89.46,1.95,0.16,41.34,1420.2,16.7,1,2,0.4068,0.7272,0.7272,0,1,65.4
2.26,19.4,51.28,145.6,5.81,79.15,1.7,0.0,12.5,2293.2,137.1,2,0,0.337,0.3843,0.3843,0,0,71.6
61.32,124.29,207.22,442.06,65.72,98.0,1.47,0.25,12.37,2102.7,23.4,1,2,0.5464,0.6866,0.6866,0,1,49.7
1.24,10.28,19.02,39.43,0.0,57.41,1.49,-0.12,40.73,801.8,51.8,2,0,0.2764,0.5098,0.5098,0,0,71.4
99.54,202.02,417.44,657.2,129.71,98.0,3.09,1.11,19.16,766.3,45.3,0,0,0.7865,0.9379,0.9379,1,1,40.3
7.08,28.88,68.41,148.35,8.97,87.63,0.85,0.12,39.73,864.5,259.0,1,3,0.3154,0.7368,0.7368,0,1,67.2
7.73,31.74,83.61,160.25,2.69,83.72,1.37,-0.06,21.6,1757.1,141.9,4,1,0.3595,0.5394,0.5394,0,0,65.8
3.59,12.36,47.21,86.62,0.35,58.77,1.3,-0.02,21.45,2093.9,10.0,1,3,0.2829,0.4839,0.4839,0,0,74.6
30.57,89.51,155.3,273.44,21.9,94.19,2.03,0.11,12.87,1599.7,222.5,0,1,0.4354,0.5865,0.5865,0,0,64.0
2.61,9.48,22.98,85.77,11.33,53.43,1.23,0.0,41.07,1632.3,67.5,2,3,0.27,0.5962,0.5962,0,0,74.1
84.24,194.64,340.73,650.76,58.26,98.0,5.14,1.58,35.42,1146.7,168.7,2,2,0.89,1.0,1.0,1,1,31.0
2.64,10.82,27.39,51.1,7.39,48.76,0.82,-0.1,16.12,1507.8,179.9,0,3,0.1963,0.389,0.389,0,0,70.3
1.46,17.09,30.55,90.22,1.2,82.44,1.26,-0.04,34.2,1173.8,795.7,1,2,0.2215,0.6018,0.6018,0,0,75.3
85.09,242.07,501.67,975.57,103.08,98.0,3.2,0.41,11.73,1202.1,51.1,2,1,0.704,1.0,1.0,1,1,50.4
4.22,12.57,29.27,99.86,19.74,62.73,0.94,-0.06,26.86,1395.4,239.8,1,1,0.2423,0.4563,0.4563,0,0,81.6
34.44,77.08,150.14,276.49,26.09,83.23,1.85,0.19,17.15,828.4,40.6,2,4,0.4646,0.6738,0.6738,0,1,64.6
129.57,337.13,731.27,1100.2,116.21,98.0,6.2,2.8,38.62,2325.7,649.5,2,4,1.0,1.0,1.0,1,1,19.8
1.62,6.34,15.49,66.16,13.0,64.83,1.08,-0.01,26.4,2258.5,63.4,0,1,0.2653,0.4417,0.4417,0,0,75.4
62.22,126.53,245.63,470.42,62.92,98.0,3.68,1.46,41.16,2063.8,129.5,0,0,0.7437,0.9039,0.9039,1,1,45.3
5.67,28.86,46.35,101.12,4.04,63.67,2.03,-0.03,29.07,1688.0,624.6,0,1,0.2381,0.4975,0.4975,0,0,79.1
39.27,108.59,235.95,356.25,26.28,98.0,2.42,0.46,26.14,2091.5,26.8,1,3,0.5537,0.8619,0.8619,0,1,52.2
3.7,16.7,48.22,84.96,1.77,50.66,1.66,-0.0,32.98,2357.3,117.4,2,3,0.2787,0.5546,0.5546,0,0,66.9
38.48,89.68,187.68,271.56,56.88,98.0,2.6,0.79,36.22,1217.9,770.8,3,3,0.5135,0.8836,0.8836,0,1,60.4
119.54,267.49,542.12,887.4,150.0,98.0,2.42,0.5,8.55,1351.1,345.8,5,1,0.7557,1.0,1.0,1,1,42.8
14.34,41.99,79.67,162.31,22.05,96.53,1.89,0.2,26.8,1952.9,29.9,1,1,0.4378,0.6121,0.6121,0,0,70.1
29.35,64.81,103.83,229.11,25.85,86.61,1.94,0.46,35.93,1810.7,12.5,0,5,0.4746,0.8068,0.8068,0,1,60.3
54.6,114.77,233.52,360.94,41.95,98.0,3.37,0.62,22.67,2111.0,66.6,2,0,0.6544,0.7412,0.7412,1,1,55.5
47.98,114.13,214.7,389.52,46.31,98.0,1.64,0.17,9.62,1322.5,172.9,1,2,0.4928,0.6738,0.6738,0,1,57.6
34.25,99.08,155.21,283.06,17.15,98.0,1.75,-0.01,8.63,1262.4,187.1,0,2,0.4333,0.5932,0.5932,0,0,63.0
43.82,93.7,161.13,352.53,49.93,98.0,3.1,0.93,36.58,1715.9,112.2,2,1,0.641,0.794,0.794,1,1,44.5
4.44,12.61,30.61,102.39,22.92,74.79,1.34,-0.15,15.13,990.7,114.5,2,2,0.3049,0.4279,0.4279,0,0,66.3
6.69,30.4,50.83,105.66,0.51,77.56,1.22,-0.08,14.3,815.3,15.4,1,3,0.3214,0.4837,0.4837,0,0,77.5
80.99,204.75,420.06,577.96,80.45,98.0,3.08,0.85,18.42,1152.8,69.8,0,3,0.7104,1.0,1.0,1,1,43.5
9.47,33.47,84.97,193.07,8.06,69.59,1.01,0.03,11.68,1011.2,103.0,3,2,0.3206,0.4521,0.4521,0,0,69.0
80.14,162.16,320.5,528.87,82.52,98.0,2.52,0.3,9.92,761.0,138.1,1,1,0.6295,0.7755,0.7755,1,1,49.3
15.73,31.47,53.95,114.13,23.85,69.81,2.06,0.25,39.4,2033.7,11.6,0,0,0.3884,0.5766,0.5766,0,0,63.8
3.48,13.41,20.0,79.33,6.07,42.22,1.13,-0.1,18.9,1646.3,140.8,1,2,0.2131,0.3539,0.3539,0,0,76.5
76.51,186.14,352.91,499.32,79.04,98.0,3.47,1.13,28.97,1853.8,340.2,0,1,0.7083,0.9675,0.9675,1,1,38.2
3.67,21.62,53.84,137.16,6.95,87.92,1.46,-0.11,38.88,1019.0,185.1,1,2,0.3216,0.683,0.683,0,1,72.0
7.43,22.25,42.68,74.96,21.4,50.17,1.34,-0.03,43.19,1173.5,117.3,2,2,0.2702,0.5982,0.5982,0,0,70.3
14.0,33.16,68.91,107.5,35.06,71.22,1.45,0.0,32.79,849.2,12.3,1,0,0.3449,0.5459,0.5459,0,0,71.0
31.84,82.79,141.31,215.09,9.95,92.42,2.79,0.61,42.21,2395.8,189.8,1,2,0.533,0.8291,0.8291,0,1,48.4
136.94,338.98,654.91,1128.39,145.14,98.0,5.54,1.68,23.25,920.1,130.5,3,2,1.0,1.0,1.0,1,1,28.6
20.74,57.39,115.02,173.72,23.86,96.67,2.33,0.27,36.42,899.1,95.5,2,1,0.4822,0.7326,0.7326,0,1,57.5
3.39,22.47,53.36,140.78,18.61,61.15,1.42,0.04,41.75,1763.4,194.4,2,1,0.2844,0.6005,0.6005,0,0,70.1
15.84,46.88,92.59,173.57,10.14,88.18,1.76,0.0,9.91,1297.6,134.7,1,1,0.3841,0.4694,0.4694,0,0,62.6
1.83,9.96,21.12,59.08,0.0,64.9,1.12,-0.07,19.43,2214.5,76.1,1,5,0.2704,0.513,0.513,0,0,76.4
9.48,31.97,76.96,188.76,8.97,98.0,1.99,0.13,34.65,2122.0,32.1,1,1,0.4264,0.6757,0.6757,0,1,63.4
10.67,30.79,71.33,165.32,3.51,82.14,1.5,-0.1,19.35,2182.5,84.2,1,3,0.3432,0.562,0.562,0,0,63.6
0.81,5.65,26.19,63.25,0.0,44.91,1.31,-0.03,8.61,1963.0,20.1,4,1,0.2735,0.2567,0.2735,0,0,64.5
6.4,19.92,60.89,120.48,31.45,62.22,2.12,0.04,37.05,967.5,10.0,0,3,0.33,0.6351,0.6351,0,1,74.1
62.31,162.92,312.32,461.02,65.26,98.0,2.57,0.49,13.93,855.0,32.0,3,2,0.6404,0.8276,0.8276,1,1,41.6
61.42,132.34,264.49,421.27,49.82,98.0,2.28,0.59,19.55,856.6,54.9,1,3,0.6122,0.8441,0.8441,1,1,50.4
8.69,18.76,59.87,106.15,0.0,84.22,1.55,0.01,40.78,2072.9,124.9,3,3,0.3706,0.7252,0.7252,0,1,61.8
0.88,3.32,12.66,54.98,3.73,46.91,1.11,-0.04,15.52,1834.2,83.0,2,1,0.2395,0.301,0.301,0,0,77.3
134.07,286.47,448.34,765.57,144.24,98.0,6.2,2.8,40.21,2368.6,159.4,5,2,1.0,1.0,1.0,1,1,22.5
9.96,33.03,70.27,131.99,21.6,82.91,1.81,0.08,23.21,1811.8,160.5,2,2,0.3741,0.5637,0.5637,0,0,76.0
59.05,134.73,216.21,366.59,62.54,98.0,3.81,1.41,41.05,1161.3,146.9,3,2,0.7643,0.9271,0.9271,1,1,39.2
3.04,20.11,58.4,122.92,5.55,66.95,1.11,0.02,39.57,897.7,95.1,1,1,0.2838,0.6054,0.6054,0,0,67.4
28.84,62.29,98.94,170.99,29.92,88.13,1.5,0.27,22.95,1353.2,130.5,3,1,0.4518,0.5813,0.5813,0,0,58.6
75.26,187.92,399.95,691.61,83.12,98.0,5.02,1.78,41.19,1079.5,454.9,1,2,0.8345,1.0,1.0,1,1,35.8
79.54,180.51,347.76,556.84,67.42,98.0,4.33,1.42,30.78,1786.9,146.8,2,3,0.8292,1.0,1.0,1,1,38.7
9.61,19.33,46.06,88.84,21.77,70.78,1.75,0.02,25.12,908.3,162.8,3,4,0.3479,0.5755,0.5755,0,0,70.8
29.85,64.73,122.89,188.1,41.28,80.77,2.17,0.26,27.1,2024.6,41.3,2,1,0.4691,0.6232,0.6232,0,1,56.1
8.39,25.21,72.23,141.76,18.17,76.43,1.26,-0.08,10.28,1899.3,78.0,1,3,0.3172,0.4745,0.4745,0,0,66.1
19.76,47.1,91.33,209.85,32.77,98.0,1.65,0.33,37.07,1965.0,68.6,1,1,0.4519,0.7126,0.7126,0,1,64.6
4.26,12.77,33.74,64.59,5.95,49.37,1.01,-0.07,18.53,2343.0,52.3,2,2,0.2502,0.3877,0.3877,0,0,71.3
3.16,7.05,19.7,41.77,23.12,49.94,1.83,-0.08,17.73,1823.4,73.8,0,1,0.2609,0.3357,0.3357,0,0,80.8
120.42,289.75,606.59,899.42,150.0,98.0,6.05,2.21,33.75,2051.1,109.4,3,0,1.0,1.0,1.0,1,1,21.9
49.93,130.42,235.06,354.5,75.09,98.0,2.6,0.62,21.35,890.8,117.4,1,2,0.5923,0.7925,0.7925,0,1,45.6
43.69,107.3,209.63,409.93,72.06,98.0,2.33,0.59,26.51,2306.1,219.6,2,0,0.5577,0.7427,0.7427,0,1,51.6
19.64,49.41,110.42,191.39,36.32,91.08,1.93,0.07,23.18,1110.6,128.2,1,1,0.4154,0.6054,0.6054,0,0,61.0
33.03,68.12,140.2,250.93,28.68,98.0,1.99,0.4,26.17,1563.5,244.3,0,2,0.4744,0.7151,0.7151,0,1,64.0
77.62,171.77,344.62,706.2,51.9,98.0,2.65,0.69,16.0,2329.2,128.3,0,3,0.6588,0.9136,0.9136,1,1,48.3
8.15,27.71,69.18,151.52,14.31,70.52,1.94,0.09,39.86,1045.9,51.7,1,2,0.3539,0.6609,0.6609,0,1,65.0
151.34,382.85,733.81,975.47,150.0,98.0,6.2,2.54,29.97,808.6,119.6,0,1,1.0,1.0,1.0,1,1,21.8
20.19,56.77,110.38,249.8,28.93,98.0,1.76,0.04,16.41,1240.2,156.7,3,2,0.4371,0.6006,0.6006,0,0,64.2
151.64,389.44,613.68,845.59,150.0,98.0,3.36,0.84,11.3,1008.0,138.9,2,3,0.9091,1.0,1.0,1,1,26.7
3.22,10.79,34.3,102.68,16.47,74.53,1.9,-0.06,27.28,1852.3,227.6,2,3,0.32,0.5588,0.5588,0,0,63.6
18.15,51.15,98.38,162.85,18.07,74.47,1.17,0.04,24.85,1209.3,283.2,2,0,0.3271,0.5276,0.5276,0,0,68.9
33.68,78.43,136.67,240.19,38.09,98.0,3.04,0.77,41.57,853.7,49.0,0,0,0.5857,0.774,0.774,0,1,56.0
132.84,266.75,468.51,818.3,113.66,98.0,3.36,1.16,16.31,2223.5,10.0,3,2,0.9217,1.0,1.0,1,1,29.5
2.84,17.68,55.25,131.92,10.24,60.45,1.16,-0.12,39.74,831.6,128.2,3,0,0.2728,0.5547,0.5547,0,0,73.0
4.38,14.27,36.01,105.85,24.84,88.17,2.18,-0.1,35.59,1197.6,14.0,4,2,0.4098,0.6356,0.6356,0,1,62.6
5.42,24.35,57.76,141.92,0.0,67.49,0.92,-0.1,25.15,1146.5,258.5,0,0,0.2384,0.4608,0.4608,0,0,75.0
7.13,18.13,36.56,98.92,4.45,82.71,1.27,-0.03,39.46,788.8,207.2,0,4,0.3053,0.7119,0.7119,0,1,68.4
20.59,50.47,108.44,223.66,8.02,85.76,2.06,0.24,39.03,1022.6,150.0,3,1,0.4454,0.7149,0.7149,0,1,65.6
18.37,53.72,86.66,162.59,15.36,93.09,1.76,0.29,33.72,2094.5,312.7,7,2,0.4666,0.6963,0.6963,0,1,61.4
23.82,54.84,117.79,200.66,12.07,81.37,2.0,0.07,11.66,811.9,261.8,1,2,0.3895,0.525,0.525,0,0,65.3
153.36,357.93,756.73,1535.47,150.0,98.0,3.57,1.08,13.77,788.3,307.6,1,2,0.9146,1.0,1.0,1,1,28.2
34.75,88.5,155.48,304.77,59.03,98.0,2.55,0.41,29.3,1796.1,159.6,4,1,0.5559,0.7288,0.7288,0,1,56.3
4.57,19.12,34.48,73.29,11.7,73.13,1.96,-0.13,16.84,896.7,55.2,2,4,0.3393,0.5016,0.5016,0,0,64.3
143.03,291.34,425.71,733.05,150.0,98.0,6.15,2.3,27.84,1363.1,10.0,3,3,1.0,1.0,1.0,1,1,30.4
32.28,81.01,133.36,220.99,36.73,79.73,1.82,0.24,28.19,753.5,10.0,0,1,0.4395,0.6417,0.6417,0,1,58.8
3.97,17.52,54.12,130.65,9.52,84.33,1.59,-0.07,29.14,1347.9,189.1,1,1,0.3241,0.5654,0.5654,0,0,69.9
2.33,12.3,39.31,110.09,0.0,67.85,0.5,-0.07,28.51,1274.8,25.5,1,1,0.257,0.4961,0.4961,0,0,73.7
43.03,89.2,183.86,367.69,51.08,98.0,2.35,0.35,21.65,1761.0,45.1,0,1,0.5371,0.7023,0.7023,0,1,57.8
144.57,304.34,527.97,689.87,105.88,98.0,3.13,1.14,15.57,1573.5,105.9,1,3,0.9063,1.0,1.0,1,1,37.6
23.03,62.55,139.6,227.9,27.35,81.01,2.35,0.18,26.67,1869.6,16.9,3,1,0.4662,0.6408,0.6408,0,1,61.6
0.51,7.58,22.19,54.05,22.86,72.32,1.52,-0.07,25.83,2294.2,506.6,1,0,0.2438,0.4362,0.4362,0,0,71.1
121.27,267.22,523.04,719.79,111.86,98.0,4.07,1.18,17.91,2062.0,203.9,0,1,0.871,1.0,1.0,1,1,36.5
7.6,29.43,70.27,177.61,13.2,89.77,0.91,-0.07,9.84,2290.4,105.5,3,0,0.3459,0.416,0.416,0,0,69.6
97.55,258.32,525.68,1042.02,96.45,98.0,2.54,0.76,15.4,839.5,286.9,0,1,0.6904,1.0,1.0,1,1,47.1
18.82,46.63,107.48,228.39,26.54,94.71,2.2,0.16,27.83,2384.1,81.6,2,2,0.4579,0.6792,0.6792,0,1,62.2
5.51,17.03,55.17,101.63,7.48,74.02,2.29,-0.05,27.28,1281.4,272.7,1,2,0.3266,0.5529,0.5529,0,0,64.2
9.78,29.64,68.63,172.99,30.65,70.81,1.78,-0.12,12.81,1206.6,209.8,3,4,0.3294,0.5046,0.5046,0,0,70.8
1.68,15.09,46.83,99.76,11.48,75.75,0.96,0.0,29.82,1415.8,10.0,1,1,0.3027,0.5379,0.5379,0,0,76.5
89.6,232.95,453.61,647.06,124.39,98.0,3.5,1.03,23.22,2042.4,191.2,3,2,0.7829,1.0,1.0,1,1,34.7
7.08,23.54,60.21,123.11,12.98,57.04,1.64,0.04,31.53,2324.6,183.9,1,1,0.2851,0.5156,0.5156,0,0,67.6
99.45,269.24,475.46,904.54,76.73,98.0,5.41,2.28,39.97,1664.5,45.8,3,4,1.0,1.0,1.0,1,1,28.1
48.34,103.18,148.19,290.9,44.03,98.0,2.28,0.37,19.11,1004.7,81.5,1,1,0.5542,0.6384,0.6384,0,1,51.6
0.12,9.16,30.47,90.16,13.0,72.34,1.76,-0.08,20.5,1103.2,17.8,4,2,0.3469,0.4638,0.4638,0,0,68.6
13.23,40.2,86.65,166.0,16.97,87.91,2.13,0.11,32.37,1418.9,131.8,2,1,0.414,0.641,0.641,0,1,62.6
2.63,16.71,35.03,69.11,0.09,48.55,0.92,-0.09,42.17,1353.5,134.6,0,2,0.2075,0.5761,0.5761,0,0,78.6
7.35,23.31,49.01,95.06,15.15,62.5,1.03,0.04,25.5,1143.1,478.5,3,2,0.2522,0.4989,0.4989,0,0,75.7
52.09,129.09,204.33,342.03,57.44,98.0,2.3,0.35,14.09,2152.9,153.9,3,1,0.5726,0.6669,0.6669,0,1,51.9
3.53,11.91,30.04,59.28,0.0,68.3,1.25,-0.12,41.66,1212.2,71.2,1,2,0.283,0.6213,0.6213,0,1,76.9
67.53,141.12,230.88,392.82,91.05,98.0,3.27,0.98,24.91,1728.0,23.9,1,1,0.7141,0.7859,0.7859,1,1,44.3
4.61,17.8,35.44,86.54,0.0,83.97,1.76,-0.08,24.59,1540.8,186.0,2,5,0.3413,0.6251,0.6251,0,1,69.4
27.06,60.41,96.58,174.6,8.33,98.0,2.28,0.34,27.43,2273.7,52.4,1,2,0.5015,0.6719,0.6719,0,1,52.5
15.82,37.0,87.72,138.57,16.94,90.26,1.52,0.14,17.09,1787.7,345.3,1,4,0.3638,0.6167,0.6167,0,0,62.9
126.56,269.8,540.8,911.86,83.58,98.0,6.15,2.6,36.25,1298.0,38.9,1,1,1.0,1.0,1.0,1,1,17.3
16.15,40.73,84.22,162.67,34.81,75.83,1.81,0.15,31.08,1803.8,26.3,4,2,0.4193,0.6239,0.6239,0,1,65.2
15.3,43.42,101.99,201.0,11.2,71.08,2.11,0.15,42.38,1276.2,116.2,0,2,0.3677,0.7227,0.7227,0,1,63.3
4.35,14.82,29.32,74.41,14.49,57.36,0.97,-0.02,15.34,899.9,296.7,2,2,0.2389,0.3792,0.3792,0,0,74.8
3.64,13.1,44.0,91.44,11.36,77.87,1.39,-0.02,30.29,1550.6,18.2,2,1,0.3377,0.5441,0.5441,0,0,67.8
85.54,229.59,391.46,584.38,85.93,98.0,3.88,1.22,26.6,2169.3,10.0,5,1,0.8524,0.9956,0.9956,1,1,36.4
93.28,199.28,333.49,635.43,111.14,98.0,5.5,2.05,40.21,2250.1,410.8,2,2,0.9438,1.0,1.0,1,1,20.3
9.31,29.28,70.72,150.4,18.74,95.05,0.91,-0.01,9.09,1647.2,17.6,1,3,0.3598,0.5153,0.5153,0,0,61.2
28.53,68.58,135.3,247.59,31.92,98.0,2.61,0.45,35.39,1904.2,112.2,1,1,0.5231,0.7529,0.7529,0,1,53.6
8.27,33.19,59.48,122.65,28.23,56.6,1.37,-0.01,30.43,1757.6,26.6,4,2,0.3219,0.5346,0.5346,0,0,67.9
60.76,144.41,240.85,500.83,69.95,98.0,3.08,0.96,29.87,2087.9,22.0,0,1,0.678,0.8377,0.8377,1,1,43.8
26.78,51.49,74.7,173.62,34.5,78.31,2.14,0.39,39.51,920.3,20.4,2,4,0.4706,0.7467,0.7467,0,1,62.3
18.2,56.86,116.66,262.66,24.45,97.71,1.41,0.28,29.23,1412.3,148.5,2,1,0.431,0.68,0.68,0,1,56.0
112.13,235.42,423.18,714.63,116.31,98.0,6.1,2.17,33.77,1167.6,171.1,2,0,1.0,1.0,1.0,1,1,24.2
1.02,12.03,27.58,59.82,1.18,57.12,1.61,-0.15,31.25,760.9,15.3,2,1,0.283,0.4736,0.4736,0,0,71.7
5.94,24.01,51.23,119.84,1.79,69.63,1.91,-0.06,10.5,2119.4,17.6,0,1,0.3243,0.3716,0.3716,0,0,67.5
12.51,44.57,75.32,143.42,19.28,80.68,1.77,0.0,12.06,971.4,326.8,0,1,0.3239,0.4445,0.4445,0,0,66.8
5.15,16.82,44.58,133.36,0.35,79.82,1.39,0.03,20.19,1283.6,106.7,1,0,0.3289,0.4395,0.4395,0,0,64.3
27.24,54.55,126.99,279.38,32.92,98.0,2.27,0.48,32.33,2180.3,182.4,0,4,0.4885,0.8082,0.8082,0,1,60.2
50.32,97.94,175.37,340.29,40.75,98.0,1.64,0.16,8.95,1940.2,10.1,1,1,0.5184,0.5904,0.5904,0,0,50.7
11.02,25.22,43.37,93.15,23.48,84.74,1.34,0.1,35.81,1686.7,10.0,2,6,0.3826,0.7568,0.7568,0,1,65.3
8.38,22.72,61.1,157.28,13.65,75.91,1.93,-0.14,15.31,1261.9,60.5,3,2,0.3621,0.4697,0.4697,0,0,62.1
65.17,139.82,227.63,447.65,62.82,98.0,3.22,1.04,28.14,1600.3,97.2,1,0,0.7031,0.7778,0.7778,1,1,46.6
11.77,26.4,63.8,157.5,10.22,78.4,0.96,0.04,15.24,842.8,55.9,2,1,0.3411,0.4494,0.4494,0,0,66.1
13.43,39.64,66.57,112.36,24.88,83.36,1.33,-0.04,14.33,1950.0,150.0,1,1,0.3417,0.4594,0.4594,0,0,72.5
8.67,34.08,86.92,125.23,9.08,73.07,0.74,-0.0,20.03,1141.6,132.9,1,2,0.2874,0.5311,0.5311,0,0,74.1
48.06,123.75,254.18,491.08,75.26,98.0,4.27,1.1,41.17,1540.7,71.1,1,2,0.7166,0.9745,0.9745,1,1,35.3
16.83,56.84,115.62,274.71,0.0,98.0,1.04,0.15,16.56,905.9,10.0,2,1,0.4178,0.5782,0.5782,0,0,70.0
90.97,165.74,287.04,485.2,106.2,98.0,1.69,0.39,9.75,1922.8,108.6,1,0,0.6329,0.7032,0.7032,1,1,49.9
122.98,340.93,613.59,1180.62,121.87,98.0,6.2,2.7,39.76,2228.1,33.2,2,1,1.0,1.0,1.0,1,1,26.7
8.37,30.06,48.36,103.32,13.03,79.73,1.09,-0.1,23.8,1502.3,58.5,1,2,0.3168,0.5328,0.5328,0,0,68.5
11.37,35.44,63.99,168.36,22.2,97.44,1.79,0.11,30.36,887.3,10.0,2,1,0.4321,0.6239,0.6239,0,1,66.1
37.74,80.99,147.26,277.88,42.51,98.0,3.31,0.76,39.89,2309.4,88.4,2,4,0.6211,0.8935,0.8935,1,1,48.8
9.03,24.66,61.39,105.63,21.97,60.07,2.2,0.07,35.2,1487.6,144.1,1,1,0.331,0.5549,0.5549,0,0,66.0
31.59,79.1,138.69,301.93,36.9,98.0,2.47,0.53,36.67,882.6,103.4,3,1,0.5536,0.7673,0.7673,0,1,54.3
56.6,132.48,200.16,385.07,68.16,98.0,2.74,0.78,25.28,1060.9,167.1,2,0,0.6343,0.7213,0.7213,1,1,46.5
153.09,396.55,636.24,1260.97,138.84,98.0,6.2,2.78,32.74,947.7,800.0,1,2,1.0,1.0,1.0,1,1,29.0
27.07,75.79,134.11,291.89,46.85,98.0,2.15,0.51,42.7,1075.9,120.1,0,1,0.494,0.8099,0.8099,0,1,56.5
32.71,90.16,169.33,234.28,32.23,98.0,2.68,0.75,40.03,1007.0,30.0,2,4,0.5874,0.9216,0.9216,0,1,59.3
37.29,94.75,163.76,236.77,60.07,98.0,2.61,0.53,30.05,2272.7,101.9,1,4,0.5544,0.8349,0.8349,0,1,57.2
10.05,37.27,82.42,171.26,19.57,86.32,1.67,-0.11,11.07,1095.0,33.7,0,3,0.3537,0.521,0.521,0,0,68.7
1.05,4.36,30.55,97.8,28.6,51.68,1.53,-0.09,43.27,1479.2,48.1,4,2,0.2888,0.5882,0.5882,0,0,69.5
10.28,41.94,82.68,127.25,21.03,67.57,1.67,-0.08,16.12,1954.3,52.1,0,1,0.3139,0.4492,0.4492,0,0,70.3
137.33,327.72,558.39,749.63,150.0,98.0,4.38,1.65,20.99,1867.0,88.1,0,4,0.9869,1.0,1.0,1,1,27.0
11.97,43.67,72.75,144.27,0.67,84.36,0.94,-0.05,13.05,2328.2,89.0,0,0,0.3208,0.4295,0.4295,0,0,65.9
27.64,62.57,142.12,231.41,51.01,84.7,2.16,0.08,14.0,2343.9,132.1,0,2,0.4213,0.5828,0.5828,0,0,65.0
8.83,23.45,58.2,112.63,17.03,87.37,1.63,0.12,36.65,1691.6,69.1,0,3,0.3689,0.6989,0.6989,0,1,66.9
20.14,53.6,91.51,141.52,37.49,94.06,1.41,-0.04,12.62,1991.3,24.9,1,5,0.4026,0.6262,0.6262,0,1,63.1
4.13,18.92,29.29,56.77,0.01,42.68,1.79,-0.07,14.82,1387.0,81.0,0,1,0.2461,0.3039,0.3039,0,0,72.8
27.68,66.76,109.41,243.16,36.51,98.0,1.15,0.09,14.17,1458.3,191.0,1,2,0.4095,0.5815,0.5815,0,0,56.7
15.78,33.23,71.41,149.05,22.82,82.58,1.31,0.15,21.33,922.2,145.6,0,1,0.355,0.5191,0.5191,0,0,75.6
4.56,23.34,64.56,118.47,9.71,72.08,1.84,0.06,33.01,1861.1,14.7,2,0,0.3563,0.5448,0.5448,0,0,67.1
6.9,17.3,39.95,107.15,14.81,50.31,1.65,-0.12,31.18,1196.5,355.6,2,1,0.2416,0.4691,0.4691,0,0,74.2
27.61,53.76,94.39,188.15,42.55,65.71,2.54,0.23,34.09,881.8,43.8,1,1,0.4332,0.602,0.602,0,0,59.9
13.18,33.6,65.08,121.17,18.44,87.59,1.86,0.21,34.17,912.1,106.0,1,3,0.4048,0.6881,0.6881,0,1,66.8
4.87,12.38,40.09,102.72,6.85,63.33,0.93,-0.1,8.11,1941.9,10.0,0,1,0.2619,0.3212,0.3212,0,0,70.6
129.98,285.44,440.32,732.02,131.67,98.0,6.0,2.47,32.64,1127.7,288.3,2,2,1.0,1.0,1.0,1,1,24.6
25.11,51.79,122.4,237.43,51.58,98.0,1.99,0.33,32.64,2020.5,138.1,1,3,0.471,0.7752,0.7752,0,1,63.7
62.99,180.45,273.01,469.64,58.71,98.0,1.71,0.3,10.24,2244.8,38.8,1,2,0.5646,0.75,0.75,0,1,48.4
11.14,41.5,93.65,164.17,37.61,98.0,1.77,0.14,23.38,1312.4,138.0,0,2,0.398,0.6359,0.6359,0,1,66.8
12.89,33.09,69.49,140.8,8.53,84.43,0.9,0.07,10.83,2059.9,41.5,0,3,0.3392,0.498,0.498,0,0,75.0
45.65,123.09,230.5,336.89,48.69,98.0,2.19,0.35,14.87,1457.4,36.1,1,2,0.5473,0.7351,0.7351,0,1,57.5
14.89,43.09,101.52,219.78,17.96,98.0,1.46,0.19,25.63,2024.2,71.1,2,2,0.4268,0.6635,0.6635,0,1,67.7
24.57,54.59,122.13,192.05,35.79,78.8,0.73,-0.1,8.43,1256.1,110.0,0,1,0.3224,0.4674,0.4674,0,0,63.2
5.81,22.72,68.99,152.6,12.28,90.53,1.63,-0.15,11.42,2287.0,28.2,2,2,0.3667,0.4892,0.4892,0,0,63.7
11.84,36.79,75.67,138.76,3.8,78.4,0.75,-0.11,11.06,2378.9,163.0,1,0,0.2922,0.4005,0.4005,0,0,71.3
2.64,15.02,44.29,107.3,12.69,80.89,0.87,-0.06,12.48,1387.2,103.5,2,1,0.3032,0.4105,0.4105,0,0,79.3
4.61,18.78,42.33,88.39,11.51,58.2,1.21,0.01,9.79,1078.2,10.0,3,3,0.3031,0.383,0.383,0,0,66.4
0.02,10.29,31.57,61.43,7.96,45.53,1.55,-0.08,30.03,1880.8,95.7,2,2,0.2485,0.4663,0.4663,0,0,70.4
0.8,7.56,25.34,59.37,17.26,54.97,1.43,-0.15,14.43,1712.9,65.6,0,0,0.2427,0.3003,0.3003,0,0,77.7
75.69,193.9,413.29,832.41,113.1,98.0,5.18,1.72,39.05,2385.9,132.8,4,0,0.9089,1.0,1.0,1,1,33.4
5.55,13.37,44.47,111.58,25.28,95.5,1.35,0.09,39.85,2089.1,273.7,0,2,0.3364,0.7006,0.7006,0,1,71.0
21.77,62.9,119.26,256.39,36.33,94.95,2.16,0.35,32.88,2127.9,36.6,1,1,0.48,0.7046,0.7046,0,1,61.6
36.54,81.36,135.6,231.37,55.6,98.0,2.35,0.21,10.34,1948.7,134.4,0,1,0.4942,0.5528,0.5528,0,0,55.2
16.0,38.25,85.06,201.88,14.75,95.25,2.26,0.3,40.1,1328.8,19.7,0,3,0.4568,0.7814,0.7814,0,1,61.3
3.32,17.32,45.6,98.44,10.65,80.94,0.81,-0.03,23.07,2294.1,10.7,1,2,0.3078,0.5269,0.5269,0,0,67.7
122.44,310.78,509.62,1036.85,133.04,98.0,2.95,0.95,14.52,1518.4,322.3,1,2,0.7953,1.0,1.0,1,1,40.2
113.92,253.6,529.49,810.59,146.87,98.0,5.95,2.4,36.04,1409.1,237.9,0,2,1.0,1.0,1.0,1,1,25.5
26.28,70.19,140.66,272.91,40.7,88.55,1.68,0.24,20.48,1070.5,83.5,2,1,0.4482,0.6137,0.6137,0,0,55.3
29.37,87.78,176.02,343.44,18.64,98.0,2.17,0.35,26.22,1251.5,17.9,0,1,0.4985,0.7293,0.7293,0,1,62.7
74.11,179.75,351.7,651.97,109.9,98.0,4.32,1.35,34.75,753.7,36.7,1,0,0.8127,0.9822,0.9822,1,1,38.6
17.05,36.1,65.91,142.93,33.26,77.64,1.87,0.07,11.64,1838.8,100.5,3,2,0.4007,0.4511,0.4511,0,0,64.0
8.36,25.98,52.9,95.95,0.45,77.87,1.34,0.04,14.1,1749.0,126.6,2,3,0.3385,0.4855,0.4855,0,0,69.6
20.91,48.71,80.21,179.46,34.03,81.18,3.1,0.42,42.87,1415.0,140.8,1,1,0.482,0.6983,0.6983,0,1,55.2
1.42,13.52,36.85,110.02,16.35,68.58,1.73,-0.08,33.69,2345.7,165.3,0,0,0.2812,0.5065,0.5065,0,0,74.9
45.54,111.82,209.25,305.11,48.42,98.0,2.04,0.4,16.32,1893.6,28.3,0,1,0.5364,0.6907,0.6907,0,1,57.7
2.54,20.28,59.92,112.92,10.83,85.9,1.28,-0.04,28.66,1150.5,42.2,1,3,0.3331,0.633,0.633,0,1,69.8
7.95,25.08,58.11,154.37,20.8,98.0,1.27,-0.01,14.77,1374.9,10.0,0,0,0.3697,0.4636,0.4636,0,0,69.4
33.83,86.46,165.77,286.25,34.29,98.0,2.4,0.76,39.16,1601.1,10.0,2,1,0.5813,0.8203,0.8203,0,1,40.4
18.19,49.3,108.17,196.55,51.67,85.53,1.65,0.03,24.15,1649.8,44.4,0,1,0.3846,0.5949,0.5949,0,0,67.4
10.01,19.12,30.26,52.55,0.0,60.35,1.22,0.01,37.05,1204.8,24.7,1,3,0.2999,0.5924,0.5924,0,0,72.5
86.79,197.96,413.35,752.25,86.79,98.0,5.67,2.04,42.99,1161.6,81.4,2,0,0.9782,1.0,1.0,1,1,25.5
38.56,103.77,175.95,355.26,67.3,98.0,3.49,0.85,43.31,1244.0,226.6,3,0,0.6317,0.8359,0.8359,1,1,51.0
8.31,25.8,39.47,59.63,20.24,39.52,1.12,-0.06,12.95,2339.5,154.0,0,1,0.2105,0.2925,0.2925,0,0,74.7
150.52,336.73,569.24,971.7,150.0,98.0,6.2,2.8,42.01,1343.2,168.6,1,5,1.0,1.0,1.0,1,1,20.8
1.85,12.91,44.63,87.43,7.65,70.59,1.42,-0.05,17.73,1367.3,110.0,1,1,0.2931,0.424,0.424,0,0,71.1
29.99,77.66,142.56,231.78,30.83,98.0,2.07,0.18,20.95,1938.4,144.7,0,1,0.4613,0.6462,0.6462,0,1,62.9
37.62,87.99,146.89,309.48,50.88,98.0,1.56,0.1,10.27,1018.6,23.8,0,3,0.4659,0.6261,0.6261,0,1,66.2
4.01,20.47,36.16,83.09,18.93,60.89,1.54,-0.04,31.24,1811.2,96.5,1,2,0.2855,0.5246,0.5246,0,0,72.8
11.25,28.21,68.33,108.49,9.94,75.97,1.27,0.02,31.19,1849.1,101.4,3,5,0.3505,0.6957,0.6957,0,1,64.0
3.62,14.59,46.91,89.12,0.0,84.5,1.61,-0.1,35.97,856.4,118.9,1,1,0.3307,0.6117,0.6117,0,0,65.1
24.52,50.33,102.36,173.16,23.26,93.33,2.64,0.39,42.07,1063.4,181.3,2,3,0.4991,0.813,0.813,0,1,57.3
15.33,33.16,65.2,120.52,13.02,71.0,1.68,0.03,23.41,1519.7,345.9,3,1,0.336,0.4958,0.4958,0,0,64.0
20.17,51.21,102.17,227.21,23.59,98.0,2.34,0.13,22.67,2128.4,149.3,1,1,0.4536,0.6106,0.6106,0,0,68.1
4.38,19.36,32.68,96.27,3.53,71.9,1.12,-0.13,31.01,1958.4,307.0,2,4,0.2647,0.6093,0.6093,0,0,77.6
4.76,13.13,37.84,87.21,15.76,65.75,1.26,-0.04,32.03,2191.2,95.8,1,1,0.2857,0.5166,0.5166,0,0,73.9
0.85,12.88,23.08,46.12,1.67,74.2,1.84,-0.17,24.03,2154.2,41.0,1,2,0.3148,0.4882,0.4882,0,0,75.0
7.77,25.37,49.94,81.0,5.69,81.4,1.03,0.05,41.1,1594.0,128.9,3,2,0.3418,0.6777,0.6777,0,1,68.9
16.41,43.74,77.02,126.17,26.58,90.79,1.39,-0.08,9.88,1776.8,475.2,1,0,0.3211,0.4274,0.4274,0,0,69.8
39.03,95.89,198.4,389.65,47.68,98.0,2.62,0.69,35.23,2269.3,148.4,0,1,0.5587,0.8287,0.8287,0,1,52.1
21.99,65.97,134.65,263.31,18.19,98.0,1.84,0.15,15.49,1972.8,416.9,5,2,0.4422,0.6229,0.6229,0,1,62.6
92.37,204.63,405.35,532.35,109.98,98.0,3.82,1.36,25.83,1340.5,10.0,1,3,0.8416,1.0,1.0,1,1,32.8
61.2,158.46,264.53,550.54,42.56,98.0,4.47,1.33,38.65,1328.1,35.9,2,2,0.7954,0.9669,0.9669,1,1,37.3
25.41,53.34,85.56,160.2,40.84,75.46,2.24,0.17,19.87,1354.9,38.4,1,2,0.4312,0.5348,0.5348,0,0,62.7
53.23,101.81,223.83,424.41,33.21,98.0,3.43,1.18,40.39,1567.1,66.8,1,3,0.7006,0.9611,0.9611,1,1,45.8
15.0,33.83,78.62,113.63,15.75,84.16,1.26,0.04,24.22,1348.1,10.0,3,2,0.3919,0.5855,0.5855,0,0,66.7
78.22,213.15,446.64,640.31,85.75,98.0,4.72,1.36,33.3,1059.4,294.8,0,1,0.7977,1.0,1.0,1,1,37.8
1.09,3.99,9.97,21.36,20.97,56.12,1.03,-0.02,34.02,1731.6,147.3,2,3,0.2504,0.5315,0.5315,0,0,73.6
25.9,63.06,131.37,219.07,28.34,95.44,1.64,0.14,17.39,2184.2,10.5,3,5,0.4705,0.7169,0.7169,0,1,58.2
137.5,318.99,669.4,1167.19,144.63,98.0,6.2,2.8,40.42,1562.7,23.0,1,2,1.0,1.0,1.0,1,1,20.9
7.21,25.55,61.38,119.65,12.56,65.84,1.3,-0.07,12.49,1111.6,110.9,3,1,0.3088,0.3893,0.3893,0,0,76.4
85.81,219.96,315.04,442.05,97.42,98.0,4.31,1.46,29.24,2091.5,287.0,1,2,0.8195,0.9534,0.9534,1,1,37.3
16.62,46.32,98.61,187.51,0.0,83.14,1.75,0.22,41.44,1997.0,11.0,1,4,0.4125,0.8049,0.8049,0,1,64.8
18.35,52.48,125.34,240.53,44.87,98.0,1.6,0.03,9.12,1905.4,68.2,3,1,0.4368,0.5305,0.5305,0,0,62.2
3.64,14.22,35.62,90.31,13.85,71.55,0.96,-0.01,27.13,1863.3,26.8,3,2,0.315,0.5209,0.5209,0,0,66.8
9.55,29.72,64.34,118.72,5.95,61.51,1.58,-0.03,16.87,2040.8,23.9,2,2,0.3234,0.4458,0.4458,0,0,78.3
19.2,53.89,96.63,174.24,14.81,90.64,0.99,0.01,14.93,2119.9,157.2,2,1,0.3717,0.5213,0.5213,0,0,60.4
70.01,178.59,371.36,664.44,44.0,98.0,2.66,0.57,16.42,2232.0,210.2,2,1,0.6373,0.8896,0.8896,1,1,49.0
26.01,70.14,129.52,222.64,21.78,98.0,2.72,0.57,40.5,1756.4,304.8,1,2,0.5076,0.8167,0.8167,0,1,54.0
51.18,125.8,268.05,508.49,47.09,98.0,2.63,0.67,23.32,1399.4,138.2,0,1,0.5887,0.8186,0.8186,0,1,58.3
28.73,67.17,138.88,286.96,55.49,98.0,2.43,0.21,16.49,898.3,10.0,2,0,0.5152,0.5761,0.5761,0,0,54.5
17.92,39.15,94.0,177.81,54.33,88.21,2.85,0.39,41.39,1942.0,53.0,2,1,0.497,0.723,0.723,0,1,60.4
4.26,20.24,34.31,88.68,13.59,72.05,1.84,-0.14,19.58,983.0,69.9,0,1,0.3074,0.4303,0.4303,0,0,63.6
21.97,55.89,102.07,223.1,8.54,98.0,1.89,0.38,34.04,2183.1,38.7,2,1,0.4876,0.7015,0.7015,0,1,59.9
19.53,57.0,84.62,156.59,45.22,93.42,2.32,0.12,27.34,1419.7,93.1,3,4,0.467,0.7037,0.7037,0,1,63.7
18.45,50.78,108.47,193.56,6.77,87.23,1.41,0.17,32.45,2195.6,31.8,1,3,0.4034,0.7264,0.7264,0,1,65.8
103.47,224.4,393.41,731.39,118.76,98.0,3.01,0.7,14.58,1605.5,275.6,1,2,0.7312,0.9318,0.9318,1,1,35.4
15.04,50.67,74.25,166.67,23.84,81.05,1.46,0.12,32.43,1498.2,18.6,1,3,0.3803,0.6671,0.6671,0,1,61.6
8.14,30.38,67.99,164.99,27.2,73.06,1.74,-0.01,40.61,1349.9,66.6,2,1,0.3488,0.6425,0.6425,0,1,67.0
14.65,34.39,81.13,163.49,13.57,94.43,0.88,0.06,11.63,851.2,16.0,2,0,0.3875,0.4566,0.4566,0,0,68.5
72.55,159.25,332.66,580.82,96.14,98.0,2.94,0.71,19.76,769.0,53.2,0,2,0.6716,0.899,0.899,1,1,44.0
82.34,221.38,445.43,868.0,125.69,98.0,5.22,1.97,43.01,1589.3,79.6,1,4,0.9301,1.0,1.0,1,1,27.3
4.11,17.72,33.52,101.8,13.12,80.12,1.26,-0.06,16.11,2236.8,96.9,2,4,0.3235,0.5142,0.5142,0,0,66.5
1.78,12.87,21.16,73.53,6.39,70.1,1.22,-0.04,10.14,1717.1,48.3,2,4,0.3025,0.4233,0.4233,0,0,66.5
11.46,33.1,81.42,175.03,24.94,80.92,1.68,-0.08,9.98,2172.9,199.1,2,0,0.3465,0.406,0.406,0,0,69.0
21.48,49.97,101.95,178.36,33.99,74.04,1.75,0.07,17.91,2399.6,86.9,0,2,0.3694,0.5352,0.5352,0,0,63.0
11.51,37.54,85.6,169.49,11.57,67.0,1.68,-0.05,25.82,1044.7,585.8,0,0,0.2476,0.4987,0.4987,0,0,81.7
6.48,22.4,41.68,83.39,4.81,37.95,1.79,0.01,17.68,1838.3,15.8,3,2,0.288,0.3586,0.3586,0,0,70.3
16.34,33.13,51.93,118.02,11.12,89.68,1.79,0.15,18.11,1437.9,24.3,4,2,0.4489,0.5195,0.5195,0,0,57.7
8.52,25.19,39.25,61.26,0.0,75.82,1.77,0.13,37.93,1094.5,194.2,2,2,0.3533,0.6237,0.6237,0,1,60.1
54.02,117.85,220.74,448.73,73.06,98.0,4.12,1.07,35.61,1147.5,97.0,1,3,0.7177,0.9191,0.9191,1,1,34.6
85.59,208.71,402.0,795.1,78.37,98.0,3.65,0.8,19.19,1153.7,53.6,1,3,0.7552,1.0,1.0,1,1,47.9
13.96,42.45,61.73,148.52,19.35,83.21,1.44,0.03,20.42,1953.9,63.4,0,1,0.3563,0.5018,0.5018,0,0,70.1
7.95,23.7,59.31,121.79,9.84,67.74,1.8,0.02,42.91,1335.8,99.6,0,3,0.3173,0.6954,0.6954,0,1,69.6
74.9,162.48,347.85,591.12,71.85,98.0,4.93,1.75,42.21,1172.0,10.8,3,2,0.9051,1.0,1.0,1,1,30.8
129.1,292.46,452.4,777.63,150.0,98.0,6.2,2.8,43.03,2211.8,173.8,0,1,1.0,1.0,1.0,1,1,17.6
145.33,284.2,463.78,710.63,133.76,98.0,6.2,2.8,41.81,806.7,71.6,2,3,1.0,1.0,1.0,1,1,23.3
8.2,29.95,51.22,90.92,11.39,74.01,1.48,-0.03,30.61,1963.8,63.8,4,1,0.3578,0.5447,0.5447,0,0,61.3
50.65,128.4,279.91,398.91,63.31,98.0,2.4,0.41,19.1,2334.9,178.0,0,1,0.5461,0.7993,0.7993,0,1,53.2
0.24,4.78,16.71,37.1,11.34,48.97,1.63,-0.19,42.9,1782.3,101.1,1,3,0.2383,0.5908,0.5908,0,0,71.7
16.1,49.47,125.51,280.21,15.08,98.0,2.32,0.19,34.74,1654.5,168.4,3,2,0.4659,0.7657,0.7657,0,1,60.9
26.99,65.81,113.17,208.11,40.26,77.45,2.11,0.32,33.6,851.4,316.8,1,2,0.411,0.684,0.684,0,1,61.3
13.27,38.57,75.59,146.9,26.14,82.98,1.53,0.14,36.71,1579.9,349.9,1,0,0.3406,0.6185,0.6185,0,0,63.1
103.6,241.4,359.71,537.39,98.1,98.0,5.07,1.73,29.54,1346.3,67.3,1,2,0.9546,1.0,1.0,1,1,27.2
71.84,155.97,293.63,631.76,88.62,98.0,3.91,1.13,29.0,2033.9,10.0,2,1,0.7806,0.8953,0.8953,1,1,39.5
14.6,41.11,88.15,183.8,19.85,83.01,1.56,0.14,21.01,2089.4,10.0,2,3,0.4014,0.5982,0.5982,0,0,66.6
19.05,60.66,131.89,227.12,28.25,94.17,1.34,-0.05,13.43,1026.5,146.6,1,5,0.3799,0.6823,0.6823,0,1,72.7
5.4,13.06,33.56,69.12,6.23,78.17,1.64,0.04,23.79,1611.7,10.2,1,2,0.351,0.5102,0.5102,0,0,76.7
148.71,292.81,502.57,952.68,137.57,98.0,6.2,2.3,26.63,2168.9,59.4,1,2,1.0,1.0,1.0,1,1,20.9
11.21,38.55,95.8,146.96,15.97,88.49,1.5,0.13,39.6,1780.5,130.3,0,1,0.3652,0.7117,0.7117,0,1,65.0
1.56,12.89,33.26,85.58,5.22,77.94,1.77,-0.07,22.46,1543.6,771.4,2,1,0.2441,0.4685,0.4685,0,0,71.3
2.24,8.45,31.78,73.0,0.0,88.66,1.58,-0.13,39.79,2231.8,30.3,2,3,0.354,0.6954,0.6954,0,1,57.2
36.34,86.43,169.89,284.3,60.08,98.0,1.26,0.35,19.43,2344.7,10.0,2,1,0.4967,0.6675,0.6675,0,1,60.4
5.48,16.06,45.5,73.08,4.18,57.39,1.34,-0.06,42.01,1138.2,10.0,2,2,0.2917,0.6124,0.6124,0,0,74.4
4.34,20.33,53.87,136.08,0.0,70.73,0.88,-0.07,9.4,1051.6,30.3,1,5,0.2847,0.4891,0.4891,0,0,67.4
14.06,39.44,79.87,130.47,18.54,97.41,2.22,0.14,26.91,2177.0,595.5,1,2,0.3732,0.6457,0.6457,0,1,70.2
29.28,58.22,102.59,226.84,35.0,98.0,1.91,0.3,19.58,1150.9,10.0,0,2,0.4818,0.6164,0.6164,0,0,59.8
1.28,5.75,32.58,77.24,12.16,46.24,1.77,-0.16,18.6,2148.9,166.0,0,1,0.226,0.3481,0.3481,0,0,78.6
17.2,50.57,120.88,242.88,1.04,98.0,1.15,0.07,10.86,1247.0,19.5,4,0,0.4342,0.509,0.509,0,0,62.2
2.54,7.54,36.21,73.38,0.0,48.58,1.67,0.02,32.53,781.7,27.3,2,2,0.2858,0.5005,0.5005,0,0,70.1
0.74,16.14,37.76,80.61,19.93,59.12,0.93,-0.16,22.13,1446.2,10.8,1,1,0.2458,0.4187,0.4187,0,0,77.3
1.08,4.98,16.51,37.43,18.32,59.19,1.09,-0.03,42.17,816.6,31.1,2,2,0.2748,0.5832,0.5832,0,0,73.8
89.2,224.18,469.31,926.53,87.66,98.0,4.87,1.73,33.65,1093.2,14.7,2,0,0.9265,1.0,1.0,1,1,28.3
2.51,12.66,25.21,50.15,16.56,64.18,1.45,-0.02,23.94,1540.9,10.0,2,1,0.3091,0.4321,0.4321,0,0,73.3
0.92,7.93,29.38,74.61,0.0,64.04,1.33,-0.18,30.58,813.5,192.3,0,3,0.2392,0.5499,0.5499,0,0,74.1
11.52,31.38,58.58,105.27,7.46,55.65,1.26,-0.09,10.38,804.8,25.4,2,5,0.2945,0.4604,0.4604,0,0,69.0
37.16,103.89,179.34,321.09,37.42,98.0,2.72,0.5,29.21,1006.0,15.2,1,4,0.5673,0.8473,0.8473,0,1,48.7
6.09,24.78,68.67,169.12,16.67,74.4,1.64,0.06,31.98,1513.5,38.1,2,1,0.3525,0.5781,0.5781,0,0,74.8
10.95,30.7,76.6,168.28,18.09,85.84,1.18,-0.06,11.82,2357.1,168.2,0,2,0.3206,0.4886,0.4886,0,0,66.3
0.81,2.65,5.61,22.23,11.16,52.84,0.99,-0.16,32.57,904.1,30.6,2,5,0.2418,0.5653,0.5653,0,0,66.4
11.92,42.93,74.61,141.51,0.0,90.91,1.83,0.03,25.06,1776.2,93.7,3,2,0.4114,0.6062,0.6062,0,0,68.9
17.24,59.33,128.4,292.15,29.69,98.0,2.19,0.24,25.27,1570.2,29.4,0,3,0.4564,0.7235,0.7235,0,1,62.5
16.92,41.07,91.04,146.16,40.62,97.94,2.12,0.25,34.05,849.3,58.7,1,3,0.4592,0.7479,0.7479,0,1,51.6
8.08,26.24,72.09,156.8,14.92,75.88,2.05,-0.05,24.19,806.3,88.4,0,1,0.3412,0.5241,0.5241,0,0,72.4
7.58,26.75,66.41,148.55,32.31,74.93,1.76,0.04,16.44,1116.0,170.2,1,0,0.3332,0.4225,0.4225,0,0,70.8
99.29,235.24,453.51,653.73,102.19,98.0,3.13,1.02,18.74,1879.8,39.7,2,3,0.7999,1.0,1.0,1,1,41.3
9.14,19.08,39.74,71.7,31.67,59.63,1.73,-0.03,34.58,2337.9,71.0,0,4,0.2986,0.6122,0.6122,0,0,71.5
2.1,11.87,31.61,84.35,5.17,68.33,1.81,-0.16,10.56,1667.5,123.6,2,2,0.3038,0.3744,0.3744,0,0,71.9
29.1,90.6,199.97,421.9,47.36,98.0,2.9,0.53,38.27,825.5,38.6,2,2,0.5646,0.885,0.885,0,1,53.9
67.79,172.52,365.42,582.19,73.34,98.0,3.22,0.99,28.96,1175.7,29.8,0,4,0.7027,1.0,1.0,1,1,43.8
70.18,182.16,366.06,571.3,40.1,98.0,4.36,1.28,34.17,2304.8,101.0,4,3,0.8191,1.0,1.0,1,1,39.3
40.06,92.82,176.87,377.22,32.31,98.0,2.87,0.29,20.37,770.7,365.4,0,1,0.5041,0.6836,0.6836,0,1,58.4
83.57,219.58,440.51,598.61,122.05,98.0,3.08,0.78,16.02,1743.7,289.1,1,2,0.6915,1.0,1.0,1,1,39.4
24.14,57.62,105.83,196.45,24.68,74.56,2.32,0.33,36.96,1045.2,110.1,1,1,0.4356,0.6638,0.6638,0,1,57.8
6.72,29.05,58.32,109.3,11.38,82.31,1.78,0.03,11.68,859.2,65.8,1,2,0.3608,0.4552,0.4552,0,0,65.6
19.93,45.61,106.92,154.52,9.87,87.21,1.5,0.07,13.97,1169.8,100.1,1,1,0.3919,0.5166,0.5166,0,0,58.0
12.16,25.45,43.42,68.1,18.42,57.92,1.2,0.03,18.26,2296.0,194.3,0,1,0.268,0.3913,0.3913,0,0,71.3
13.16,34.99,78.57,160.0,19.8,89.98,1.27,0.1,20.64,2006.9,11.7,0,3,0.3756,0.6031,0.6031,0,0,66.0
28.36,63.82,116.85,210.64,31.72,88.11,2.0,0.17,15.33,1032.5,182.3,1,2,0.4365,0.5722,0.5722,0,0,57.3
6.62,29.3,57.39,113.05,9.1,74.32,1.54,0.06,40.85,858.4,128.8,2,2,0.3376,0.6651,0.6651,0,1,72.9
7.66,29.65,59.88,105.83,11.97,73.16,1.42,-0.09,8.98,1563.7,37.6,2,0,0.3298,0.3499,0.3499,0,0,63.7
51.71,131.32,276.12,528.54,42.86,98.0,3.44,0.99,36.92,836.9,250.5,2,3,0.6635,0.9973,0.9973,1,1,44.2
1.16,11.02,29.57,76.66,8.96,51.22,0.88,-0.04,22.8,1416.7,10.0,2,3,0.2491,0.4519,0.4519,0,0,75.4
13.3,43.66,91.75,179.84,6.04,81.01,2.25,0.22,38.1,2070.4,301.1,3,2,0.4029,0.7038,0.7038,0,1,60.6
125.85,315.63,627.32,904.89,150.0,98.0,5.62,2.63,36.65,1576.1,58.9,0,3,1.0,1.0,1.0,1,1,26.4
18.85,51.35,86.86,173.24,12.3,90.85,1.08,0.07,12.36,2229.8,199.5,2,3,0.3752,0.5494,0.5494,0,0,61.6
15.81,53.01,94.37,157.4,20.01,66.11,1.54,0.02,31.99,2055.6,20.1,3,2,0.3626,0.6164,0.6164,0,0,71.8
5.75,27.33,75.19,154.83,28.73,66.57,1.04,-0.11,21.62,1666.2,100.6,0,0,0.2626,0.4513,0.4513,0,0,69.8
8.41,22.53,47.1,84.99,19.42,50.72,1.54,-0.08,37.56,2054.2,10.0,1,1,0.2814,0.53,0.53,0,0,66.5
38.22,95.06,197.77,338.9,34.96,98.0,3.55,0.85,38.64,906.5,39.2,1,1,0.6386,0.8552,0.8552,1,1,50.1
16.38,39.54,96.19,220.63,24.78,98.0,2.06,0.07,14.81,1082.2,212.4,2,0,0.4264,0.5104,0.5104,0,0,62.0
14.46,37.31,83.86,195.77,11.44,98.0,1.06,0.04,25.23,1905.7,72.7,4,2,0.4139,0.6387,0.6387,0,1,56.1
2.1,15.39,42.42,127.41,2.32,66.04,1.16,-0.01,29.4,759.4,129.3,0,0,0.2638,0.472,0.472,0,0,73.6
0.32,1.88,16.79,35.19,0.0,50.77,1.18,-0.15,27.59,757.7,197.5,0,0,0.2034,0.3834,0.3834,0,0,79.4
66.31,162.07,251.55,366.4,80.77,98.0,3.1,0.49,17.06,1377.6,90.7,3,3,0.6661,0.8084,0.8084,1,1,55.5
9.46,30.59,50.76,96.62,0.0,77.36,1.46,0.02,17.81,2180.7,105.8,3,0,0.3571,0.4211,0.4211,0,0,67.5
18.49,58.66,106.7,196.45,24.75,98.0,2.66,0.23,38.89,2368.4,174.5,2,1,0.4798,0.746,0.746,0,1,52.3
1.66,10.21,40.42,78.78,10.24,57.45,1.23,-0.16,9.18,1822.2,15.4,2,1,0.2671,0.3137,0.3137,0,0,82.3
22.98,64.96,107.54,214.53,21.84,98.0,2.2,0.2,17.45,2318.0,10.0,0,5,0.4698,0.6954,0.6954,0,1,61.3
53.93,133.84,241.82,472.98,74.35,98.0,2.56,0.39,16.03,2148.7,116.7,3,2,0.5979,0.7582,0.7582,0,1,42.8
17.14,39.78,67.37,129.84,7.88,70.89,1.92,0.11,21.34,1082.4,443.0,1,1,0.3261,0.4816,0.4816,0,0,71.1
2.7,12.53,24.4,74.78,4.56,42.8,1.92,-0.07,32.7,1416.5,124.2,1,2,0.2526,0.4713,0.4713,0,0,74.0
17.43,47.74,101.13,203.89,21.12,80.43,1.98,0.13,27.16,1779.2,146.5,1,1,0.3915,0.5961,0.5961,0,0,67.4
29.08,77.49,125.03,249.46,34.28,88.01,1.35,0.29,27.46,999.7,128.9,3,1,0.448,0.649,0.649,0,1,63.6
107.79,215.14,417.69,846.95,121.39,98.0,5.3,2.05,34.33,1266.6,111.7,2,3,1.0,1.0,1.0,1,1,27.4
42.38,84.04,163.27,328.97,55.27,98.0,3.48,0.86,37.24,1998.0,26.4,1,1,0.6485,0.8019,0.8019,1,1,48.6
20.92,59.31,139.68,307.84,27.84,98.0,1.8,0.06,13.76,1318.7,220.1,0,3,0.4048,0.6452,0.6452,0,1,63.8
45.9,91.13,173.16,368.95,43.56,98.0,1.61,0.31,11.89,2277.8,103.1,0,2,0.4987,0.6411,0.6411,0,1,60.6
19.54,54.07,127.53,223.54,16.86,98.0,1.89,0.1,18.84,1421.2,460.0,0,2,0.3774,0.641,0.641,0,1,57.2
2.81,14.78,44.74,88.54,3.73,60.01,1.84,-0.16,37.79,1112.6,10.0,1,3,0.2937,0.615,0.615,0,0,67.9
125.2,306.08,646.17,1080.13,110.42,98.0,5.13,1.91,27.5,1096.7,42.5,1,4,1.0,1.0,1.0,1,1,26.3
4.51,10.95,27.95,78.3,18.76,49.16,1.1,-0.16,13.14,1883.9,12.6,2,2,0.2511,0.3369,0.3369,0,0,70.7
47.9,129.21,264.97,396.85,55.87,98.0,2.31,0.22,13.89,1357.5,235.2,1,2,0.5183,0.7694,0.7694,0,1,57.0
28.58,82.44,180.74,296.44,46.38,98.0,2.9,0.49,40.34,1141.5,204.4,3,5,0.5474,0.968,0.968,0,1,50.0
22.56,50.21,82.78,148.9,17.91,88.62,1.94,0.24,21.21,1894.9,178.0,3,5,0.4479,0.669,0.669,0,1,59.1
7.16,25.95,60.44,99.58,15.71,81.28,1.71,-0.07,17.19,1445.3,136.2,3,2,0.3579,0.499,0.499,0,0,67.4
4.07,9.87,42.46,78.57,0.14,53.92,1.83,-0.14,32.97,2145.9,13.5,1,1,0.2843,0.4967,0.4967,0,0,74.6
28.25,64.02,130.57,301.41,55.71,98.0,2.85,0.49,38.99,1655.8,62.5,1,1,0.5435,0.7759,0.7759,0,1,60.7
12.86,44.71,80.65,145.51,32.41,80.04,1.63,0.06,23.93,2354.1,146.3,2,6,0.3671,0.6941,0.6941,0,1,69.9
5.12,22.98,62.95,117.04,26.0,83.12,0.91,0.04,36.48,1367.8,53.7,3,0,0.3429,0.6015,0.6015,0,0,70.1
19.17,62.72,93.35,158.63,9.64,98.0,1.23,0.2,23.48,1215.5,151.8,2,3,0.4173,0.6663,0.6663,0,1,59.5
0.82,3.24,19.45,51.76,12.32,84.74,1.0,-0.01,32.89,1813.5,40.3,2,2,0.3265,0.5842,0.5842,0,0,70.9
7.9,30.45,67.54,136.99,0.0,61.13,2.11,0.04,28.69,1918.8,94.1,0,1,0.3194,0.5132,0.5132,0,0,66.0
12.64,27.11,49.61,139.58,32.62,77.2,2.06,0.09,40.2,778.0,52.5,0,3,0.3754,0.6884,0.6884,0,1,63.2
3.2,12.78,27.73,76.72,8.29,54.19,1.56,-0.01,19.7,1854.5,305.4,2,2,0.2546,0.4032,0.4032,0,0,70.5
83.54,213.36,408.33,706.2,84.34,98.0,4.42,1.59,35.74,1048.7,70.1,3,5,0.8803,1.0,1.0,1,1,39.1
138.55,369.31,774.97,1408.73,150.0,98.0,6.2,2.61,32.62,2332.1,40.5,6,1,1.0,1.0,1.0,1,1,24.9
2.79,21.63,45.96,86.77,4.93,49.98,1.49,-0.05,38.2,1700.4,10.0,2,2,0.2771,0.5617,0.5617,0,0,69.1
4.55,13.37,23.95,38.69,5.08,53.25,2.11,-0.02,29.87,959.0,18.9,1,0,0.3082,0.4173,0.4173,0,0,78.3
119.11,314.71,536.35,1017.56,145.14,98.0,5.09,1.66,24.56,837.0,99.9,2,2,0.9918,1.0,1.0,1,1,18.7
11.09,29.56,73.74,142.36,30.33,84.4,1.38,-0.11,9.78,2201.3,144.9,2,1,0.3448,0.4347,0.4347,0,0,64.6
16.67,40.41,80.25,142.2,21.83,69.71,2.29,0.12,38.23,2153.5,370.5,2,2,0.3598,0.6591,0.6591,0,1,69.2
0.42,2.27,13.25,58.32,0.0,81.73,2.16,-0.07,40.76,1466.3,109.0,1,2,0.3455,0.6311,0.6311,0,1,66.6
0.7,4.28,13.8,65.88,8.41,51.91,1.19,-0.07,24.19,894.4,137.0,3,1,0.2537,0.3857,0.3857,0,0,76.5
11.81,29.17,54.44,89.39,6.11,86.52,0.98,-0.04,16.0,1393.5,116.0,1,0,0.3343,0.4368,0.4368,0,0,66.3
33.93,74.03,136.88,282.82,56.2,98.0,2.21,0.49,31.3,2004.9,279.3,0,1,0.4899,0.7221,0.7221,0,1,57.9
43.3,106.8,180.58,242.67,49.32,85.8,1.38,0.27,12.38,1841.5,43.2,0,2,0.4592,0.62,0.62,0,1,62.1
1.81,16.5,51.96,114.71,3.12,74.37,0.64,-0.04,9.47,2177.5,110.9,2,1,0.2785,0.3775,0.3775,0,0,72.6
15.46,36.31,92.06,162.13,24.74,94.71,2.01,0.05,18.44,1989.5,385.6,1,1,0.3796,0.5553,0.5553,0,0,62.0
126.49,305.81,597.47,1171.62,139.55,98.0,6.2,2.3,32.48,1294.7,10.0,2,2,1.0,1.0,1.0,1,1,22.1
9.82,31.66,56.49,140.86,29.7,71.93,1.08,0.12,37.31,1312.9,37.9,2,2,0.3375,0.6289,0.6289,0,1,65.6
35.39,104.68,183.51,368.7,39.24,98.0,1.53,0.27,13.65,1818.8,170.6,2,2,0.4762,0.6679,0.6679,0,1,55.2
2.87,7.99,26.8,48.82,10.66,72.02,2.02,-0.14,42.06,1261.8,76.2,1,2,0.321,0.6309,0.6309,0,1,71.8
54.79,119.27,234.61,463.14,56.09,98.0,3.14,0.87,27.87,2181.6,22.1,1,1,0.6664,0.8141,0.8141,1,1,48.6
27.84,67.39,122.79,244.76,16.11,98.0,2.83,0.5,41.31,1290.7,101.7,0,1,0.5275,0.785,0.785,0,1,52.1
56.72,125.79,264.54,465.47,62.21,98.0,1.77,0.38,13.39,1556.7,86.9,2,3,0.5622,0.7949,0.7949,0,1,57.9
154.17,303.68,491.84,999.85,150.0,98.0,5.62,2.05,24.49,821.3,72.6,1,0,1.0,1.0,1.0,1,1,29.5
9.03,27.15,69.7,160.77,16.47,78.25,1.81,-0.03,23.51,944.8,50.2,3,3,0.376,0.5824,0.5824,0,0,72.2
55.67,135.86,276.77,595.94,59.19,98.0,3.04,0.74,22.82,967.6,10.0,2,3,0.6621,0.8852,0.8852,1,1,59.5
6.45,16.33,29.51,75.95,0.0,59.3,1.8,-0.09,41.51,1317.8,111.2,0,2,0.2831,0.5942,0.5942,0,0,64.9
8.07,23.87,46.4,103.44,9.48,66.66,1.29,-0.03,38.58,942.4,87.4,0,1,0.2896,0.582,0.582,0,0,65.8
24.13,66.86,137.15,277.03,35.34,98.0,1.97,0.43,36.59,1504.2,105.6,3,2,0.5022,0.7948,0.7948,0,1,57.8
28.99,77.52,182.25,337.4,40.19,98.0,2.2,0.19,18.3,1194.1,10.0,3,0,0.5138,0.6436,0.6436,0,1,57.5
53.02,104.86,207.13,422.88,67.66,98.0,2.84,0.56,20.21,1199.6,10.4,2,1,0.6296,0.7192,0.7192,1,1,51.2
96.92,271.31,400.45,591.32,97.83,98.0,2.92,0.96,17.33,1485.1,22.0,0,1,0.7608,0.9325,0.9325,1,1,39.3
31.99,69.47,149.53,287.73,32.2,97.56,3.31,0.67,36.57,2158.8,71.4,2,2,0.5997,0.8085,0.8085,0,1,53.6
26.83,52.29,115.54,259.47,24.31,98.0,2.0,0.24,22.14,2006.9,198.0,2,2,0.4691,0.6528,0.6528,0,1,52.5
1.32,11.67,26.62,74.83,5.35,72.72,1.57,-0.01,43.23,2208.1,33.9,0,2,0.3076,0.642,0.642,0,1,66.1
9.8,32.07,62.48,146.21,16.76,91.15,2.07,0.04,21.12,2383.8,198.2,1,1,0.3848,0.5305,0.5305,0,0,66.1
6.65,13.49,44.87,103.72,2.36,77.37,0.97,-0.02,14.11,768.3,32.2,1,4,0.314,0.5044,0.5044,0,0,74.0
7.26,22.46,43.34,110.97,21.95,77.98,2.38,0.07,41.47,1892.6,165.9,3,6,0.3898,0.7831,0.7831,0,1,64.9
81.43,180.01,360.82,518.72,97.88,98.0,5.14,1.7,36.18,947.7,248.8,2,0,0.8844,1.0,1.0,1,1,26.2
20.59,59.81,106.17,188.99,33.87,78.27,1.49,0.12,29.0,2295.8,203.4,2,2,0.3749,0.6409,0.6409,0,1,70.2
25.29,60.2,105.38,231.24,13.59,98.0,2.59,0.43,38.9,1124.3,160.9,3,1,0.5257,0.7444,0.7444,0,1,56.5
75.12,164.67,283.01,520.34,93.36,98.0,5.22,1.7,42.18,1327.4,10.0,0,3,0.8841,1.0,1.0,1,1,28.9
9.47,20.63,40.12,60.02,10.12,60.66,1.75,0.04,39.01,2365.4,48.1,7,4,0.382,0.6509,0.6509,0,1,61.5
32.37,72.46,128.89,195.39,30.21,98.0,2.14,0.63,40.56,2180.9,26.3,1,3,0.5412,0.8464,0.8464,0,1,51.9
11.4,36.95,63.26,141.72,0.0,67.29,2.16,0.05,17.76,827.9,77.2,1,2,0.3578,0.4679,0.4679,0,0,63.4
102.32,195.77,322.83,582.97,120.93,98.0,4.78,1.47,26.39,827.3,52.5,3,3,0.9339,0.9701,0.9701,1,1,22.9
3.99,14.31,42.94,113.86,3.31,79.25,1.59,-0.12,36.63,2101.1,115.4,2,4,0.3279,0.6874,0.6874,0,1,70.6
134.59,319.72,480.13,690.04,150.0,98.0,5.75,2.07,26.94,866.1,100.1,2,0,1.0,1.0,1.0,1,1,20.1
4.94,14.46,27.63,71.38,11.71,48.22,0.98,-0.08,31.11,2155.4,67.6,1,2,0.235,0.4776,0.4776,0,0,73.6
7.9,18.24,45.67,85.5,11.81,61.8,1.45,0.08,41.22,2275.6,175.0,2,3,0.3043,0.6486,0.6486,0,1,69.7
125.02,275.89,441.19,790.73,108.01,98.0,3.68,1.31,18.63,789.3,10.0,2,0,0.9212,0.9627,0.9627,1,1,28.2
10.01,34.64,74.03,105.08,27.64,50.91,1.79,-0.11,27.42,1113.0,241.0,1,1,0.2637,0.4824,0.4824,0,0,75.5
18.74,60.19,95.22,227.57,18.39,98.0,1.59,0.29,28.29,788.3,10.0,2,0,0.4612,0.6171,0.6171,0,0,61.1
11.76,38.93,82.89,116.11,22.63,72.43,1.62,-0.05,20.94,870.2,72.2,1,3,0.3362,0.5617,0.5617,0,0,66.7
27.12,74.66,130.8,285.19,52.59,98.0,1.93,0.16,21.26,1631.2,255.8,1,2,0.4414,0.6643,0.6643,0,1,57.2
5.18,23.45,42.04,85.43,0.0,76.91,1.05,-0.03,35.69,1954.8,65.0,2,0,0.3168,0.5522,0.5522,0,0,64.1
1.2,12.37,48.48,105.66,14.12,60.15,1.65,0.01,41.46,1541.1,169.1,2,3,0.2876,0.6494,0.6494,0,1,74.9
86.07,211.0,325.11,431.73,126.21,98.0,4.5,1.41,30.81,1386.8,61.9,1,3,0.8534,1.0,1.0,1,1,34.8
12.86,29.77,69.98,135.55,10.46,87.08,1.35,0.09,25.57,1091.1,228.4,0,0,0.3425,0.5339,0.5339,0,0,71.2
3.68,16.74,56.4,122.45,13.47,72.32,1.5,-0.1,35.01,1140.4,800.0,3,1,0.2284,0.5815,0.5815,0,0,70.6
8.76,27.64,55.8,75.65,16.14,77.32,1.95,0.15,43.92,1711.0,274.3,0,3,0.3375,0.7261,0.7261,0,1,69.9
10.22,27.82,47.16,117.35,12.35,89.56,1.53,-0.06,10.97,2162.0,10.0,2,2,0.3831,0.4561,0.4561,0,0,52.5
1.18,10.72,38.25,114.43,25.01,83.37,1.26,-0.06,31.46,1417.5,19.3,0,2,0.314,0.5918,0.5918,0,0,80.8
17.51,57.76,92.7,138.28,21.8,80.09,1.12,0.23,28.02,2300.4,93.7,4,1,0.4006,0.5917,0.5917,0,0,69.7
43.14,102.13,174.8,250.24,35.94,98.0,2.82,0.65,29.97,836.0,391.2,0,2,0.5422,0.7878,0.7878,0,1,48.0
3.29,21.69,52.05,136.2,11.9,78.26,0.72,-0.1,8.82,2118.2,62.6,1,1,0.2838,0.3833,0.3833,0,0,68.7
18.22,40.96,91.93,182.41,19.57,90.87,2.47,0.24,42.4,1308.8,38.9,1,1,0.4635,0.736,0.736,0,1,58.0
21.86,60.26,119.57,174.3,19.51,79.72,2.03,-0.07,11.07,2183.5,402.2,3,1,0.3695,0.4879,0.4879,0,0,63.1
10.87,24.87,51.87,95.72,10.84,67.65,0.73,-0.06,19.07,2267.0,148.0,2,1,0.2833,0.4354,0.4354,0,0,69.6
103.85,261.03,428.96,623.15,139.05,98.0,3.52,1.07,18.74,1905.7,176.6,1,1,0.805,0.9786,0.9786,1,1,38.7
10.58,35.92,96.51,168.35,8.44,74.77,1.89,0.16,34.39,1335.8,14.1,2,1,0.3888,0.6325,0.6325,0,1,60.9
14.05,45.34,113.56,155.2,2.96,93.64,1.52,0.11,32.15,1503.9,36.5,2,4,0.4148,0.7782,0.7782,0,1,57.3
0.15,11.92,33.31,84.42,0.0,90.04,1.84,-0.08,10.22,1660.4,84.1,0,2,0.3412,0.4346,0.4346,0,0,74.4
23.53,70.57,127.88,228.32,21.53,87.56,1.53,0.1,13.39,1512.4,160.0,1,3,0.3985,0.5986,0.5986,0,0,68.0
21.66,54.54,114.68,253.29,37.22,93.24,0.95,0.17,19.48,2055.4,51.2,2,4,0.4114,0.677,0.677,0,1,62.0
0.78,15.31,44.49,76.97,10.08,70.97,1.04,-0.0,33.35,2023.0,27.4,1,3,0.2903,0.6099,0.6099,0,0,69.8
9.19,29.32,62.64,119.88,4.29,81.86,1.32,0.15,41.45,770.9,69.0,0,1,0.3473,0.6674,0.6674,0,1,65.8
77.3,163.71,278.01,539.85,109.41,98.0,3.23,0.74,19.36,1000.2,66.3,1,1,0.7073,0.799,0.799,1,1,43.3
10.92,22.6,53.36,93.65,4.99,80.72,1.87,0.07,26.92,1349.9,247.6,0,8,0.3421,0.7466,0.7466,0,1,66.6
13.94,35.78,78.38,144.05,8.92,95.57,1.39,0.16,21.41,1859.5,325.7,1,5,0.3693,0.6847,0.6847,0,1,62.8
48.14,128.61,259.03,356.81,48.17,98.0,3.21,0.76,28.78,1129.0,22.2,1,1,0.641,0.8513,0.8513,1,1,44.9
25.26,53.55,81.97,202.08,37.43,92.15,2.21,0.25,30.61,1282.6,39.3,2,0,0.4837,0.6031,0.6031,0,0,55.7
17.45,43.23,100.24,146.34,31.05,93.6,1.46,0.08,26.66,1512.4,185.0,1,1,0.3882,0.6279,0.6279,0,1,61.9
31.97,78.13,122.73,263.55,36.62,98.0,2.17,0.26,22.0,1722.8,33.7,1,2,0.5039,0.6604,0.6604,0,1,59.6
39.96,107.08,191.87,345.46,45.77,98.0,2.87,0.91,39.67,2238.0,36.9,2,1,0.6297,0.8563,0.8563,1,1,52.3
12.21,35.48,60.93,105.82,16.97,70.65,1.79,0.01,36.87,2077.6,135.5,0,2,0.3281,0.6273,0.6273,0,1,64.3
12.89,30.72,71.62,125.45,7.87,84.56,1.78,0.11,43.94,1342.7,85.8,3,2,0.4067,0.7359,0.7359,0,1,66.6
9.76,27.92,55.12,109.97,5.44,59.43,1.87,0.05,22.86,2017.2,145.9,1,0,0.3139,0.4166,0.4166,0,0,75.5
68.05,153.44,314.16,575.56,82.75,98.0,1.84,0.29,9.39,2123.9,10.0,1,2,0.5853,0.7935,0.7935,0,1,54.3
23.89,57.28,124.94,238.79,47.05,81.64,1.85,0.26,31.45,1611.9,84.2,1,3,0.427,0.7229,0.7229,0,1,60.7
1.74,12.92,28.22,66.19,0.0,53.29,1.01,0.02,36.2,1238.5,134.1,2,1,0.2507,0.5033,0.5033,0,0,68.2
39.75,73.49,127.81,209.0,36.73,98.0,3.11,0.92,41.72,2306.1,77.2,1,2,0.6247,0.8244,0.8244,1,1,43.2
13.1,41.33,76.47,169.65,23.25,75.34,1.97,-0.01,8.37,2337.7,16.4,0,1,0.3631,0.4014,0.4014,0,0,68.2
112.11,285.53,497.88,859.28,133.62,98.0,5.91,2.51,39.66,1120.6,17.2,0,2,1.0,1.0,1.0,1,1,27.2
15.96,53.32,99.68,228.23,19.59,98.0,2.07,0.25,26.6,2045.4,106.4,1,2,0.4483,0.6691,0.6691,0,1,67.3
10.8,41.22,94.69,156.06,10.26,71.99,1.58,0.01,21.49,818.9,18.7,2,2,0.3543,0.5493,0.5493,0,0,63.0
42.03,118.05,266.2,542.4,57.26,98.0,1.59,0.33,15.99,753.9,43.4,0,0,0.4983,0.7277,0.7277,0,1,52.0
4.56,11.73,34.83,92.2,13.34,61.15,1.69,-0.05,37.31,1330.1,69.8,1,1,0.2969,0.5422,0.5422,0,0,68.7
35.03,92.71,170.99,232.11,40.42,95.27,2.36,0.35,21.09,1513.2,108.0,0,1,0.5026,0.6745,0.6745,0,1,48.5
16.31,37.12,91.17,226.6,40.8,98.0,1.95,0.25,29.76,1651.5,37.0,1,2,0.4534,0.6839,0.6839,0,1,55.2
1.12,16.44,53.46,95.54,8.09,86.33,2.07,-0.14,26.42,1374.1,62.4,2,2,0.3625,0.5784,0.5784,0,0,77.4
71.4,176.94,354.0,547.09,51.12,98.0,2.24,0.71,17.47,962.5,55.0,1,0,0.6475,0.8469,0.8469,1,1,49.7
14.37,43.08,97.49,190.75,24.97,98.0,1.75,0.19,36.36,1318.9,12.3,4,1,0.4672,0.7144,0.7144,0,1,55.9
6.87,23.31,47.58,98.87,2.8,52.59,0.82,0.01,18.73,2106.0,195.4,0,2,0.2239,0.4153,0.4153,0,0,72.8
12.68,38.56,83.33,135.48,12.37,84.79,1.88,0.07,36.34,1303.9,162.8,2,6,0.3876,0.81,0.81,0,1,72.8
39.02,110.49,236.95,421.27,46.35,98.0,2.33,0.43,22.74,1727.3,184.0,1,3,0.5249,0.836,0.836,0,1,49.2
7.27,20.06,59.63,91.36,19.31,77.88,1.98,-0.11,9.08,1873.4,19.1,1,3,0.3541,0.4536,0.4536,0,0,69.1
107.75,208.96,362.48,502.09,78.76,98.0,5.54,2.21,35.63,1958.5,87.5,3,0,1.0,1.0,1.0,1,1,15.0
86.04,232.68,400.7,596.94,81.51,98.0,5.11,2.03,40.37,1555.2,48.1,1,3,0.9442,1.0,1.0,1,1,34.0
7.07,32.55,68.32,157.66,5.08,84.17,1.13,-0.03,12.31,957.4,51.4,1,3,0.3337,0.5077,0.5077,0,0,67.7
153.2,322.8,506.09,695.07,138.24,98.0,6.2,2.53,29.07,2235.8,10.0,1,1,1.0,1.0,1.0,1,1,23.5
138.61,309.42,582.41,1155.38,93.28,98.0,3.16,0.71,10.58,1179.5,349.9,1,2,0.8172,1.0,1.0,1,1,40.1
5.16,25.3,67.79,124.2,6.62,89.91,1.62,0.05,37.88,1309.3,337.0,1,0,0.3329,0.6376,0.6376,0,1,69.5
3.63,15.4,40.48,64.16,8.39,59.3,1.83,-0.13,43.57,2026.7,63.0,2,5,0.2999,0.7141,0.7141,0,1,71.6
8.09,26.16,56.72,128.72,0.0,73.16,1.03,-0.09,25.82,2009.8,231.3,2,0,0.2869,0.4807,0.4807,0,0,71.5
56.24,116.28,238.98,486.32,67.61,98.0,2.32,0.57,19.28,2229.0,48.1,1,3,0.6,0.8107,0.8107,1,1,53.4
8.4,22.1,46.75,125.79,20.82,66.24,1.87,0.08,38.45,805.7,98.4,4,3,0.3648,0.6402,0.6402,0,1,66.2
88.66,177.46,280.04,431.06,55.1,98.0,3.7,1.24,26.75,2192.9,163.8,1,1,0.794,0.8607,0.8607,1,1,40.0
13.28,32.99,80.89,126.1,20.03,57.33,1.77,0.02,24.16,2057.2,88.8,0,3,0.3076,0.5427,0.5427,0,0,69.1
3.95,22.42,54.13,108.43,9.56,69.88,1.43,-0.07,16.2,1616.4,21.5,1,3,0.307,0.4814,0.4814,0,0,63.7
113.32,211.41,329.26,515.52,81.15,98.0,5.18,1.85,30.18,1013.2,57.2,2,2,1.0,0.9782,1.0,1,1,30.3
12.34,41.05,88.18,129.89,12.34,84.88,1.57,0.1,29.83,1649.2,171.0,1,4,0.3647,0.7041,0.7041,0,1,68.7
24.73,60.8,137.39,282.64,21.74,98.0,2.27,0.15,17.46,1070.0,182.2,1,1,0.4594,0.612,0.612,0,0,66.2
82.35,225.69,434.28,641.3,120.91,98.0,2.89,0.6,15.61,2342.2,49.5,1,1,0.6936,0.9601,0.9601,1,1,47.6
1.03,10.74,24.79,92.38,2.07,60.13,1.32,-0.04,23.79,1919.5,93.3,0,0,0.2575,0.389,0.389,0,0,64.3
2.03,15.5,34.59,94.35,10.29,57.74,0.8,-0.17,24.23,1733.8,27.8,1,1,0.2374,0.4278,0.4278,0,0,72.8
25.49,57.5,120.04,245.76,29.94,98.0,1.69,0.07,12.62,2092.0,34.7,1,2,0.4462,0.5821,0.5821,0,0,62.2
6.62,14.72,41.31,92.54,12.63,61.95,1.43,-0.09,17.94,1628.5,18.8,1,3,0.295,0.4575,0.4575,0,0,67.9
4.07,23.88,65.42,131.74,17.24,87.83,1.22,-0.16,13.77,849.4,69.1,1,1,0.3222,0.4661,0.4661,0,0,63.3
0.8,8.34,17.09,32.62,0.0,76.26,1.78,0.0,40.45,1177.4,152.7,2,1,0.3287,0.588,0.588,0,0,70.5
0.44,11.08,24.79,73.84,6.62,70.16,1.73,-0.04,10.68,2369.8,253.6,1,3,0.2842,0.4022,0.4022,0,0,72.6
131.21,333.63,656.79,893.69,103.08,98.0,6.2,2.8,39.64,2153.8,94.4,0,1,1.0,1.0,1.0,1,1,24.3
150.76,363.18,737.77,1486.84,150.0,98.0,6.2,2.37,27.0,2280.3,126.7,0,2,1.0,1.0,1.0,1,1,27.5
12.61,42.09,87.38,202.7,23.72,94.17,1.32,0.15,31.95,911.4,37.2,2,1,0.4071,0.6561,0.6561,0,1,67.1
82.26,225.88,468.88,953.85,93.86,98.0,5.03,1.87,41.24,1159.2,27.1,2,2,0.9283,1.0,1.0,1,1,29.3
11.18,28.64,67.5,125.14,2.53,50.4,1.49,0.04,21.15,854.3,60.4,2,0,0.301,0.3928,0.3928,0,0,65.5
0.55,16.2,46.95,119.72,9.35,63.61,1.79,-0.07,33.29,2106.6,98.2,2,4,0.3011,0.6218,0.6218,0,1,71.9
30.6,88.71,186.65,270.59,48.44,85.24,2.24,0.4,32.18,1036.9,10.0,2,4,0.5021,0.8443,0.8443,0,1,57.9
0.21,7.47,20.71,69.7,0.88,66.84,1.59,-0.14,43.58,1426.6,11.6,4,1,0.3224,0.5911,0.5911,0,0,64.8
28.7,69.11,120.47,192.79,28.48,98.0,2.43,0.15,9.66,1194.7,119.6,2,0,0.4947,0.4989,0.4989,0,0,55.2
92.53,215.79,408.54,635.1,75.56,98.0,3.74,1.29,24.4,2285.1,26.7,2,3,0.839,1.0,1.0,1,1,34.2
118.84,299.49,603.2,1039.91,100.8,98.0,6.2,2.8,43.62,1753.8,72.5,2,3,1.0,1.0,1.0,1,1,21.7
141.91,326.83,509.88,939.23,150.0,98.0,4.9,1.64,19.8,2069.2,330.8,1,1,0.9981,1.0,1.0,1,1,27.1
12.96,40.68,77.57,136.06,35.22,71.73,1.26,0.14,42.76,1743.5,238.2,0,1,0.3081,0.6678,0.6678,0,1,75.9
73.26,158.8,323.63,582.22,118.01,98.0,4.48,1.44,37.4,1760.7,10.0,1,1,0.8308,0.9992,0.9992,1,1,33.7
43.68,98.98,167.41,270.33,53.23,98.0,1.73,0.4,20.22,1381.8,10.0,1,3,0.5307,0.7307,0.7307,0,1,56.5
158.56,303.98,515.81,958.0,150.0,98.0,2.49,0.66,9.05,1144.4,18.8,3,2,0.896,1.0,1.0,1,1,37.1
110.94,260.68,490.4,986.51,81.79,98.0,3.58,1.07,18.09,1324.8,14.9,3,3,0.8675,1.0,1.0,1,1,35.8
19.09,59.53,114.62,240.4,26.98,93.89,1.51,0.03,12.45,1236.5,35.1,2,2,0.4193,0.5626,0.5626,0,0,65.0
52.32,118.13,193.18,273.79,90.41,98.0,2.79,0.56,23.42,1890.5,55.8,2,2,0.6186,0.7579,0.7579,1,1,51.2
65.43,163.01,261.97,442.0,82.95,98.0,4.9,1.42,41.82,1447.2,10.4,1,3,0.8272,1.0,1.0,1,1,39.4
14.22,28.81,47.23,127.44,25.27,90.93,2.31,0.03,26.45,1657.8,74.1,1,2,0.4209,0.584,0.584,0,0,61.3
12.06,35.65,69.09,156.72,16.79,90.68,1.26,0.13,24.11,2022.1,90.6,3,3,0.396,0.6212,0.6212,0,1,62.9
6.53,29.85,61.98,156.4,16.85,96.42,1.77,-0.14,15.77,1189.8,130.0,3,0,0.3861,0.4719,0.4719,0,0,63.2
63.82,147.64,303.89,452.9,77.78,98.0,3.48,1.07,30.37,1449.0,62.6,2,2,0.7283,0.9488,0.9488,1,1,48.1
3.08,21.52,60.9,99.39,12.4,82.02,1.44,-0.03,24.39,1607.2,42.1,1,3,0.3335,0.5892,0.5892,0,0,68.5
17.34,48.73,109.88,173.29,25.25,69.94,2.19,0.12,35.82,838.8,123.7,1,2,0.3795,0.6767,0.6767,0,1,69.6
6.64,29.97,44.3,96.09,16.98,62.81,1.52,-0.03,26.58,1001.1,290.6,1,2,0.2706,0.5026,0.5026,0,0,75.7
6.54,20.12,47.04,93.66,9.82,60.77,2.16,0.08,39.92,854.8,60.6,6,1,0.3859,0.577,0.577,0,0,63.1
10.38,25.69,63.91,105.68,17.99,49.43,1.56,-0.06,36.19,1991.2,41.7,3,2,0.303,0.566,0.566,0,0,70.1
102.33,261.82,540.17,845.06,96.36,98.0,2.94,0.62,13.22,1244.8,151.8,3,0,0.754,1.0,1.0,1,1,44.5
1.13,13.08,46.55,91.09,17.27,76.72,1.28,-0.16,12.9,1447.3,251.7,1,2,0.2686,0.4349,0.4349,0,0,76.0
17.28,47.61,112.48,238.95,32.84,98.0,2.04,-0.02,8.88,1859.3,385.7,2,0,0.396,0.4829,0.4829,0,0,64.2
1.72,3.87,6.64,38.85,3.98,41.88,1.5,-0.05,21.28,2344.7,29.8,1,0,0.2441,0.2957,0.2957,0,0,79.0
96.35,193.11,392.0,562.3,123.68,98.0,2.12,0.39,9.97,2088.2,43.3,0,1,0.6641,0.8632,0.8632,1,1,41.1
11.58,32.99,81.61,152.73,0.8,88.53,1.31,-0.03,24.2,845.4,283.6,4,3,0.3609,0.6312,0.6312,0,1,65.7
85.69,213.91,426.18,649.47,108.75,98.0,3.1,0.66,16.69,1254.5,37.8,2,6,0.7284,1.0,1.0,1,1,41.7
5.99,15.41,29.87,98.28,6.66,48.86,0.96,-0.09,25.94,831.0,50.9,2,3,0.2496,0.4708,0.4708,0,0,72.7
141.24,273.42,499.65,828.64,110.03,98.0,3.48,1.03,13.7,851.8,122.4,0,4,0.89,1.0,1.0,1,1,38.1
1.82,18.88,46.04,124.57,9.35,86.32,1.24,0.03,27.77,960.3,100.8,3,2,0.3488,0.5801,0.5801,0,0,69.2
7.23,26.42,58.9,140.77,32.21,68.49,1.92,0.1,42.79,1279.8,252.3,1,3,0.3207,0.6961,0.6961,0,1,69.0
67.96,137.3,221.88,330.99,84.02,98.0,2.97,1.14,30.94,1132.0,113.6,1,1,0.706,0.8231,0.8231,1,1,39.5
57.9,126.2,191.18,368.1,72.03,98.0,3.52,0.82,28.32,1331.1,80.5,0,2,0.6682,0.7946,0.7946,1,1,54.8
8.16,26.68,47.03,127.13,14.75,72.6,1.02,0.12,36.37,2106.3,10.0,4,1,0.3558,0.5817,0.5817,0,0,66.4
16.92,46.31,104.66,211.68,13.87,98.0,1.91,-0.03,8.2,2066.2,442.8,2,2,0.3809,0.5279,0.5279,0,0,59.5
48.07,109.05,195.22,278.47,76.84,98.0,2.18,0.42,18.17,1328.7,65.8,2,1,0.566,0.6884,0.6884,0,1,53.4
0.12,6.39,34.96,71.34,23.04,60.48,1.6,-0.03,43.53,1838.7,102.0,1,2,0.2783,0.6203,0.6203,0,1,75.8
33.29,66.31,151.35,290.39,42.04,98.0,2.24,0.62,36.17,1364.9,83.7,3,0,0.5595,0.7488,0.7488,0,1,46.7
59.27,127.99,280.88,426.66,81.06,98.0,1.97,0.32,11.25,1386.8,160.7,2,1,0.5622,0.7377,0.7377,0,1,51.8
1.92,12.5,41.72,107.55,5.71,56.72,1.04,-0.15,19.75,1864.9,124.8,4,2,0.264,0.4278,0.4278,0,0,70.1
3.52,14.57,43.31,97.26,15.17,77.69,1.7,-0.0,23.84,1384.1,50.3,4,2,0.3688,0.5211,0.5211,0,0,67.7
64.75,160.66,265.19,379.4,80.96,98.0,4.44,1.39,41.65,1656.3,88.1,3,3,0.8118,1.0,1.0,1,1,36.0
15.42,34.81,61.87,157.42,22.88,98.0,2.21,0.08,29.1,940.1,209.9,1,1,0.4226,0.6128,0.6128,0,0,69.2
0.29,11.32,28.81,70.02,19.63,62.9,1.34,-0.15,10.78,1639.0,120.4,1,2,0.2582,0.3576,0.3576,0,0,80.5
155.99,313.62,569.16,1126.78,150.0,98.0,5.9,2.25,26.33,1974.3,371.0,1,2,1.0,1.0,1.0,1,1,27.5
11.95,36.67,74.54,159.87,19.61,83.29,1.29,0.09,18.42,2215.8,168.3,2,2,0.3572,0.5317,0.5317,0,0,70.4
23.61,62.55,131.72,227.0,23.33,98.0,1.94,0.13,20.19,993.0,79.7,2,0,0.4627,0.5969,0.5969,0,0,64.5
26.42,72.1,152.15,263.94,25.87,98.0,1.08,0.15,12.11,1427.7,197.4,2,0,0.418,0.5573,0.5573,0,0,59.5
107.23,285.52,594.39,891.02,113.47,98.0,3.63,1.37,24.52,1552.2,70.0,1,2,0.8626,1.0,1.0,1,1,32.1
6.78,22.37,64.05,165.11,0.0,96.98,2.0,0.05,32.1,2242.9,28.8,0,0,0.3999,0.6067,0.6067,0,0,60.5
15.45,39.65,76.98,175.47,26.31,98.0,2.1,0.18,35.34,1174.7,119.2,0,4,0.4299,0.7712,0.7712,0,1,59.9
15.24,32.91,74.17,146.58,27.15,78.17,0.92,0.08,33.03,1023.3,52.4,0,2,0.3322,0.6338,0.6338,0,1,71.5
155.72,401.88,708.05,1332.15,150.0,98.0,6.2,2.8,31.78,983.5,10.0,0,1,1.0,1.0,1.0,1,1,25.5
144.14,300.72,640.26,1149.14,150.0,98.0,6.2,2.8,39.29,1005.6,28.9,5,0,1.0,1.0,1.0,1,1,34.7
75.85,172.85,265.33,374.84,62.93,98.0,2.31,0.81,19.97,2184.7,21.9,3,1,0.6955,0.7884,0.7884,1,1,44.8
38.39,84.47,162.02,336.32,52.15,98.0,2.65,0.18,15.73,1772.7,190.1,0,4,0.5022,0.7182,0.7182,0,1,55.8
13.8,32.28,70.25,144.97,0.85,66.36,0.85,-0.13,11.22,1444.2,155.7,0,2,0.2643,0.4214,0.4214,0,0,70.9
18.49,58.06,119.74,245.83,45.61,93.65,1.51,0.0,13.97,2180.1,114.4,2,1,0.4046,0.5503,0.5503,0,0,64.4
5.16,25.46,60.58,138.33,22.21,67.88,1.25,-0.06,13.38,1241.7,326.8,3,2,0.2777,0.4311,0.4311,0,0,65.9
15.7,46.25,79.33,144.25,5.65,57.89,1.64,0.18,40.85,2281.0,23.5,0,4,0.3341,0.7059,0.7059,0,1,62.5
23.75,71.63,116.6,224.14,44.19,92.07,1.51,0.09,14.5,2002.1,21.4,1,2,0.425,0.5763,0.5763,0,0,63.5
14.48,41.66,86.29,202.95,28.19,81.68,1.92,0.05,11.38,784.0,287.7,0,0,0.3484,0.4252,0.4252,0,0,69.7
92.68,176.72,368.99,683.76,103.27,98.0,3.56,1.04,22.41,1513.3,124.9,0,1,0.7731,0.9347,0.9347,1,1,36.8
18.9,47.81,97.76,177.61,36.82,73.95,1.89,-0.05,14.11,2140.1,97.9,2,1,0.3762,0.4694,0.4694,0,0,67.5
9.27,28.73,63.86,139.01,0.0,98.0,1.61,-0.09,12.7,1403.6,161.6,1,0,0.3701,0.4541,0.4541,0,0,59.9
29.58,65.04,129.93,258.08,34.0,98.0,2.63,0.34,21.05,2378.8,39.7,3,2,0.5455,0.6616,0.6616,0,1,54.7
3.74,16.05,29.63,87.65,4.59,73.94,1.5,-0.04,41.1,2146.9,108.4,1,3,0.3105,0.662,0.662,0,1,64.0
9.71,26.53,67.82,145.58,32.77,70.64,1.16,-0.05,9.1,1992.5,66.8,1,3,0.3069,0.4434,0.4434,0,0,71.1
8.52,27.09,66.4,135.09,6.16,82.66,1.6,0.02,15.48,973.6,44.0,0,2,0.3504,0.4964,0.4964,0,0,67.5
11.31,38.43,102.0,167.58,25.99,81.38,1.46,0.08,37.67,928.0,250.8,1,1,0.3365,0.6839,0.6839,0,1,69.5
30.45,65.77,115.26,220.89,23.69,95.39,1.5,0.11,16.83,1808.0,21.0,0,0,0.4411,0.5426,0.5426,0,0,58.7
13.24,30.41,62.98,124.54,29.1,91.15,2.11,0.06,23.88,1841.4,10.0,1,1,0.422,0.5532,0.5532,0,0,59.1
31.6,61.88,103.55,249.37,41.27,97.24,1.3,0.03,11.55,993.4,53.4,1,1,0.4365,0.5212,0.5212,0,0,64.5
17.18,47.57,92.77,175.63,14.88,91.99,2.32,0.18,36.63,2159.0,26.5,4,2,0.4826,0.724,0.724,0,1,65.1
8.37,23.29,44.69,96.65,10.7,82.08,1.59,0.06,34.51,2191.7,199.9,1,1,0.3415,0.5905,0.5905,0,0,64.9
33.21,76.44,149.92,310.85,41.87,98.0,1.32,0.24,12.61,1437.4,16.2,3,3,0.4887,0.6485,0.6485,0,1,58.3
5.44,19.34,31.62,65.71,15.65,75.08,1.84,0.01,42.13,1752.8,332.7,5,3,0.3475,0.6759,0.6759,0,1,74.8
5.08,12.25,22.24,72.19,0.0,37.26,1.52,-0.06,29.26,1592.7,22.0,1,5,0.2434,0.5156,0.5156,0,0,75.8
14.04,42.14,99.87,186.92,1.41,98.0,1.5,0.23,36.73,808.8,264.1,1,0,0.3949,0.6903,0.6903,0,1,71.8
6.05,20.09,46.37,95.29,3.89,70.06,1.69,0.05,35.5,899.2,22.1,0,1,0.3262,0.5668,0.5668,0,0,69.9
0.18,5.34,23.02,41.17,0.0,38.35,0.65,-0.1,26.69,2036.6,10.0,1,1,0.1928,0.379,0.379,0,0,76.0
20.9,64.31,130.85,293.81,16.41,98.0,1.54,0.28,34.91,1555.7,80.3,2,0,0.4535,0.7136,0.7136,0,1,63.0
14.31,41.62,81.43,159.3,18.55,94.21,1.14,0.03,16.56,1758.0,52.9,3,0,0.4,0.4958,0.4958,0,0,66.9
113.29,223.59,462.88,824.45,109.58,98.0,2.45,0.52,8.77,1761.2,109.3,2,2,0.7447,0.9703,0.9703,1,1,39.6
68.21,191.32,322.37,450.02,77.77,98.0,3.11,0.79,20.31,1376.4,122.8,3,5,0.6969,0.9809,0.9809,1,1,49.8
16.94,39.78,88.86,135.61,11.62,63.43,1.61,-0.05,13.49,798.5,326.9,1,2,0.2949,0.4541,0.4541,0,0,70.2
39.82,94.29,146.07,275.67,46.5,98.0,3.35,0.84,43.32,2048.4,366.2,0,1,0.5793,0.8295,0.8295,0,1,49.6
130.66,296.99,610.53,1150.52,136.94,98.0,6.2,2.8,41.25,1522.9,82.0,1,1,1.0,1.0,1.0,1,1,20.7
16.84,47.54,108.35,185.72,18.31,69.92,2.0,0.07,13.19,979.2,28.1,1,4,0.3777,0.5537,0.5537,0,0,62.8
40.5,107.84,248.91,451.86,51.5,98.0,2.2,0.44,20.38,784.8,34.1,2,1,0.5541,0.7717,0.7717,0,1,59.0
17.5,40.7,76.68,152.03,33.77,89.62,2.03,0.11,26.34,778.9,12.6,0,2,0.4201,0.6153,0.6153,0,0,57.7
25.32,74.55,163.55,251.26,41.81,85.12,1.66,0.26,22.35,805.0,39.4,1,3,0.4353,0.7071,0.7071,0,1,61.0
9.31,28.0,62.05,125.71,19.78,64.1,2.25,0.02,33.2,1005.8,290.8,1,2,0.3173,0.5809,0.5809,0,0,67.7
1.94,16.83,32.65,81.9,5.37,65.93,1.78,0.01,26.13,1131.9,54.4,1,4,0.3132,0.5535,0.5535,0,0,65.8
12.25,43.64,92.66,163.64,6.14,82.7,1.56,0.11,28.35,1157.8,119.2,2,0,0.3772,0.5716,0.5716,0,0,62.8
10.03,29.19,67.75,133.59,11.15,61.85,0.93,0.08,32.4,1793.0,477.1,4,1,0.2672,0.5451,0.5451,0,0,77.0
40.36,91.96,147.55,282.49,30.0,98.0,1.15,0.12,8.85,1148.6,13.5,1,2,0.4681,0.5856,0.5856,0,0,61.8
109.15,281.98,474.27,744.22,75.1,98.0,2.35,0.41,8.45,1862.0,179.2,1,0,0.7002,0.9216,0.9216,1,1,43.0
68.06,156.18,328.94,533.54,66.38,98.0,2.24,0.5,14.41,2108.5,144.4,2,2,0.6164,0.8517,0.8517,1,1,50.7
63.47,154.85,260.17,441.1,61.46,98.0,4.12,1.13,33.86,1384.9,205.1,1,0,0.733,0.8633,0.8633,1,1,41.7
5.69,14.24,33.48,92.83,4.55,81.62,1.85,-0.05,16.66,1935.3,17.7,1,0,0.3587,0.4027,0.4027,0,0,72.0
8.56,28.98,66.43,127.08,5.79,87.18,2.07,0.03,41.13,921.8,83.6,1,3,0.3871,0.7443,0.7443,0,1,66.5
45.18,112.02,192.46,283.13,82.98,98.0,2.52,0.26,10.83,1291.1,120.0,0,3,0.5305,0.6862,0.6862,0,1,55.5
68.0,146.17,232.96,492.25,76.54,98.0,3.46,1.03,28.88,1876.4,171.3,2,1,0.7193,0.8201,0.8201,1,1,43.2
11.72,34.98,80.47,180.73,16.88,98.0,1.98,-0.11,8.92,2287.4,149.6,1,4,0.3917,0.5641,0.5641,0,0,64.7
7.74,27.27,72.14,108.57,7.94,78.22,1.37,-0.02,42.99,1765.7,101.5,0,0,0.3162,0.6511,0.6511,0,1,68.4
14.93,39.73,74.48,135.22,20.98,81.95,2.07,-0.07,15.69,1350.3,76.0,0,4,0.3728,0.566,0.566,0,0,65.5
120.29,243.97,470.38,868.1,144.19,98.0,4.88,1.88,29.15,1267.6,341.1,2,3,0.9755,1.0,1.0,1,1,19.8
6.39,22.61,35.87,79.83,0.0,71.78,1.94,-0.06,42.31,1396.1,24.1,2,2,0.3507,0.6433,0.6433,0,1,64.7
75.22,194.58,352.1,632.37,62.57,98.0,2.25,0.25,9.09,1827.3,27.4,3,0,0.6348,0.7775,0.7775,1,1,48.3
132.66,255.13,411.7,626.71,137.21,98.0,5.55,2.02,26.46,1289.5,14.1,4,1,1.0,1.0,1.0,1,1,23.8
1.01,4.47,13.02,44.93,8.09,60.18,0.81,-0.09,26.96,1525.5,14.3,0,3,0.2398,0.4901,0.4901,0,0,67.5
9.76,25.07,46.86,78.53,10.92,84.32,1.12,0.05,20.65,2002.4,248.1,2,0,0.3315,0.4586,0.4586,0,0,74.3
8.72,26.86,67.2,153.09,10.49,73.79,1.79,0.05,31.56,1142.3,111.9,1,2,0.3441,0.6013,0.6013,0,0,65.3
7.59,23.47,65.39,117.02,19.38,83.79,1.52,-0.07,27.53,1932.2,328.2,1,1,0.3096,0.5648,0.5648,0,0,72.4
13.51,39.18,104.42,174.23,25.64,78.56,1.75,-0.08,16.97,2006.4,261.5,4,4,0.3614,0.6033,0.6033,0,0,65.1
7.73,21.64,43.52,86.92,4.32,77.06,1.93,0.1,33.39,2175.1,42.9,1,3,0.3686,0.6261,0.6261,0,1,70.0
4.27,14.77,41.33,72.09,7.8,61.69,1.71,-0.06,24.78,789.4,123.0,1,0,0.2905,0.4215,0.4215,0,0,76.8
7.41,26.89,63.26,133.89,0.58,98.0,1.29,0.04,24.93,937.7,57.3,2,1,0.3881,0.5812,0.5812,0,0,74.7
73.7,166.38,348.14,503.18,67.03,98.0,4.83,1.77,42.27,2325.5,250.7,1,0,0.8478,1.0,1.0,1,1,38.0
10.59,35.3,68.07,137.03,17.73,77.62,1.88,0.02,27.26,957.5,159.0,1,0,0.3514,0.5186,0.5186,0,0,66.1
11.77,23.9,74.62,145.63,29.54,67.13,2.26,0.08,36.25,1555.0,15.8,0,8,0.363,0.8092,0.8092,0,1,69.2
17.19,42.6,80.69,156.72,25.79,91.75,1.94,0.17,39.23,1025.5,35.0,0,0,0.4235,0.6693,0.6693,0,1,56.0
74.75,183.85,320.13,625.83,72.34,98.0,3.28,1.13,28.91,2089.6,128.6,1,0,0.7341,0.8969,0.8969,1,1,44.4
5.53,18.56,42.79,103.18,34.76,82.7,1.65,-0.1,36.31,909.2,33.9,0,1,0.3352,0.6043,0.6043,0,0,68.8
143.54,326.02,540.83,990.35,144.19,98.0,4.44,1.59,19.14,891.3,91.6,5,2,1.0,1.0,1.0,1,1,18.6
25.17,65.19,108.95,166.4,31.94,98.0,1.75,0.1,14.55,1582.8,33.6,1,2,0.4518,0.584,0.584,0,0,58.6
18.7,50.65,111.22,215.78,11.66,86.68,2.17,0.13,33.04,1143.0,137.7,0,1,0.408,0.673,0.673,0,1,69.2
1.85,13.16,30.68,97.01,15.53,61.46,1.76,-0.04,41.34,1841.6,10.0,4,3,0.333,0.6303,0.6303,0,1,64.6
22.59,70.21,114.19,164.03,49.73,96.7,1.71,0.02,9.53,1879.9,153.3,1,3,0.4167,0.5766,0.5766,0,0,62.8
1.32,6.85,22.79,50.94,9.23,41.68,1.24,-0.14,35.47,1717.0,49.3,5,2,0.2597,0.4883,0.4883,0,0,66.8
18.13,42.71,90.4,151.38,37.67,91.65,1.74,-0.07,9.02,2127.1,72.5,2,2,0.4079,0.4993,0.4993,0,0,64.0
26.91,67.24,122.28,217.28,44.8,80.26,1.79,0.15,24.51,1900.6,79.3,1,0,0.4175,0.5703,0.5703,0,0,60.8
4.74,20.4,52.37,110.26,29.15,70.53,1.71,-0.08,32.38,1059.4,25.9,2,2,0.3313,0.5805,0.5805,0,0,55.4
36.86,98.55,178.49,377.62,58.21,98.0,2.36,0.29,22.59,879.4,342.0,0,3,0.4766,0.7633,0.7633,0,1,57.8
0.62,5.68,21.54,67.8,0.0,75.41,1.68,-0.14,18.83,1983.8,10.0,0,1,0.3065,0.4181,0.4181,0,0,73.0
37.13,105.47,189.49,396.77,41.23,98.0,1.7,0.31,14.73,1971.0,56.0,1,1,0.4973,0.6538,0.6538,0,1,53.8
12.34,37.33,91.11,168.69,21.78,85.45,2.24,0.13,43.2,2153.0,16.5,1,3,0.4188,0.7862,0.7862,0,1,61.6
4.91,21.12,40.16,110.95,15.77,82.04,1.72,-0.0,28.53,1083.9,53.5,2,2,0.3616,0.567,0.567,0,0,68.9
2.87,14.21,28.16,75.34,6.64,53.29,1.09,-0.09,12.6,1118.2,13.2,1,2,0.2521,0.3445,0.3445,0,0,69.7
61.28,165.97,291.57,490.34,66.97,98.0,1.75,0.26,9.73,1701.5,57.1,2,2,0.5652,0.7686,0.7686,0,1,49.3
1.51,6.46,19.24,53.11,2.76,58.9,0.66,-0.11,16.76,1006.8,25.9,3,7,0.2589,0.5325,0.5325,0,0,70.8
4.44,21.94,42.93,108.94,7.39,53.28,1.4,-0.14,27.39,1239.0,96.8,1,1,0.2537,0.4508,0.4508,0,0,74.6
8.55,26.09,63.51,103.54,16.54,66.86,0.84,0.09,35.07,2090.5,10.0,0,5,0.293,0.6954,0.6954,0,1,73.8
19.36,42.11,70.95,122.37,28.59,77.98,2.04,0.23,43.31,1301.5,84.7,2,4,0.423,0.7716,0.7716,0,1,63.1
144.25,376.04,706.65,1149.32,150.0,98.0,6.2,2.8,38.02,768.7,39.9,0,2,1.0,1.0,1.0,1,1,23.0
2.69,18.69,51.88,84.15,3.9,85.47,2.19,-0.09,30.03,1823.9,46.5,3,2,0.3863,0.603,0.603,0,0,67.8
6.84,20.38,56.69,106.3,0.0,71.63,1.17,-0.05,31.99,1048.0,52.6,0,5,0.2943,0.6758,0.6758,0,1,72.5
5.46,12.93,40.95,102.93,13.34,78.46,1.13,-0.01,26.79,1073.1,126.9,4,0,0.3388,0.4841,0.4841,0,0,67.3
91.34,230.69,495.15,778.8,121.08,98.0,3.77,1.17,23.64,777.3,170.1,1,2,0.7956,1.0,1.0,1,1,30.6
10.59,31.2,63.88,110.03,29.18,61.22,2.02,-0.01,36.25,1703.8,48.0,2,3,0.344,0.6295,0.6295,0,1,70.8
24.35,58.63,106.15,211.4,45.3,98.0,2.19,0.1,14.38,1677.1,310.8,2,0,0.4422,0.5192,0.5192,0,0,61.3
99.13,201.19,402.19,726.75,135.86,98.0,3.34,1.16,20.02,909.1,164.6,2,3,0.8062,1.0,1.0,1,1,37.4
9.14,25.51,43.31,77.34,7.49,42.86,0.92,-0.02,43.23,833.2,62.1,0,1,0.2275,0.5488,0.5488,0,0,80.3
9.92,30.62,74.78,129.66,2.8,75.28,1.45,-0.06,28.58,1559.9,12.4,3,1,0.3568,0.5608,0.5608,0,0,67.6
74.98,188.43,297.65,493.95,76.3,98.0,3.5,1.0,25.95,2039.1,98.6,1,1,0.7357,0.8758,0.8758,1,1,33.1
61.87,143.84,220.83,434.81,86.22,98.0,3.64,1.23,38.63,2323.7,114.2,1,1,0.7295,0.8833,0.8833,1,1,45.6
32.2,64.19,103.45,215.61,16.12,87.69,1.95,0.56,35.43,874.0,17.6,0,2,0.4937,0.7155,0.7155,0,1,62.6
113.32,246.5,418.27,594.9,133.46,98.0,3.79,1.21,19.74,1918.5,229.3,1,2,0.8478,1.0,1.0,1,1,33.0
1.41,3.35,27.36,56.99,6.48,68.34,1.88,-0.07,30.53,1065.9,57.6,1,3,0.3129,0.5591,0.5591,0,0,73.3
7.62,21.21,43.18,115.97,0.0,71.12,0.84,-0.08,14.67,806.1,19.8,1,2,0.2923,0.4293,0.4293,0,0,80.3
6.21,23.66,60.57,99.27,4.91,55.14,0.98,-0.01,9.91,1302.4,88.3,3,3,0.2776,0.3977,0.3977,0,0,76.2
123.7,260.2,507.18,995.37,145.21,98.0,6.2,2.8,43.63,1696.9,65.8,2,3,1.0,1.0,1.0,1,1,20.6
95.86,253.71,504.84,920.57,88.3,98.0,4.82,1.81,34.54,1742.2,123.3,2,2,0.9339,1.0,1.0,1,1,30.4
39.08,105.74,211.2,329.21,41.12,98.0,2.98,0.85,41.51,831.2,22.7,2,0,0.6278,0.8646,0.8646,1,1,52.8
37.27,96.6,174.29,278.11,61.82,98.0,2.88,0.81,37.95,2280.9,10.0,0,2,0.5961,0.851,0.851,0,1,55.8
8.92,21.82,68.53,129.34,20.82,84.77,1.26,-0.0,23.41,840.1,77.7,2,3,0.3541,0.5984,0.5984,0,0,66.1
123.32,337.71,618.97,876.9,149.9,98.0,6.2,2.68,39.01,1108.4,20.5,2,1,1.0,1.0,1.0,1,1,28.3
7.5,28.85,65.72,152.46,5.26,83.78,1.38,0.0,36.32,1463.6,20.4,3,2,0.372,0.6655,0.6655,0,1,66.7
1.26,14.14,48.43,97.44,11.72,81.65,1.45,-0.15,17.3,2310.3,136.0,1,5,0.3045,0.5762,0.5762,0,0,74.1
24.18,70.29,123.79,261.34,25.4,98.0,2.83,0.36,30.43,2385.5,35.9,2,2,0.5332,0.7291,0.7291,0,1,53.8
0.2,3.91,16.86,35.84,5.27,50.48,1.22,-0.16,18.98,750.6,219.9,2,2,0.2208,0.3738,0.3738,0,0,78.3
10.52,25.45,47.62,127.78,9.57,66.84,1.39,-0.05,16.43,1120.5,86.8,0,2,0.2987,0.4368,0.4368,0,0,73.3
7.99,29.47,60.21,88.1,0.0,62.74,1.53,-0.11,10.94,1577.2,112.4,2,1,0.2994,0.3668,0.3668,0,0,65.4
23.64,47.26,74.94,153.98,42.86,89.52,1.89,0.26,27.55,1895.8,46.4,1,0,0.4497,0.5627,0.5627,0,0,60.0
29.07,70.9,117.88,251.83,44.83,98.0,2.65,0.34,22.13,1833.6,30.4,2,4,0.5359,0.7155,0.7155,0,1,54.6
7.25,26.32,73.9,111.32,10.24,90.35,1.09,-0.15,11.17,1165.0,20.8,2,1,0.3472,0.4627,0.4627,0,0,65.9
33.39,84.11,179.33,293.13,57.25,98.0,3.05,0.5,33.86,1075.9,147.3,2,1,0.5653,0.7945,0.7945,0,1,48.2
6.96,26.21,46.47,119.25,3.83,56.51,1.22,-0.07,34.03,773.6,140.2,1,0,0.2602,0.4873,0.4873,0,0,79.6
11.82,41.08,71.53,131.47,27.0,88.1,1.98,-0.08,16.47,2140.7,81.4,0,0,0.3722,0.4659,0.4659,0,0,68.7
25.97,68.64,120.4,212.83,61.42,77.09,2.37,0.31,42.41,1375.0,182.4,4,0,0.4671,0.7023,0.7023,0,1,56.2
23.61,56.86,118.69,243.72,31.43,98.0,2.26,0.43,36.0,2176.2,194.7,3,2,0.5018,0.7675,0.7675,0,1,55.1
87.43,230.04,368.33,522.23,91.0,98.0,5.01,1.88,36.99,1284.1,70.0,3,1,0.9458,1.0,1.0,1,1,36.4
5.1,26.75,62.3,134.24,21.29,94.57,1.29,-0.12,8.13,1997.5,126.4,0,1,0.3296,0.436,0.436,0,0,65.0
21.71,54.67,114.74,183.59,22.83,89.71,2.29,0.33,43.22,864.9,291.8,1,0,0.4379,0.7372,0.7372,0,1,62.6
18.82,60.65,129.95,272.23,18.11,98.0,1.89,0.34,43.65,2088.9,10.2,1,2,0.4697,0.8424,0.8424,0,1,60.2
49.33,108.68,218.79,442.83,50.25,98.0,2.19,0.65,26.26,2220.2,10.0,2,3,0.5998,0.8419,0.8419,0,1,55.7
3.4,9.08,29.42,73.12,24.51,55.89,1.33,-0.06,43.46,1187.1,76.9,0,1,0.2544,0.5701,0.5701,0,0,75.5
27.87,57.12,123.32,263.07,24.21,98.0,1.93,0.46,30.04,984.1,48.4,3,2,0.5212,0.7254,0.7254,0,1,52.1
16.8,39.44,95.69,227.71,8.34,98.0,2.08,0.08,12.82,1073.6,10.9,2,1,0.457,0.5239,0.5239,0,0,61.6
6.42,15.79,43.61,109.03,24.71,79.87,1.0,0.08,37.31,2181.8,19.5,3,3,0.3519,0.6654,0.6654,0,1,67.7
12.87,33.84,67.31,110.94,1.54,93.01,1.81,0.12,28.09,1222.2,35.7,4,2,0.4443,0.6274,0.6274,0,1,59.2
8.12,22.86,54.9,110.52,16.35,56.93,1.42,-0.05,20.32,1131.7,12.6,3,1,0.3119,0.4191,0.4191,0,0,66.8
96.8,188.6,402.77,587.65,81.07,98.0,2.98,0.84,16.5,2365.2,46.1,3,1,0.7779,0.9287,0.9287,1,1,40.3
43.96,122.8,263.34,477.61,51.4,98.0,2.74,0.63,26.68,1855.5,17.1,0,2,0.5883,0.8697,0.8697,0,1,50.1
16.85,40.06,76.77,139.42,24.0,82.06,1.78,0.23,32.9,2123.2,117.6,0,0,0.3894,0.5868,0.5868,0,0,65.4
19.98,57.43,81.16,175.07,12.65,70.77,1.83,0.22,39.57,1982.6,143.1,1,0,0.3794,0.6139,0.6139,0,0,66.3
14.63,46.37,76.51,120.66,20.23,59.29,1.32,0.09,29.55,1367.1,179.3,1,2,0.3004,0.5559,0.5559,0,0,72.2
1.05,13.99,31.74,96.3,1.78,49.44,1.69,-0.01,22.95,2173.5,244.6,0,2,0.2327,0.4208,0.4208,0,0,71.2
5.3,23.97,57.63,108.07,19.89,79.52,1.51,-0.04,30.76,1720.5,10.0,3,0,0.36,0.5391,0.5391,0,0,65.5
13.55,50.11,82.04,180.08,20.59,91.49,1.91,0.03,25.89,1834.7,23.3,1,1,0.4105,0.5936,0.5936,0,0,59.6
7.43,33.64,62.38,146.9,36.24,89.98,0.98,0.11,31.47,1288.0,202.3,0,0,0.3247,0.5799,0.5799,0,0,65.2
4.01,14.62,44.42,108.5,2.51,87.24,1.74,-0.0,29.92,2368.9,10.0,1,3,0.3675,0.6279,0.6279,0,1,69.1
14.03,36.81,86.78,168.16,30.42,75.83,1.62,0.24,43.23,2160.1,131.4,0,3,0.3601,0.7543,0.7543,0,1,68.1
7.8,28.84,58.17,152.03,11.38,67.47,1.26,-0.04,30.4,994.4,23.9,0,1,0.2963,0.5332,0.5332,0,0,76.4
5.97,20.43,36.11,106.33,9.58,69.03,1.37,-0.1,32.88,1086.4,84.7,1,1,0.297,0.5304,0.5304,0,0,64.9
12.47,45.21,94.26,167.29,29.38,94.75,2.07,0.25,40.13,1985.2,393.4,1,5,0.3939,0.8515,0.8515,0,1,63.1
74.99,209.4,440.76,813.01,56.09,98.0,4.81,1.62,40.87,792.5,125.5,0,3,0.8416,1.0,1.0,1,1,33.4
52.55,147.48,221.04,454.68,66.06,98.0,2.46,0.35,13.07,1303.5,55.1,1,5,0.5738,0.7991,0.7991,0,1,59.2
40.45,110.07,173.08,290.75,52.3,98.0,2.7,0.54,24.34,1628.7,140.2,4,5,0.592,0.8306,0.8306,0,1,48.6
24.59,56.7,108.16,163.28,41.96,69.38,2.12,0.23,41.94,1088.1,10.0,3,0,0.4405,0.662,0.662,0,1,59.6
2.25,14.18,50.67,125.45,16.24,64.49,1.52,-0.12,42.55,2190.7,360.7,1,1,0.2452,0.6129,0.6129,0,0,79.2
29.91,87.07,170.86,263.34,31.93,98.0,2.12,0.19,14.84,2217.3,50.7,1,0,0.4868,0.602,0.602,0,0,65.0
33.0,92.0,186.14,311.92,57.46,98.0,2.8,0.35,23.97,2328.8,470.1,1,7,0.485,0.9037,0.9037,0,1,49.9
70.23,176.57,381.38,749.48,111.51,98.0,2.86,0.64,18.03,991.4,135.4,2,3,0.6637,0.9748,0.9748,1,1,48.3
2.42,16.61,42.28,82.42,7.26,79.12,1.15,0.01,36.47,880.8,40.7,0,2,0.3071,0.6249,0.6249,0,1,66.1
20.65,59.24,96.27,134.91,24.66,75.21,2.0,0.17,38.68,1667.6,114.6,3,1,0.418,0.6677,0.6677,0,1,67.5
35.95,98.74,184.42,299.2,47.31,98.0,2.58,0.41,24.89,2057.5,57.4,2,4,0.5538,0.8189,0.8189,0,1,57.3
79.1,167.15,354.32,620.29,109.5,98.0,4.87,1.36,32.32,1230.2,123.5,2,2,0.8489,1.0,1.0,1,1,32.3
20.79,48.46,87.94,170.98,37.6,98.0,1.79,0.32,39.32,1147.6,187.7,0,0,0.4342,0.6964,0.6964,0,1,58.8
141.3,333.3,708.33,1249.23,150.0,98.0,6.2,2.67,33.54,1604.2,76.4,1,5,1.0,1.0,1.0,1,1,23.2
15.05,45.14,110.34,249.26,15.68,98.0,2.02,0.05,13.63,1545.4,30.1,2,2,0.4444,0.5783,0.5783,0,0,61.9
0.7,12.37,24.02,87.63,6.75,55.9,1.73,-0.1,33.63,1541.3,478.5,3,2,0.2376,0.5149,0.5149,0,0,69.3
156.53,303.7,456.12,923.3,135.22,98.0,3.89,1.07,13.72,1418.7,63.9,2,1,0.9779,0.9717,0.9779,1,1,24.0
1.7,13.72,45.22,100.75,4.68,79.88,0.99,-0.13,31.53,1949.6,23.3,3,3,0.3174,0.6212,0.6212,0,1,72.1
11.42,34.98,84.18,118.19,18.31,87.65,1.71,-0.08,20.01,1764.2,161.3,1,1,0.3581,0.5384,0.5384,0,0,65.1
6.92,14.85,33.22,94.63,8.78,48.88,0.93,-0.01,10.03,1554.9,127.8,1,0,0.2386,0.2577,0.2577,0,0,74.8
15.77,47.23,88.93,163.66,34.97,73.5,1.4,0.09,16.15,1939.2,203.5,0,3,0.3253,0.5337,0.5337,0,0,64.7
108.43,271.58,567.22,841.06,150.0,98.0,4.63,1.44,24.86,1181.8,10.0,3,5,0.9454,1.0,1.0,1,1,28.0
23.53,44.0,107.78,208.45,21.62,91.36,2.57,0.43,43.78,2221.5,51.2,2,3,0.5105,0.8278,0.8278,0,1,56.6
116.14,254.69,410.22,700.81,131.8,98.0,4.08,1.11,17.21,1383.9,45.3,0,6,0.8725,1.0,1.0,1,1,34.5
3.57,17.22,34.47,87.47,8.05,85.8,1.55,-0.01,43.24,1290.5,309.0,1,8,0.3145,0.8683,0.8683,0,1,71.8
2.2,5.57,13.31,57.16,1.39,65.24,1.15,-0.02,21.11,1644.8,51.6,3,0,0.3014,0.3678,0.3678,0,0,67.7
3.15,13.89,24.19,76.94,0.0,52.09,1.4,-0.03,42.56,1196.2,89.9,2,7,0.2694,0.7259,0.7259,0,1,78.4
41.93,95.4,177.87,280.8,24.09,98.0,3.08,0.86,42.42,1193.4,10.0,2,2,0.6422,0.8912,0.8912,1,1,42.3
15.02,29.58,57.6,112.73,19.78,89.7,1.73,0.03,13.14,878.5,198.1,1,0,0.3789,0.4267,0.4267,0,0,62.9
12.59,35.62,60.66,141.7,22.71,66.56,1.57,0.15,37.83,1825.7,14.5,1,1,0.3506,0.5932,0.5932,0,0,60.4
2.26,6.64,15.28,65.32,16.08,56.85,1.1,-0.03,26.62,2256.0,256.8,0,5,0.2221,0.5408,0.5408,0,0,78.2
83.22,206.28,341.14,486.53,81.68,98.0,4.85,1.5,32.7,1880.7,159.4,1,0,0.8581,0.953,0.953,1,1,32.8
40.5,90.17,208.02,427.38,70.03,98.0,3.13,0.76,35.94,1686.8,97.5,0,4,0.5989,0.9362,0.9362,0,1,49.0
35.23,80.43,164.71,258.46,40.71,98.0,1.59,0.24,12.48,1924.5,165.9,0,5,0.4563,0.7256,0.7256,0,1,58.9
19.67,45.44,88.75,171.9,24.5,77.08,2.52,0.31,36.76,2344.6,188.9,0,3,0.417,0.7084,0.7084,0,1,57.0
1.57,4.59,13.07,60.58,2.84,54.06,1.14,-0.04,18.9,1305.2,167.2,1,3,0.2376,0.4085,0.4085,0,0,70.2
2.38,9.73,29.57,62.95,0.84,71.12,1.05,-0.11,34.37,1460.6,129.8,0,3,0.2607,0.6002,0.6002,0,0,79.2
1.01,13.93,41.8,101.51,2.78,65.37,2.06,-0.08,28.65,1222.3,255.1,3,3,0.3062,0.5533,0.5533,0,0,72.4
5.95,19.18,57.37,127.89,10.62,83.2,1.46,0.07,32.65,777.6,66.0,0,1,0.3415,0.5942,0.5942,0,0,69.5
2.92,9.39,17.08,30.41,6.58,69.95,1.66,-0.1,30.42,1323.3,100.2,3,2,0.3215,0.5201,0.5201,0,0,73.1
6.02,17.24,53.7,121.77,29.18,70.69,1.54,0.09,37.18,868.2,418.3,2,2,0.2923,0.621,0.621,0,1,71.0
9.72,33.46,75.7,134.98,7.52,74.35,1.43,0.06,40.2,2166.4,55.9,4,1,0.3695,0.6523,0.6523,0,1,66.1
57.29,113.11,195.76,400.26,85.61,98.0,2.86,0.74,24.17,1930.8,166.8,0,1,0.6183,0.737,0.737,1,1,44.4
18.85,47.17,82.9,177.78,34.06,88.22,1.83,0.21,22.12,1251.7,59.7,2,3,0.4359,0.6153,0.6153,0,0,57.1
36.03,92.23,176.15,328.47,34.81,98.0,2.11,0.33,16.72,1291.1,76.2,1,3,0.5123,0.7134,0.7134,0,1,60.9
24.78,55.21,126.06,241.65,18.04,89.54,1.92,0.35,37.3,1689.8,49.1,2,2,0.4723,0.7632,0.7632,0,1,54.2
2.39,15.48,41.53,78.6,0.0,57.05,1.86,-0.01,42.81,2066.8,19.9,0,1,0.2902,0.583,0.583,0,0,67.4
26.63,61.69,122.81,255.57,25.24,91.73,1.92,0.17,15.03,1935.9,429.9,2,5,0.413,0.6772,0.6772,0,1,58.1
119.59,311.42,474.26,854.19,150.0,98.0,4.71,1.62,24.48,797.5,71.2,0,7,0.957,1.0,1.0,1,1,27.8
20.38,53.14,84.52,159.34,38.74,79.81,1.82,0.32,35.73,2045.7,39.3,4,3,0.4538,0.7026,0.7026,0,1,60.0
8.34,23.97,44.42,112.68,1.14,75.9,1.9,-0.08,30.9,2204.2,124.7,1,1,0.338,0.544,0.544,0,0,67.2
121.26,264.89,512.02,951.38,123.88,98.0,6.2,2.59,37.34,898.3,14.1,1,4,1.0,1.0,1.0,1,1,15.0
6.12,25.98,56.63,114.67,0.78,56.64,1.78,-0.07,8.58,2020.6,94.1,1,3,0.2893,0.3865,0.3865,0,0,70.7
6.55,23.88,43.34,86.52,3.14,67.67,1.78,0.09,40.81,1165.4,102.4,2,2,0.3402,0.6289,0.6289,0,1,69.4
53.38,102.53,156.0,310.31,72.38,98.0,1.5,0.21,10.21,1036.6,26.2,2,2,0.5331,0.6067,0.6067,0,0,57.0
0.5,10.71,36.27,86.64,15.97,83.27,2.07,-0.15,24.04,1647.4,385.1,1,3,0.2998,0.5598,0.5598,0,0,66.7
83.02,177.88,383.82,563.87,115.67,98.0,3.17,0.79,17.93,1661.9,108.4,2,3,0.7288,0.9769,0.9769,1,1,47.2
25.84,64.11,122.41,228.85,25.34,98.0,2.43,0.6,41.41,1526.9,30.2,3,0,0.5539,0.7553,0.7553,0,1,54.8
125.01,333.04,548.51,732.91,117.44,98.0,3.51,1.31,17.91,2238.0,215.1,0,0,0.8664,1.0,1.0,1,1,32.6
73.33,173.44,303.21,619.23,62.36,98.0,2.89,0.86,21.44,1148.7,44.0,2,3,0.7069,0.9065,0.9065,1,1,47.9
74.27,165.27,262.25,413.64,73.24,98.0,4.98,1.57,39.98,1744.2,157.1,0,3,0.8392,1.0,1.0,1,1,33.6
1.35,17.09,36.93,66.07,0.0,77.2,1.32,-0.0,27.35,1426.3,118.8,1,1,0.306,0.5101,0.5101,0,0,73.6
153.99,363.66,728.41,1122.65,149.88,98.0,6.2,2.8,40.34,2191.7,20.9,0,1,1.0,1.0,1.0,1,1,24.3
20.79,58.86,130.93,194.05,49.67,95.2,2.19,0.2,31.79,969.1,11.9,1,2,0.4672,0.7409,0.7409,0,1,53.9
20.85,54.65,110.36,211.12,30.61,94.04,1.66,0.12,10.85,886.8,112.2,2,0,0.4299,0.485,0.485,0,0,61.6
2.75,14.02,46.09,94.58,0.0,52.44,1.43,0.0,23.65,2388.1,132.4,1,1,0.2587,0.4224,0.4224,0,0,78.2
21.01,54.69,110.25,191.9,36.88,98.0,1.36,0.09,14.35,1702.4,16.9,0,2,0.415,0.5839,0.5839,0,0,60.3
80.89,188.23,386.5,799.99,119.22,98.0,2.12,0.48,10.34,2254.7,22.8,0,1,0.6368,0.8595,0.8595,1,1,48.4
48.57,134.19,202.61,404.37,82.81,98.0,2.39,0.42,21.46,1423.6,10.0,2,0,0.5842,0.6937,0.6937,0,1,51.6
11.57,33.85,81.04,185.49,8.63,98.0,2.42,0.27,40.7,1747.1,17.3,2,2,0.4772,0.7591,0.7591,0,1,55.1
87.61,222.23,451.64,743.54,102.33,98.0,1.99,0.44,12.24,1895.2,106.4,0,4,0.6332,1.0,1.0,1,1,45.1
9.0,33.44,77.45,165.53,2.67,88.4,1.92,-0.09,8.24,2377.1,26.9,3,4,0.3998,0.5281,0.5281,0,0,63.9
35.02,91.68,165.84,343.65,63.18,98.0,3.06,0.75,41.66,936.0,40.9,1,2,0.5987,0.8704,0.8704,0,1,51.9
24.18,50.85,112.26,240.91,34.91,98.0,2.1,0.25,27.08,955.9,97.2,3,1,0.4919,0.6583,0.6583,0,1,54.9
12.3,38.48,91.12,140.31,7.46,79.71,1.33,0.14,28.11,1613.3,64.2,1,5,0.3608,0.7094,0.7094,0,1,73.4
1.13,6.7,21.27,78.38,22.39,67.7,0.92,-0.13,41.42,842.1,223.9,2,5,0.2498,0.6969,0.6969,0,1,75.0
11.13,39.15,60.79,89.22,9.03,80.37,0.99,0.13,33.21,1950.3,101.6,1,1,0.3377,0.595,0.595,0,0,64.0
138.81,369.04,564.78,905.95,150.0,98.0,6.2,2.8,37.77,2384.7,17.0,1,5,1.0,1.0,1.0,1,1,29.0
52.78,102.13,214.0,337.03,62.75,98.0,3.81,0.94,35.74,2088.9,58.2,2,2,0.7033,0.8819,0.8819,1,1,47.5
20.49,46.78,102.28,187.74,11.07,72.9,1.98,0.18,30.03,1188.6,35.9,1,2,0.403,0.6293,0.6293,0,1,71.2
7.47,20.01,46.19,93.22,17.18,69.94,2.03,0.01,32.78,2069.3,36.0,1,1,0.3492,0.5445,0.5445,0,0,67.2
14.9,36.57,84.99,155.08,10.35,98.0,1.18,0.2,28.19,1786.0,35.6,2,0,0.4207,0.6038,0.6038,0,0,62.0
1.37,15.07,30.4,104.65,0.0,57.67,1.25,-0.11,20.79,947.0,65.0,1,3,0.2565,0.455,0.455,0,0,75.6
71.92,196.85,389.09,651.3,102.03,98.0,3.12,0.76,18.27,1683.8,17.0,1,0,0.6973,0.8961,0.8961,1,1,45.7
8.93,31.54,62.34,98.08,17.67,79.57,1.06,0.0,14.33,2229.7,34.9,1,1,0.33,0.4437,0.4437,0,0,67.3
13.0,34.46,73.72,158.69,37.65,66.89,1.25,0.07,20.74,1228.4,145.1,0,1,0.3034,0.4733,0.4733,0,0,68.7
8.78,27.22,69.07,118.11,10.55,80.12,2.25,-0.06,28.77,1837.5,210.8,1,5,0.3545,0.6889,0.6889,0,1,65.7
72.12,177.29,388.28,528.14,68.95,98.0,3.9,1.1,29.15,818.6,10.0,5,0,0.8073,0.9822,0.9822,1,1,38.3
21.71,59.75,120.73,187.0,35.88,79.03,2.07,0.19,32.6,2126.5,10.5,4,5,0.4574,0.7797,0.7797,0,1,59.5
25.13,71.83,116.02,253.94,26.59,98.0,2.51,0.43,39.66,1089.8,231.8,0,1,0.4817,0.7635,0.7635,0,1,50.8
6.24,26.48,56.48,147.77,13.92,84.83,2.36,0.07,31.47,1754.2,29.0,1,4,0.4003,0.6783,0.6783,0,1,65.3
7.59,32.29,68.9,142.27,10.2,94.51,1.76,-0.11,14.15,1614.9,44.9,1,1,0.3775,0.492,0.492,0,0,70.5
2.68,8.56,17.18,55.87,0.0,68.63,1.13,-0.12,8.93,1654.4,49.3,2,0,0.2895,0.2845,0.2895,0,0,68.3
21.31,50.33,81.54,152.43,25.04,77.55,1.73,0.11,15.09,1168.7,241.1,0,2,0.3597,0.4975,0.4975,0,0,66.8
0.81,13.91,39.44,76.94,11.67,74.78,1.16,-0.17,40.69,1672.5,21.3,0,4,0.2782,0.7031,0.7031,0,1,70.7
18.21,47.22,99.22,184.22,14.47,98.0,1.74,0.22,28.44,1744.5,200.9,1,2,0.4233,0.6832,0.6832,0,1,64.2
40.76,97.19,201.33,314.7,81.86,98.0,2.9,0.85,38.55,1452.0,75.7,1,1,0.6116,0.8589,0.8589,1,1,53.7
44.3,106.98,175.75,286.93,38.52,98.0,1.89,0.37,16.44,1794.9,183.4,0,2,0.5032,0.6807,0.6807,0,1,61.5
103.79,239.78,419.6,592.88,123.78,98.0,4.51,1.92,33.56,1066.1,139.8,1,3,0.9387,1.0,1.0,1,1,26.9
12.3,36.69,65.06,123.71,23.23,70.29,1.61,0.09,34.34,1595.8,158.1,1,1,0.3346,0.581,0.581,0,0,69.7
1.6,7.77,17.05,58.72,8.53,53.21,1.71,-0.02,37.14,1932.7,14.5,3,1,0.3034,0.497,0.497,0,0,77.3
22.22,63.75,137.16,303.81,7.66,98.0,1.44,0.2,27.28,1357.2,44.3,0,2,0.4294,0.7203,0.7203,0,1,60.1
34.44,76.86,135.95,288.22,43.53,98.0,3.07,0.71,36.57,1428.4,30.9,1,2,0.5947,0.7931,0.7931,0,1,51.2
5.61,20.98,60.86,159.03,7.85,79.43,1.55,0.03,41.68,1020.9,16.2,1,0,0.3487,0.6302,0.6302,0,1,66.5
79.97,186.74,394.92,546.84,100.28,98.0,5.77,1.88,42.47,1767.1,122.3,1,3,0.934,1.0,1.0,1,1,33.3
36.51,85.95,134.06,275.98,57.9,92.46,1.0,0.24,12.52,953.8,142.5,2,2,0.4446,0.5829,0.5829,0,0,58.7
41.93,102.54,146.68,261.85,33.39,98.0,3.2,0.61,30.48,1576.3,18.3,2,2,0.6212,0.7575,0.7575,1,1,60.3
101.72,201.69,314.61,642.92,89.42,98.0,2.83,0.71,12.09,1097.2,175.6,3,2,0.753,0.8156,0.8156,1,1,44.2
16.0,38.89,67.84,137.02,21.33,73.26,1.81,0.28,41.21,1070.3,40.6,2,1,0.4044,0.6477,0.6477,0,1,63.6
85.62,201.8,406.49,680.15,94.96,98.0,5.83,2.05,42.39,908.1,56.7,1,1,0.9759,1.0,1.0,1,1,33.2
2.15,19.56,45.79,110.53,0.0,83.08,1.53,-0.07,25.99,1339.7,599.9,1,2,0.2594,0.5565,0.5565,0,0,67.6
48.41,115.0,207.02,314.83,72.35,98.0,3.6,1.15,42.56,2181.2,25.6,1,3,0.6977,0.9579,0.9579,1,1,40.0
103.6,280.87,478.24,760.53,150.0,98.0,5.36,2.09,35.58,1748.1,15.1,5,3,1.0,1.0,1.0,1,1,24.1
107.58,218.97,357.39,719.09,86.24,98.0,4.59,2.07,33.05,2035.5,37.5,3,1,1.0,1.0,1.0,1,1,24.8
97.05,191.97,321.13,657.24,91.29,98.0,4.58,1.53,28.91,939.0,322.2,1,4,0.8615,1.0,1.0,1,1,33.3
129.1,294.88,559.78,810.97,115.52,98.0,4.94,1.57,22.64,1267.0,15.3,4,1,1.0,1.0,1.0,1,1,28.1
11.53,42.21,74.66,148.55,15.54,74.31,1.64,0.18,42.7,1391.2,114.8,2,3,0.3675,0.7309,0.7309,0,1,62.9
8.38,22.36,56.32,84.91,0.0,79.89,2.15,0.02,15.09,2169.0,189.1,3,2,0.3795,0.4733,0.4733,0,0,67.9
15.81,44.44,84.52,187.33,24.3,77.43,1.54,0.26,36.89,1846.3,306.7,1,0,0.3537,0.6153,0.6153,0,0,67.6
1.92,11.21,19.34,44.6,15.53,41.94,1.2,-0.08,21.23,1559.3,78.0,1,0,0.2217,0.3109,0.3109,0,0,79.2
28.26,69.21,130.37,233.39,42.85,98.0,2.12,0.45,35.12,1245.8,73.4,2,3,0.5154,0.8047,0.8047,0,1,58.6
17.47,43.0,101.84,231.01,14.63,95.94,1.66,-0.0,13.89,2003.9,211.0,6,1,0.44,0.5343,0.5343,0,0,57.9
4.13,13.08,37.64,74.02,3.89,47.82,1.89,0.02,21.44,2215.7,26.2,0,0,0.278,0.3514,0.3514,0,0,76.7
4.17,14.65,35.09,70.94,1.78,59.93,1.68,-0.13,42.06,1635.7,74.4,4,2,0.3138,0.6072,0.6072,0,0,69.9
4.07,20.07,53.96,139.3,2.63,79.32,1.27,-0.14,28.06,821.7,121.8,0,4,0.2906,0.6325,0.6325,0,1,68.4
1.17,5.0,12.11,24.94,6.45,58.36,1.16,-0.15,25.68,1198.6,144.5,0,0,0.2281,0.3837,0.3837,0,0,80.4
17.72,55.04,86.83,123.94,15.86,85.32,2.0,0.18,35.08,1980.6,14.2,2,1,0.437,0.6556,0.6556,0,1,55.2
36.7,97.27,203.58,328.4,56.63,98.0,2.76,0.42,23.01,1389.5,242.2,5,1,0.5702,0.7373,0.7373,0,1,46.2
0.35,13.2,43.72,107.5,0.0,73.05,1.13,-0.07,25.75,1782.8,204.6,5,1,0.3072,0.494,0.494,0,0,70.6
1.0,3.73,26.49,86.45,6.12,54.12,1.44,-0.17,28.18,1615.5,45.8,1,3,0.252,0.4994,0.4994,0,0,72.0
17.01,50.24,85.45,194.21,20.12,89.74,1.82,0.34,43.64,2247.7,77.6,0,2,0.425,0.7648,0.7648,0,1,68.6
34.24,76.35,151.97,340.55,43.75,98.0,2.56,0.57,36.99,1256.6,58.1,2,4,0.564,0.8761,0.8761,0,1,54.8
7.91,31.0,68.74,155.42,17.37,76.52,1.24,0.0,9.43,1486.0,476.2,1,1,0.27,0.4037,0.4037,0,0,70.9
8.6,25.11,60.97,154.77,6.92,73.0,1.34,0.07,36.21,856.9,105.2,1,1,0.3248,0.5986,0.5986,0,0,68.3
18.14,49.79,120.32,214.81,40.37,86.48,1.44,0.16,26.11,2078.2,37.8,1,1,0.4005,0.6281,0.6281,0,1,69.1
152.7,406.43,600.31,908.41,150.0,98.0,4.88,1.34,16.3,1287.6,164.4,3,2,1.0,1.0,1.0,1,1,25.8
0.54,1.3,17.28,47.77,10.88,67.9,1.6,-0.14,38.73,1941.2,206.9,2,3,0.2804,0.611,0.611,0,0,73.5
26.58,69.1,137.86,209.85,37.21,77.77,2.32,0.19,17.74,755.0,155.4,1,1,0.4293,0.5582,0.5582,0,0,64.0
106.05,283.78,600.87,1215.47,130.45,98.0,3.04,1.14,19.53,2181.3,10.5,5,3,0.8583,1.0,1.0,1,1,40.9
17.39,48.91,100.15,195.03,13.45,98.0,1.26,0.03,10.27,2353.7,40.7,1,1,0.4025,0.5089,0.5089,0,0,65.5
27.07,65.07,133.46,224.54,23.06,81.72,1.97,0.51,43.19,1525.4,54.0,3,3,0.4892,0.8275,0.8275,0,1,57.4
22.49,55.23,83.23,176.48,8.24,98.0,2.51,0.39,36.63,1546.3,29.3,1,1,0.5088,0.6992,0.6992,0,1,55.9
87.31,235.91,436.53,782.6,122.86,98.0,2.82,0.54,13.33,1767.0,78.8,0,3,0.6827,1.0,1.0,1,1,45.3
8.69,19.4,59.99,133.44,23.42,68.15,1.71,-0.02,25.62,2358.9,46.2,2,3,0.3395,0.5591,0.5591,0,0,69.5
2.7,12.65,35.79,75.44,0.0,71.92,1.92,-0.08,20.12,1671.7,10.0,3,3,0.3511,0.4961,0.4961,0,0,64.2
2.78,19.22,32.46,106.84,21.17,72.68,1.21,-0.09,9.17,871.9,126.7,1,4,0.2847,0.4365,0.4365,0,0,70.8
22.55,66.75,131.23,251.23,8.74,98.0,2.23,0.41,41.38,1682.5,68.7,3,4,0.5125,0.8858,0.8858,0,1,64.7
39.12,106.69,187.05,279.44,62.55,98.0,3.14,0.77,38.22,1441.4,10.0,3,1,0.6383,0.8388,0.8388,1,1,45.9
65.79,169.66,254.04,344.92,42.98,98.0,4.72,1.54,43.53,2005.4,324.2,2,1,0.8011,0.9631,0.9631,1,1,35.0
19.8,42.35,81.96,133.1,36.06,86.68,1.82,0.07,16.73,1250.5,126.3,1,2,0.4014,0.5367,0.5367,0,0,69.4
4.07,19.2,50.98,78.63,17.93,71.86,0.85,-0.08,33.18,2275.4,10.0,0,2,0.2768,0.589,0.589,0,0,71.8
2.23,17.22,30.17,82.78,34.03,63.15,1.27,-0.16,12.25,2070.1,264.2,2,2,0.2499,0.3717,0.3717,0,0,76.1
33.52,89.95,167.46,311.22,37.13,98.0,2.04,0.45,23.53,1288.8,65.5,1,3,0.5161,0.7573,0.7573,0,1,65.0
17.29,48.14,100.15,210.11,0.0,98.0,2.33,0.24,38.48,1330.8,32.9,2,3,0.4819,0.7947,0.7947,0,1,58.0
19.26,62.5,111.18,255.11,3.44,98.0,1.46,-0.07,8.29,1604.4,10.0,1,1,0.4104,0.5066,0.5066,0,0,64.7
30.42,87.35,181.48,293.68,38.58,98.0,2.11,0.3,25.31,914.3,163.9,3,3,0.504,0.7887,0.7887,0,1,54.0
24.3,58.18,130.05,286.12,24.5,98.0,2.22,0.29,23.65,1888.7,418.1,0,7,0.4284,0.8325,0.8325,0,1,61.1
35.97,70.6,148.1,294.28,31.34,98.0,2.5,0.67,32.88,1755.1,24.6,0,1,0.5604,0.7484,0.7484,0,1,53.3
1.16,6.49,18.71,40.02,9.74,64.99,0.73,-0.18,16.57,1275.9,64.7,2,1,0.2521,0.3674,0.3674,0,0,66.0
94.37,187.45,376.36,695.25,112.93,98.0,2.91,0.72,14.24,1802.8,32.5,0,2,0.7285,0.9083,0.9083,1,1,46.8
38.06,99.95,167.35,336.57,47.13,98.0,2.64,0.67,31.43,912.1,102.0,2,2,0.5811,0.7903,0.7903,0,1,54.6
146.86,294.81,526.92,766.27,150.0,98.0,6.2,2.55,31.09,2320.9,246.0,1,2,1.0,1.0,1.0,1,1,26.1
20.46,63.24,134.85,254.39,18.69,89.03,2.28,0.21,35.06,860.5,16.8,0,1,0.4469,0.7246,0.7246,0,1,63.4
7.54,23.23,41.93,90.11,19.28,67.45,1.25,-0.15,16.89,1292.6,42.5,1,1,0.2928,0.4052,0.4052,0,0,63.6
121.45,281.56,405.48,856.9,119.17,98.0,2.02,0.5,8.59,2351.4,21.6,3,1,0.7665,0.8687,0.8687,1,1,43.0
0.68,2.71,15.48,47.88,0.0,47.93,1.1,-0.17,39.61,1407.3,31.2,4,3,0.255,0.56,0.56,0,0,68.3
17.34,36.75,93.57,171.88,11.01,85.11,2.12,0.04,15.43,2211.2,16.7,1,2,0.4167,0.5361,0.5361,0,0,60.4
3.64,15.17,32.08,61.83,20.0,52.81,1.29,-0.08,23.05,999.0,120.8,0,2,0.2385,0.4314,0.4314,0,0,77.1
24.91,61.44,138.77,281.32,33.22,98.0,2.08,0.25,24.87,860.1,10.0,3,4,0.5043,0.7629,0.7629,0,1,52.1
3.87,13.25,49.44,104.13,11.2,44.37,1.5,-0.16,14.74,928.5,156.7,1,1,0.2272,0.3326,0.3326,0,0,76.1
5.37,27.12,68.24,152.97,26.85,85.96,1.25,0.03,26.75,2353.9,18.4,0,0,0.3381,0.5381,0.5381,0,0,76.1
13.64,37.51,98.51,198.36,1.54,87.63,2.46,0.14,40.91,896.5,37.2,1,0,0.4358,0.6931,0.6931,0,1,60.5
49.26,107.52,188.23,301.44,49.74,98.0,1.76,0.45,17.77,1825.4,50.8,4,0,0.5747,0.6466,0.6466,0,1,56.1
4.76,16.18,55.02,147.57,13.69,73.27,0.88,0.04,26.73,1477.0,57.6,1,1,0.2983,0.5163,0.5163,0,0,62.7
3.12,8.16,19.93,53.1,27.66,73.76,1.6,-0.17,19.11,2170.3,22.8,3,2,0.3311,0.4438,0.4438,0,0,74.5
28.46,78.73,179.45,348.53,27.54,98.0,2.35,0.54,43.31,1235.6,80.5,0,0,0.5144,0.8402,0.8402,0,1,55.8
110.95,231.1,455.35,743.7,107.65,98.0,3.19,0.94,15.94,797.7,270.2,2,1,0.7925,0.9885,0.9885,1,1,36.8
48.56,100.44,162.49,282.65,54.04,92.21,2.21,0.29,11.94,1985.2,73.7,4,1,0.5617,0.5823,0.5823,0,0,51.2
3.17,15.64,32.17,56.94,16.49,60.02,1.57,-0.16,13.13,1721.5,10.0,2,4,0.2925,0.4324,0.4324,0,0,63.3
20.77,57.72,102.37,197.0,31.95,98.0,2.38,0.18,21.21,1466.9,54.2,5,1,0.5139,0.5992,0.5992,0,0,57.1
5.3,25.18,55.94,110.84,27.1,65.8,1.97,-0.04,27.9,1283.0,61.9,1,3,0.3229,0.5658,0.5658,0,0,63.1
3.41,11.31,46.39,89.89,0.0,65.45,1.46,-0.15,32.05,2234.1,40.0,2,3,0.2967,0.5863,0.5863,0,0,64.4
23.0,71.57,132.65,271.7,22.16,93.23,1.76,0.27,28.25,951.0,42.1,3,0,0.4724,0.6492,0.6492,0,1,55.9
18.01,40.9,90.22,188.15,35.31,93.22,1.88,0.38,40.6,983.2,26.6,0,1,0.448,0.7261,0.7261,0,1,62.5
28.12,62.09,126.3,205.87,45.7,83.61,2.12,0.16,20.97,774.5,376.7,0,5,0.3943,0.7062,0.7062,0,1,58.1
7.41,25.41,61.74,150.46,15.84,98.0,1.86,0.04,33.64,869.7,90.5,2,4,0.4082,0.739,0.739,0,1,59.7
11.88,26.3,51.3,120.29,9.69,74.37,0.95,0.06,17.65,2164.5,92.3,1,2,0.319,0.4722,0.4722,0,0,74.6
10.4,30.4,77.31,174.81,15.49,88.67,1.73,0.14,32.54,2059.5,66.5,3,3,0.4132,0.6931,0.6931,0,1,62.8
82.82,197.21,412.81,642.98,93.34,98.0,5.49,1.83,41.33,919.0,115.1,1,3,0.924,1.0,1.0,1,1,33.4
83.47,165.7,328.56,696.55,77.49,98.0,6.2,2.11,43.22,2036.7,66.0,1,1,0.9924,1.0,1.0,1,1,25.6
110.48,275.94,465.78,710.28,150.0,98.0,5.0,2.1,34.27,1807.7,140.1,3,2,1.0,1.0,1.0,1,1,27.7
8.76,31.75,64.31,119.05,17.02,96.31,1.67,0.05,41.93,1389.4,11.1,0,2,0.3917,0.7437,0.7437,0,1,66.1
95.06,232.05,444.81,671.22,135.5,98.0,4.88,1.74,32.5,888.9,10.0,0,3,0.923,1.0,1.0,1,1,32.0
5.82,21.67,62.45,119.83,8.21,88.24,1.4,0.1,42.68,1743.9,99.2,1,1,0.3579,0.6948,0.6948,0,1,71.6
154.88,310.37,580.83,1064.81,150.0,98.0,6.2,2.8,40.33,2135.5,159.0,1,2,1.0,1.0,1.0,1,1,20.0
6.18,24.09,55.4,94.59,23.31,56.54,0.79,-0.03,11.84,1444.2,132.7,0,0,0.2346,0.3207,0.3207,0,0,78.0
45.23,117.28,197.62,349.86,49.87,98.0,2.65,0.63,25.07,1450.2,61.0,0,4,0.5814,0.8365,0.8365,0,1,53.4
2.18,15.49,34.25,85.7,16.5,77.52,1.68,0.01,20.51,2114.0,10.0,1,1,0.3402,0.453,0.453,0,0,62.7
21.38,46.63,76.65,175.22,46.75,93.08,1.65,-0.07,8.97,1097.5,15.5,0,2,0.4023,0.4861,0.4861,0,0,63.1
47.5,119.32,203.69,433.76,35.81,98.0,2.41,0.59,24.81,1034.6,59.7,2,0,0.5921,0.7218,0.7218,0,1,50.2
3.7,17.41,42.19,105.43,3.14,68.4,1.21,-0.06,13.34,1897.7,131.0,1,1,0.2803,0.3798,0.3798,0,0,68.5
149.57,383.03,815.8,1644.3,150.0,98.0,2.98,0.67,9.31,1833.2,44.9,2,1,0.8823,1.0,1.0,1,1,33.5
12.06,37.07,82.66,149.28,18.33,83.45,2.07,0.04,24.02,2255.0,91.0,1,2,0.3877,0.5868,0.5868,0,0,67.1
58.27,133.49,269.92,392.8,55.28,98.0,2.05,0.5,16.37,1301.5,23.2,1,2,0.5891,0.7952,0.7952,0,1,60.6
22.59,59.73,119.2,217.3,37.57,91.35,2.39,0.44,41.67,1083.3,22.3,3,3,0.5144,0.8248,0.8248,0,1,56.6
7.18,20.43,45.84,118.53,11.78,85.43,2.1,-0.01,37.26,1457.6,162.9,0,3,0.3562,0.6833,0.6833,0,1,62.3
77.55,161.36,254.11,474.48,104.69,98.0,4.51,1.88,42.42,1383.3,69.2,2,3,0.8888,1.0,1.0,1,1,34.4
7.24,17.92,38.97,86.05,6.75,61.17,1.93,-0.0,39.73,2297.9,357.2,0,0,0.2705,0.5368,0.5368,0,0,79.2
1.95,16.84,47.41,112.69,0.0,90.29,0.87,-0.14,34.21,2264.1,28.5,3,4,0.3349,0.7044,0.7044,0,1,62.9
3.11,11.98,38.82,102.35,5.91,61.27,1.21,-0.14,29.52,1456.4,71.3,1,0,0.2626,0.4551,0.4551,0,0,69.9
116.5,274.42,440.07,764.12,146.1,98.0,3.17,0.53,10.36,1430.6,25.0,2,2,0.7976,0.9551,0.9551,1,1,34.3
11.0,31.61,67.05,141.28,8.75,68.98,1.86,-0.07,17.57,1484.2,35.5,0,0,0.3297,0.4156,0.4156,0,0,59.3
31.75,78.94,141.39,287.0,30.25,98.0,3.03,0.52,33.59,1956.0,122.6,3,1,0.5756,0.7459,0.7459,0,1,54.9
3.05,13.03,32.06,59.97,1.26,70.04,0.96,-0.07,22.44,1657.6,288.5,1,2,0.2487,0.4748,0.4748,0,0,70.8
2.79,8.4,17.71,62.03,27.77,55.0,1.38,-0.17,19.71,1225.1,16.5,3,3,0.2798,0.4233,0.4233,0,0,71.6
20.62,69.29,158.93,355.38,31.29,98.0,1.26,-0.01,11.74,2018.4,16.7,2,4,0.4198,0.6826,0.6826,0,1,66.2
4.39,10.93,36.22,94.22,13.82,88.91,1.5,-0.02,10.53,2241.3,365.6,1,2,0.3129,0.4374,0.4374,0,0,65.0
2.05,11.58,24.09,39.69,0.0,56.75,1.23,-0.05,15.56,1934.3,159.9,2,0,0.2578,0.3128,0.3128,0,0,70.7
90.26,201.04,386.49,534.1,112.03,98.0,5.5,1.95,38.04,1071.2,45.0,0,1,0.9549,1.0,1.0,1,1,25.0
106.97,269.73,421.6,767.32,72.73,98.0,5.0,1.85,31.87,2056.4,62.7,0,1,0.9618,1.0,1.0,1,1,18.6
34.46,85.57,174.53,357.62,54.21,98.0,2.37,0.32,20.27,2381.8,186.6,0,0,0.4942,0.6499,0.6499,0,1,55.7
8.74,22.6,53.12,127.54,0.19,90.44,1.27,-0.1,10.2,1880.5,144.0,4,2,0.3685,0.4597,0.4597,0,0,58.9
21.33,56.44,122.32,256.72,27.04,98.0,1.45,0.18,14.78,1152.4,112.8,2,1,0.4361,0.5722,0.5722,0,0,62.4
15.41,39.22,101.27,199.56,26.16,98.0,2.16,0.09,24.2,759.2,240.0,3,1,0.4369,0.6217,0.6217,0,1,64.2
22.61,57.49,97.13,207.07,33.13,96.93,1.91,0.11,13.52,1385.9,44.9,3,3,0.4699,0.5883,0.5883,0,0,53.6
22.96,70.96,124.78,273.37,32.84,98.0,2.37,0.43,35.45,1525.9,28.5,1,1,0.5081,0.7405,0.7405,0,1,63.5
19.82,63.61,121.75,227.27,40.37,98.0,2.37,0.29,36.39,2250.9,63.3,1,5,0.4814,0.8643,0.8643,0,1,63.0
6.19,16.61,55.14,101.35,4.19,90.77,1.53,0.02,12.93,1772.5,10.0,1,3,0.3743,0.515,0.515,0,0,65.3
0.8,4.42,31.0,95.53,0.0,65.6,1.09,-0.12,34.17,1214.7,84.9,2,2,0.2711,0.5549,0.5549,0,0,67.9
12.16,31.36,77.39,179.35,9.16,70.65,1.71,-0.06,26.44,1891.4,54.5,1,2,0.3383,0.5639,0.5639,0,0,67.4
44.32,103.92,190.61,269.35,45.03,95.56,3.38,0.9,42.65,902.1,17.0,0,2,0.6392,0.9017,0.9017,1,1,55.8
16.86,48.37,94.74,167.34,24.86,72.14,1.92,0.11,36.35,1102.2,250.0,1,2,0.3542,0.6686,0.6686,0,1,68.4
35.72,92.72,144.86,275.29,44.13,98.0,2.1,0.54,29.07,1978.4,25.9,3,2,0.559,0.744,0.744,0,1,49.5
95.65,204.13,322.92,585.24,125.01,98.0,4.53,1.61,29.73,1240.4,146.9,1,3,0.8875,0.9969,0.9969,1,1,29.0
3.57,9.57,17.82,65.75,13.61,69.61,0.97,-0.17,14.44,801.4,146.8,1,3,0.2586,0.4222,0.4222,0,0,67.8
23.54,54.74,92.85,186.19,28.14,98.0,1.66,0.54,40.17,1569.7,10.0,1,1,0.4903,0.7393,0.7393,0,1,51.6
148.92,362.44,527.05,919.47,122.76,98.0,6.01,2.42,28.13,1835.8,67.0,1,4,1.0,1.0,1.0,1,1,26.9
117.48,250.8,378.45,672.64,150.0,98.0,5.05,1.81,28.67,2051.9,77.6,0,0,0.9848,0.9663,0.9848,1,1,21.5
84.81,175.23,338.07,618.24,102.58,98.0,3.84,1.33,28.72,1255.0,204.1,1,1,0.7943,0.9473,0.9473,1,1,40.7
100.08,268.89,470.03,678.32,80.25,98.0,2.46,0.88,17.94,1450.5,117.5,4,0,0.7671,0.9924,0.9924,1,1,45.4
5.58,23.2,60.85,166.78,2.76,72.6,1.57,0.02,37.24,1668.3,10.0,2,4,0.3436,0.6955,0.6955,0,1,78.7
32.04,88.83,149.67,243.0,15.79,94.4,2.44,0.65,39.04,873.2,71.5,1,2,0.5413,0.8196,0.8196,0,1,55.3
2.26,7.99,25.62,60.32,17.18,47.9,1.13,-0.11,18.36,1076.1,42.9,2,1,0.2448,0.3423,0.3423,0,0,62.1
30.35,92.39,163.93,313.42,33.17,98.0,2.37,0.29,23.9,1359.3,22.5,3,2,0.5326,0.726,0.726,0,1,59.9
48.2,126.03,206.7,323.92,57.67,98.0,2.23,0.28,14.45,1190.8,38.8,4,2,0.5776,0.7026,0.7026,0,1,52.6
9.65,24.03,59.31,85.3,18.13,62.21,1.38,0.01,16.59,1518.6,220.1,1,2,0.2838,0.4394,0.4394,0,0,69.7
19.92,54.89,82.52,164.78,28.61,85.92,1.79,0.04,20.1,1823.7,116.1,2,2,0.4065,0.5622,0.5622,0,0,63.9
11.25,30.94,69.69,125.11,33.48,75.35,1.11,0.11,40.47,1640.5,68.6,2,3,0.3455,0.7099,0.7099,0,1,64.4
11.52,45.19,83.73,185.84,5.36,89.64,1.27,0.17,30.54,2027.4,153.0,6,1,0.4193,0.6277,0.6277,0,1,67.4
7.43,24.64,70.1,165.49,15.93,67.11,0.81,-0.02,29.17,1783.5,413.9,0,1,0.2245,0.5369,0.5369,0,0,75.4
28.72,79.59,172.09,240.99,44.81,98.0,3.39,0.65,42.08,1231.7,314.3,2,3,0.5615,0.9114,0.9114,0,1,55.7
88.71,176.14,337.3,517.89,133.18,98.0,5.0,1.79,36.49,947.9,12.2,2,0,0.9365,0.9786,0.9786,1,1,28.7
56.52,135.75,286.86,561.13,75.12,98.0,1.5,0.25,8.58,1805.5,48.5,2,5,0.5417,0.8436,0.8436,0,1,57.4
3.84,16.53,27.15,59.02,6.62,71.4,1.17,-0.14,12.48,1099.7,45.1,0,1,0.2781,0.3629,0.3629,0,0,71.7
41.55,122.55,210.53,430.45,40.08,98.0,2.5,0.38,16.92,1275.8,96.9,1,1,0.5455,0.6971,0.6971,0,1,51.7
26.74,77.13,143.31,258.39,24.81,98.0,2.01,0.21,18.94,2062.1,11.4,2,2,0.4915,0.6611,0.6611,0,1,61.1
5.83,28.52,46.46,120.15,4.18,76.82,2.12,0.1,38.03,1112.9,305.7,1,3,0.3364,0.6661,0.6661,0,1,75.3
142.03,300.63,490.45,825.66,150.0,98.0,6.2,2.8,35.72,1637.4,183.1,0,1,1.0,1.0,1.0,1,1,24.9
126.21,346.36,639.0,934.06,150.0,98.0,3.64,0.96,13.24,906.5,15.7,1,0,0.8772,1.0,1.0,1,1,40.7
112.13,255.46,368.49,580.0,150.0,98.0,4.98,1.65,27.22,1437.3,35.2,2,4,0.9775,1.0,1.0,1,1,32.2
89.57,239.01,421.93,760.04,124.67,98.0,2.7,0.49,11.93,2367.5,18.5,0,0,0.6866,0.8855,0.8855,1,1,46.4
100.08,203.77,339.32,551.94,78.66,98.0,2.39,0.75,14.22,2324.7,77.9,3,3,0.747,0.8929,0.8929,1,1,47.7
5.95,19.82,43.0,83.39,0.0,68.64,1.53,-0.06,16.72,2311.9,265.0,2,1,0.2928,0.4085,0.4085,0,0,67.9
25.42,75.11,157.11,233.47,40.62,98.0,2.49,0.44,40.59,1732.0,124.2,2,3,0.517,0.8811,0.8811,0,1,64.4
0.57,11.82,40.81,97.5,5.74,75.83,0.91,-0.05,21.17,1236.2,111.6,1,2,0.2791,0.4915,0.4915,0,0,69.3
9.41,34.33,68.9,145.5,3.76,72.72,1.84,0.04,40.97,1335.7,10.0,1,1,0.3578,0.6456,0.6456,0,1,54.2
156.39,404.85,687.21,1099.78,150.0,98.0,6.2,2.8,35.03,1090.0,284.1,1,1,1.0,1.0,1.0,1,1,25.4
3.16,11.31,29.22,59.66,6.8,74.05,1.33,-0.1,34.98,911.0,39.5,1,1,0.305,0.5529,0.5529,0,0,72.2
34.63,99.82,148.36,244.11,40.67,98.0,2.58,0.67,36.93,1028.6,276.5,3,1,0.5573,0.7811,0.7811,0,1,54.4
5.36,25.36,69.42,159.7,14.78,96.19,1.65,-0.14,11.45,1521.0,72.6,0,3,0.3548,0.5358,0.5358,0,0,65.2
21.13,43.67,85.17,217.63,24.4,98.0,1.77,0.42,37.33,794.6,90.3,2,2,0.4768,0.7371,0.7371,0,1,57.8
10.39,22.69,42.62,115.96,25.66,56.13,1.81,-0.1,17.09,2299.7,111.5,2,3,0.3051,0.436,0.436,0,0,65.3
18.13,39.11,84.87,162.13,13.59,98.0,1.89,0.34,43.42,1676.7,40.8,2,2,0.4738,0.7855,0.7855,0,1,56.5
2.27,12.36,39.91,83.32,0.0,84.15,1.59,-0.12,38.54,1036.3,216.6,1,2,0.3112,0.6527,0.6527,0,1,75.0
0.34,13.42,42.96,62.99,12.73,62.63,1.08,-0.19,43.88,1437.0,381.4,1,0,0.207,0.5789,0.5789,0,0,81.1
48.06,118.42,174.42,279.64,52.37,98.0,3.28,1.18,41.74,1370.9,40.0,2,4,0.6943,0.9415,0.9415,1,1,45.6
6.28,26.1,68.59,114.03,12.58,65.38,1.18,0.05,20.95,2128.3,10.0,1,3,0.3054,0.5245,0.5245,0,0,66.9
34.26,82.72,139.82,220.71,47.12,81.7,2.74,0.7,41.9,948.8,89.5,3,1,0.5556,0.7649,0.7649,0,1,51.7
146.78,366.43,621.06,935.42,99.29,98.0,4.49,1.65,19.89,1459.3,107.8,1,3,1.0,1.0,1.0,1,1,25.7
4.75,15.73,42.39,107.19,1.38,71.68,1.94,-0.01,31.73,1923.7,10.0,0,1,0.333,0.5364,0.5364,0,0,66.8
6.16,15.59,44.04,90.83,1.84,58.22,1.8,0.01,37.47,1365.8,134.1,4,1,0.3261,0.5466,0.5466,0,0,69.9
116.81,269.33,524.2,775.62,125.46,98.0,4.77,1.48,21.75,1340.0,41.4,1,2,0.9524,1.0,1.0,1,1,30.3
67.31,147.39,237.57,381.04,63.6,98.0,2.17,0.43,15.34,1311.7,382.3,1,1,0.5622,0.7175,0.7175,0,1,55.6
49.49,137.5,283.91,512.03,68.62,98.0,3.32,1.14,40.22,2007.3,182.5,1,0,0.667,0.9431,0.9431,1,1,46.0
13.98,39.04,80.93,144.52,13.59,89.38,1.22,-0.02,11.72,946.9,10.0,1,3,0.3724,0.5329,0.5329,0,0,59.1
31.71,76.62,112.71,203.11,32.59,98.0,1.95,0.21,21.14,2163.6,370.5,3,3,0.4634,0.6713,0.6713,0,1,61.2
2.92,9.3,20.08,53.96,0.0,39.92,1.11,-0.09,27.46,867.0,30.9,4,1,0.2516,0.386,0.386,0,0,72.6
75.83,172.8,350.59,615.86,78.08,98.0,4.76,1.57,36.97,1276.4,192.1,3,1,0.8584,1.0,1.0,1,1,30.4
106.06,286.75,603.92,1168.43,66.92,98.0,6.2,2.31,39.28,1391.9,123.7,0,2,1.0,1.0,1.0,1,1,24.6
3.58,20.26,58.98,106.42,30.93,70.4,1.43,-0.16,26.42,1399.4,92.2,3,1,0.3094,0.5106,0.5106,0,0,74.8
7.12,28.58,50.2,98.55,0.0,64.21,1.43,-0.04,28.64,1059.7,323.8,4,2,0.2951,0.5303,0.5303,0,0,69.6
2.11,13.82,42.39,84.47,2.05,55.04,1.16,-0.1,38.74,1745.2,111.7,1,0,0.2426,0.5158,0.5158,0,0,73.1
6.34,19.94,43.01,87.7,10.29,64.12,1.54,0.02,24.81,1498.4,234.8,4,0,0.3164,0.4306,0.4306,0,0,69.3
33.85,82.35,136.3,282.97,58.84,98.0,2.32,0.51,28.13,1686.5,211.0,3,4,0.5361,0.786,0.786,0,1,50.6
9.51,34.96,67.06,168.33,14.64,97.01,1.5,-0.11,8.66,1764.6,133.8,7,2,0.4251,0.4829,0.4829,0,0,64.9
116.93,321.71,580.78,819.76,150.0,98.0,6.2,2.75,42.24,1065.7,80.9,0,4,1.0,1.0,1.0,1,1,29.9
8.38,30.5,61.32,103.37,8.34,68.1,1.62,0.05,28.4,2268.5,12.4,0,1,0.3261,0.5228,0.5228,0,0,67.1
140.11,362.94,777.21,1402.98,150.0,98.0,6.2,2.72,34.19,2119.7,20.1,0,1,1.0,1.0,1.0,1,1,24.7
100.61,246.27,373.66,755.68,73.04,98.0,2.56,0.83,16.92,2116.9,91.3,1,0,0.7413,0.8665,0.8665,1,1,36.7
86.08,238.28,448.59,864.4,84.57,98.0,4.29,1.57,31.64,1627.2,48.5,2,2,0.8718,1.0,1.0,1,1,29.8
3.64,13.19,23.33,65.6,1.69,73.58,1.65,-0.11,24.56,2103.1,28.0,3,1,0.3401,0.461,0.461,0,0,65.7
85.63,165.87,300.46,463.3,103.14,98.0,2.76,0.54,12.05,1785.4,409.7,0,3,0.6316,0.828,0.828,1,1,43.4
34.39,84.24,176.55,369.85,27.82,98.0,2.8,0.75,37.89,1493.4,234.7,2,1,0.5702,0.8233,0.8233,0,1,57.3
6.61,20.83,54.49,135.6,3.22,98.0,2.38,0.09,38.22,1991.6,67.5,4,4,0.4582,0.7667,0.7667,0,1,63.6
1.45,14.77,48.95,87.65,2.74,60.42,1.47,-0.08,10.29,1739.9,245.8,2,2,0.2613,0.3713,0.3713,0,0,74.8
1.17,10.5,37.63,100.11,13.93,73.86,1.36,-0.14,22.06,753.3,10.0,0,1,0.291,0.4593,0.4593,0,0,66.3
2.57,6.89,22.09,31.98,0.0,37.65,0.82,-0.01,18.13,2395.1,12.5,0,3,0.2026,0.3675,0.3675,0,0,72.4
17.39,52.83,112.49,215.96,13.44,89.49,1.55,0.08,26.59,1459.3,354.9,4,1,0.3897,0.6308,0.6308,0,1,61.7
52.83,137.46,222.21,471.03,54.13,98.0,3.09,0.73,25.6,1693.4,140.1,4,2,0.6596,0.8108,0.8108,1,1,45.9
13.73,44.02,90.37,181.84,21.96,72.73,1.53,0.16,31.63,1419.8,173.4,0,6,0.335,0.7471,0.7471,0,1,72.5
37.02,99.59,199.48,363.08,65.93,98.0,1.63,0.29,16.91,915.5,214.7,3,4,0.4912,0.7735,0.7735,0,1,64.2
11.81,35.34,76.45,168.2,23.73,83.89,1.58,-0.09,15.98,2126.1,10.0,3,1,0.3838,0.4862,0.4862,0,0,66.5
24.66,51.39,82.63,160.69,29.32,69.84,1.7,0.24,34.04,1876.2,151.8,0,5,0.3743,0.7189,0.7189,0,1,62.3
26.33,58.37,119.27,207.99,39.63,98.0,2.69,0.6,43.14,2117.1,53.0,1,3,0.5439,0.8553,0.8553,0,1,59.6
3.82,19.97,44.74,59.83,6.64,48.5,1.29,-0.04,42.07,1548.5,204.5,3,4,0.2525,0.647,0.647,0,1,69.9
8.96,32.29,65.45,167.82,1.08,97.46,1.73,0.04,36.51,2056.3,58.9,2,2,0.4102,0.705,0.705,0,1,59.8
20.28,48.37,106.55,206.96,27.83,94.51,1.2,0.11,10.43,2066.2,175.1,1,2,0.3898,0.5383,0.5383,0,0,62.9
1.47,11.73,43.07,88.36,1.73,73.86,1.26,-0.18,16.56,1304.9,277.9,0,3,0.2471,0.4819,0.4819,0,0,77.1
8.97,23.77,36.78,83.81,16.27,59.06,1.63,-0.06,32.83,756.7,49.7,2,8,0.3119,0.7129,0.7129,0,1,70.7
122.64,296.26,578.45,788.16,132.9,98.0,4.0,1.17,18.65,2168.6,76.0,1,2,0.8965,1.0,1.0,1,1,34.2
111.58,295.95,530.52,733.32,86.25,98.0,4.35,1.32,22.17,1054.6,92.5,1,0,0.8979,1.0,1.0,1,1,21.3
12.87,41.53,101.39,191.04,5.83,79.36,2.36,0.14,42.33,2183.4,139.7,2,1,0.4073,0.7148,0.7148,0,1,63.4
33.86,89.76,174.03,331.48,38.53,98.0,1.52,0.15,11.11,1770.2,223.0,0,2,0.4333,0.636,0.636,0,1,59.1
11.32,32.69,64.2,149.69,10.69,76.53,1.12,0.14,39.0,1797.3,28.3,2,0,0.3568,0.6048,0.6048,0,0,71.1
31.83,73.05,125.84,246.2,31.61,98.0,1.32,0.17,9.81,1157.9,349.5,1,1,0.4137,0.5367,0.5367,0,0,67.8
129.87,355.45,587.73,1078.27,113.09,98.0,4.64,1.53,20.17,1414.3,184.8,2,1,0.975,1.0,1.0,1,1,31.0
43.54,103.39,210.72,376.09,52.67,98.0,2.41,0.71,27.99,1265.0,18.0,0,2,0.5795,0.8159,0.8159,0,1,54.8
10.58,28.17,53.26,122.18,21.61,72.02,1.56,0.06,20.83,1064.1,49.1,1,4,0.3437,0.5534,0.5534,0,0,60.5
134.14,284.78,583.14,893.49,110.77,98.0,6.2,2.8,42.46,1945.4,34.7,1,1,1.0,1.0,1.0,1,1,28.8
19.89,49.58,88.38,159.6,18.86,98.0,1.79,0.15,26.16,908.1,20.8,2,2,0.4569,0.6517,0.6517,0,1,65.9
149.38,414.0,653.24,1037.27,124.09,98.0,6.2,2.8,34.42,1594.7,124.2,1,1,1.0,1.0,1.0,1,1,20.2
3.12,16.04,47.65,73.28,0.0,77.71,1.07,-0.1,33.27,1634.4,10.0,1,4,0.3043,0.662,0.662,0,1,66.6
1.96,14.28,34.97,55.32,21.02,45.43,1.13,-0.07,38.06,2326.4,109.6,2,1,0.2336,0.5044,0.5044,0,0,73.6
0.34,1.22,6.74,47.11,0.0,37.51,1.11,-0.19,39.1,2184.5,211.0,1,4,0.1757,0.5461,0.5461,0,0,78.0
41.36,99.44,168.37,280.18,46.02,98.0,2.38,0.48,24.79,1561.3,53.9,0,3,0.5456,0.7685,0.7685,0,1,60.0
103.41,211.45,436.33,751.33,104.82,98.0,6.2,2.26,39.07,2142.9,80.7,3,2,1.0,1.0,1.0,1,1,28.4
4.75,26.25,63.49,146.77,7.14,61.33,1.28,-0.07,31.52,2054.5,18.7,4,3,0.3137,0.5915,0.5915,0,0,72.4
26.64,57.97,86.12,210.55,34.5,77.33,2.27,0.31,32.7,796.0,152.9,0,3,0.4278,0.6734,0.6734,0,1,65.9
7.71,22.29,45.53,114.47,12.15,90.29,1.76,-0.05,14.24,2271.5,287.3,0,2,0.3322,0.4823,0.4823,0,0,67.8
14.11,34.86,67.97,144.39,31.51,95.4,2.09,-0.01,16.82,1885.0,158.4,2,1,0.4164,0.5148,0.5148,0,0,55.5
3.55,9.45,39.0,98.35,1.11,56.28,1.37,-0.13,32.76,1858.7,15.7,4,2,0.2983,0.5273,0.5273,0,0,74.0
64.25,171.13,306.73,464.46,92.66,98.0,2.82,0.48,17.56,1927.2,50.9,1,3,0.6329,0.8798,0.8798,1,1,50.1
38.15,86.76,185.76,399.41,12.76,98.0,2.29,0.44,25.64,1120.9,22.8,4,4,0.5734,0.8266,0.8266,0,1,56.3
39.87,82.8,164.05,336.72,48.01,98.0,2.5,0.42,25.64,798.1,106.8,1,1,0.544,0.71,0.71,0,1,59.9
10.44,23.76,69.01,139.03,15.42,95.27,1.79,-0.01,16.43,1132.5,153.8,1,2,0.3836,0.5425,0.5425,0,0,57.3
76.78,179.91,317.82,516.66,94.8,98.0,4.36,1.23,28.39,2061.1,444.2,1,0,0.7555,0.89,0.89,1,1,42.6
3.11,21.12,32.52,63.81,13.37,75.5,1.44,-0.03,28.3,1735.6,83.9,1,0,0.3138,0.4775,0.4775,0,0,68.0
0.17,3.81,18.76,45.8,19.49,58.24,1.38,-0.17,12.64,1346.1,121.7,1,1,0.2464,0.3172,0.3172,0,0,81.1
0.4,5.98,18.17,46.93,6.43,75.18,1.84,-0.12,21.72,1148.5,13.5,1,2,0.3238,0.4665,0.4665,0,0,69.1
17.67,42.86,87.73,179.45,12.67,81.32,1.65,0.13,21.17,2069.7,20.2,3,4,0.4163,0.6243,0.6243,0,1,62.7
12.15,31.71,48.43,88.95,37.23,66.18,2.22,0.02,28.24,1505.5,31.6,2,4,0.3724,0.5904,0.5904,0,0,65.5
156.25,416.3,827.06,1221.11,150.0,98.0,6.2,2.8,34.98,1759.4,10.0,3,1,1.0,1.0,1.0,1,1,33.2
0.15,13.43,29.33,73.7,13.52,74.92,0.88,-0.2,8.66,770.7,62.9,2,2,0.2762,0.3749,0.3749,0,0,73.4
10.99,28.71,50.49,111.23,9.59,64.17,1.75,-0.05,12.77,1459.4,362.4,0,3,0.2735,0.4336,0.4336,0,0,74.5
25.32,63.58,105.86,196.5,30.05,94.14,1.82,0.09,18.87,775.5,127.0,1,0,0.4333,0.544,0.544,0,0,67.7
109.15,270.59,445.51,768.57,99.67,98.0,6.16,2.32,37.17,2049.3,68.7,1,4,1.0,1.0,1.0,1,1,26.9
126.09,337.41,590.65,1161.46,150.0,98.0,4.56,1.75,25.3,1161.3,81.7,2,1,0.9973,1.0,1.0,1,1,26.2
129.97,308.0,488.45,822.53,149.06,98.0,4.77,1.86,26.39,1025.8,19.0,0,0,1.0,1.0,1.0,1,1,29.2
33.55,84.18,179.81,328.83,31.68,98.0,2.05,0.26,22.73,2278.6,12.2,4,1,0.5353,0.706,0.706,0,1,56.7
17.76,51.67,95.1,159.52,43.97,86.29,1.41,0.11,22.95,779.7,36.0,2,1,0.4036,0.5714,0.5714,0,0,67.0
4.73,13.22,28.84,84.56,0.0,67.27,1.52,-0.09,43.19,1076.4,43.9,0,4,0.2929,0.6891,0.6891,0,1,64.2
5.4,11.91,37.45,102.28,14.08,69.09,1.55,-0.01,40.35,1146.8,15.7,1,2,0.321,0.622,0.622,0,1,77.5
19.78,59.35,123.2,248.62,24.38,98.0,2.46,0.27,34.13,2107.6,141.1,0,2,0.4625,0.758,0.758,0,1,57.4
35.43,81.36,141.48,266.51,79.04,93.22,2.58,0.34,19.67,1921.6,307.9,1,2,0.4916,0.6513,0.6513,0,1,55.7
10.74,33.79,84.81,180.13,14.14,95.58,1.45,-0.0,26.49,2346.2,23.0,0,2,0.3781,0.6432,0.6432,0,1,62.8
5.98,25.24,57.64,105.89,0.09,59.96,1.74,-0.12,32.82,1896.5,218.5,4,1,0.3027,0.5309,0.5309,0,0,65.5
40.35,110.56,193.47,301.12,45.51,98.0,2.43,0.37,22.2,1139.9,42.5,2,1,0.5561,0.7185,0.7185,0,1,58.9
22.13,58.7,92.96,179.72,19.14,98.0,2.44,0.3,26.88,1025.3,112.0,2,2,0.4941,0.6631,0.6631,0,1,57.3
11.89,32.41,75.39,144.21,24.2,96.11,1.87,0.08,13.25,1996.4,11.1,3,1,0.4404,0.4972,0.4972,0,0,56.2
13.38,35.28,69.25,120.28,29.11,88.19,1.04,0.07,11.37,2236.5,32.8,1,2,0.3663,0.4825,0.4825,0,0,63.6
4.57,14.28,24.44,69.56,16.45,71.36,1.64,-0.12,14.02,2254.3,20.6,1,2,0.3171,0.4019,0.4019,0,0,66.8
19.71,55.24,103.19,162.44,15.34,68.24,2.55,0.13,35.2,2022.3,21.1,4,1,0.4424,0.6288,0.6288,0,1,66.4
8.89,27.8,48.45,91.4,23.83,55.43,1.73,-0.09,14.84,2060.7,325.2,2,5,0.2688,0.4831,0.4831,0,0,67.7
119.19,236.69,370.35,664.4,150.0,98.0,6.2,2.76,41.29,1842.9,54.3,0,1,1.0,1.0,1.0,1,1,23.5
13.09,46.18,118.58,244.79,11.58,85.82,1.91,-0.04,21.27,1964.1,26.2,1,0,0.389,0.5554,0.5554,0,0,68.2
88.47,243.52,403.98,646.19,121.86,98.0,2.57,0.64,14.09,941.5,22.5,3,3,0.7225,0.9708,0.9708,1,1,38.4
16.69,38.98,97.94,222.68,15.67,98.0,1.98,0.27,37.71,1293.2,134.1,2,1,0.4546,0.7258,0.7258,0,1,56.1
49.72,119.88,187.15,322.05,40.08,96.94,2.59,0.66,24.44,1505.9,152.1,3,1,0.6082,0.7257,0.7257,1,1,59.8
32.27,83.88,168.17,329.62,47.89,98.0,1.45,0.22,21.98,1846.1,468.0,1,5,0.4103,0.8058,0.8058,0,1,62.1
12.0,40.52,76.96,195.33,17.74,95.04,1.71,-0.05,19.86,1439.2,118.0,2,2,0.3939,0.5791,0.5791,0,0,73.8
25.37,74.81,116.7,186.84,38.85,98.0,1.63,0.25,19.9,1368.7,73.7,2,0,0.4668,0.5762,0.5762,0,0,58.2
137.96,273.23,536.53,778.02,137.28,98.0,6.2,2.54,31.88,1679.9,30.5,2,1,1.0,1.0,1.0,1,1,26.0
142.34,336.84,703.96,1423.23,150.0,98.0,5.63,2.14,27.46,1400.8,10.0,0,1,1.0,1.0,1.0,1,1,34.4
4.27,23.7,46.53,121.41,12.46,77.13,1.51,0.01,24.84,869.7,255.2,2,1,0.3146,0.5015,0.5015,0,0,67.3
12.47,47.19,103.0,209.71,28.81,84.55,1.25,0.11,24.09,2349.5,186.6,2,3,0.359,0.6454,0.6454,0,1,62.7
5.64,24.64,42.29,86.17,18.85,81.41,0.96,-0.13,13.11,2278.2,190.9,0,1,0.277,0.4145,0.4145,0,0,71.1
119.77,333.96,644.61,1102.72,93.79,98.0,6.2,2.54,37.8,814.4,46.6,0,1,1.0,1.0,1.0,1,1,27.9
8.17,26.09,51.67,91.3,19.77,82.65,1.37,0.11,41.37,1623.2,53.1,2,2,0.3672,0.6855,0.6855,0,1,68.1
60.84,169.02,257.26,431.39,58.43,98.0,3.7,1.24,36.88,1926.1,183.7,1,1,0.7213,0.9139,0.9139,1,1,44.8
113.97,261.45,410.89,676.58,150.0,98.0,4.52,1.59,24.25,1756.3,139.6,0,3,0.9219,1.0,1.0,1,1,29.8
80.25,189.84,333.19,485.09,110.52,98.0,5.97,1.91,43.0,1333.1,125.8,1,2,0.9459,1.0,1.0,1,1,40.3
15.66,41.1,99.22,168.98,32.3,78.16,1.7,0.19,30.27,2075.4,97.1,3,1,0.4028,0.6123,0.6123,0,0,70.2
2.77,18.72,44.3,91.54,18.57,66.52,0.99,-0.02,35.87,1764.3,55.1,6,1,0.3273,0.5573,0.5573,0,0,66.4
9.43,33.47,63.82,157.1,0.0,86.52,1.94,-0.02,34.68,1144.2,162.2,0,3,0.3561,0.6877,0.6877,0,1,68.9
2.09,8.13,27.46,46.39,20.6,67.34,1.24,-0.09,33.48,1758.5,53.7,0,6,0.2727,0.67,0.67,0,1,74.2
19.51,41.42,97.79,233.5,37.15,98.0,1.49,0.29,31.11,1203.2,159.2,2,0,0.438,0.6428,0.6428,0,1,59.7
11.84,43.42,86.28,179.31,3.77,98.0,2.26,-0.08,15.62,1733.2,25.3,1,2,0.4248,0.5648,0.5648,0,0,69.0
30.1,71.82,153.7,264.79,43.49,98.0,1.92,0.26,18.6,2011.1,107.1,0,4,0.4676,0.7311,0.7311,0,1,65.0
4.98,22.14,50.01,117.67,0.0,52.58,1.47,-0.08,39.92,1249.2,53.1,3,2,0.2882,0.5877,0.5877,0,0,73.6
77.56,162.79,263.52,429.53,73.62,98.0,2.59,0.59,14.48,1216.2,211.6,1,2,0.6459,0.7723,0.7723,1,1,48.9
10.43,25.24,62.75,126.61,20.33,85.19,1.75,0.01,13.47,1949.1,87.8,1,0,0.3708,0.423,0.423,0,0,64.8
52.23,130.44,284.58,511.49,47.03,98.0,2.4,0.47,18.23,1588.8,117.4,4,1,0.6036,0.7981,0.7981,1,1,46.8
24.79,59.33,95.67,194.63,35.21,80.25,1.78,0.14,21.05,979.0,10.4,0,2,0.41,0.57,0.57,0,0,65.8
10.86,31.08,69.18,140.54,10.07,68.68,1.69,0.04,27.91,1650.4,82.0,0,1,0.3264,0.5301,0.5301,0,0,66.6
14.57,31.96,67.23,129.21,22.44,63.27,1.3,-0.0,29.8,1844.3,182.1,2,0,0.3089,0.4977,0.4977,0,0,72.5
1.76,10.65,20.04,71.88,17.4,69.12,0.99,-0.11,36.46,1560.7,235.9,0,1,0.2377,0.5397,0.5397,0,0,70.7
83.44,164.28,272.41,459.88,104.73,98.0,2.28,0.33,10.64,1779.9,153.3,3,1,0.6482,0.7225,0.7225,1,1,38.0
21.96,63.68,99.8,220.42,20.35,98.0,2.09,0.12,15.5,1352.0,65.1,1,1,0.4572,0.5503,0.5503,0,0,56.5
6.72,15.32,33.86,81.65,24.64,62.1,1.85,-0.04,26.19,2198.4,35.7,2,2,0.3267,0.4847,0.4847,0,0,60.1
17.63,46.92,89.87,210.51,25.06,96.88,1.97,0.0,17.03,1145.9,59.1,1,0,0.4269,0.5174,0.5174,0,0,69.5
2.32,10.58,36.35,77.96,27.37,71.99,0.88,-0.02,39.45,1214.2,99.0,1,3,0.2784,0.6516,0.6516,0,1,81.9
67.53,172.64,303.04,428.01,75.01,98.0,3.55,1.08,31.05,2026.5,10.0,0,1,0.7292,0.9232,0.9232,1,1,38.6
100.56,241.73,420.35,595.47,83.33,98.0,5.01,1.4,25.65,845.5,291.7,0,2,0.8705,1.0,1.0,1,1,27.4
20.88,57.32,115.56,215.24,23.84,88.35,1.68,-0.03,8.02,2379.2,50.5,0,2,0.3914,0.5127,0.5127,0,0,59.9
5.63,15.13,33.07,64.23,15.03,58.54,1.4,0.02,38.91,1787.9,191.2,3,5,0.2919,0.6656,0.6656,0,1,70.1
25.29,80.38,151.51,275.45,45.25,95.17,1.64,0.3,24.59,2082.3,91.8,2,0,0.4634,0.6484,0.6484,0,1,64.7
97.98,240.64,449.67,881.71,140.76,98.0,4.71,1.38,27.13,1713.5,130.2,2,1,0.8902,1.0,1.0,1,1,27.8
155.83,405.68,854.2,1482.1,150.0,98.0,6.2,2.8,33.14,2047.4,171.0,1,1,1.0,1.0,1.0,1,1,26.9
19.06,51.62,101.56,184.67,12.16,85.47,1.85,0.3,41.75,1466.4,40.7,2,1,0.4422,0.7274,0.7274,0,1,61.0
44.6,104.46,220.37,411.34,47.4,98.0,2.19,0.22,13.7,1701.6,111.8,2,1,0.5318,0.6833,0.6833,0,1,61.2
1.64,15.83,42.95,109.96,7.37,82.09,1.14,-0.03,10.56,1842.2,167.1,0,2,0.2904,0.4268,0.4268,0,0,74.5
8.04,28.9,81.49,179.86,8.11,98.0,1.1,-0.05,12.39,2238.2,176.8,2,1,0.3563,0.5031,0.5031,0,0,69.9
140.53,369.64,623.48,1149.9,150.0,98.0,6.2,2.68,34.67,807.4,64.5,1,2,1.0,1.0,1.0,1,1,23.5
88.48,172.33,363.11,618.47,132.87,98.0,2.02,0.5,12.65,929.7,156.5,1,2,0.6453,0.8794,0.8794,1,1,48.0
9.87,32.78,80.66,144.17,17.32,98.0,2.29,-0.03,26.04,1889.6,43.1,0,6,0.4136,0.7613,0.7613,0,1,64.4
26.38,78.58,148.17,284.54,38.94,98.0,2.1,0.44,33.43,1318.2,15.9,2,3,0.5162,0.813,0.813,0,1,60.0
23.09,60.13,118.66,230.92,35.56,93.6,2.23,0.31,33.66,1868.3,14.4,3,5,0.5023,0.8264,0.8264,0,1,56.4
4.77,16.78,54.73,90.65,2.34,79.01,2.06,0.01,22.63,1125.8,84.6,0,1,0.3472,0.4991,0.4991,0,0,68.7
129.39,347.63,514.82,1037.72,135.4,98.0,5.8,2.35,33.15,1786.6,58.0,3,2,1.0,1.0,1.0,1,1,26.2
6.61,30.18,78.6,155.08,0.0,66.44,1.39,0.08,42.2,1538.9,31.7,0,4,0.3083,0.7397,0.7397,0,1,70.5
116.59,278.39,416.19,731.59,117.09,98.0,2.41,0.59,9.01,952.8,59.5,1,2,0.7554,0.9151,0.9151,1,1,36.9
85.06,202.66,414.14,688.58,89.68,98.0,3.82,1.45,32.17,2283.6,63.7,3,0,0.8444,1.0,1.0,1,1,42.2
0.4,6.32,23.01,53.71,0.0,75.55,1.32,-0.07,26.81,2057.1,96.8,2,3,0.3062,0.5442,0.5442,0,0,69.7
42.3,118.56,221.71,411.97,45.69,98.0,2.09,0.24,15.65,2038.8,10.0,2,2,0.5371,0.7306,0.7306,0,1,56.4
67.4,159.95,238.14,414.61,73.53,98.0,2.8,0.56,19.08,1899.9,286.3,3,1,0.6366,0.7481,0.7481,1,1,43.2
8.36,22.48,60.22,133.07,24.88,79.1,1.1,0.08,38.14,785.2,55.9,2,1,0.3447,0.6302,0.6302,0,1,63.5
8.27,24.2,57.38,118.5,36.62,90.03,1.91,-0.06,29.13,1582.6,114.7,0,2,0.3624,0.6152,0.6152,0,0,66.4
0.14,14.09,47.08,88.91,4.54,81.52,1.85,-0.05,8.52,1989.1,43.9,1,1,0.3411,0.384,0.384,0,0,67.5
22.8,55.75,103.03,178.66,32.45,72.71,1.81,0.27,42.75,1107.6,172.1,3,1,0.4115,0.7015,0.7015,0,1,57.4
34.91,74.98,161.42,270.13,46.67,98.0,2.72,0.55,31.98,1765.2,73.7,2,1,0.5686,0.7576,0.7576,0,1,49.6
3.17,15.29,27.86,76.24,7.29,58.7,1.6,-0.13,23.94,2283.6,46.6,1,1,0.2791,0.4199,0.4199,0,0,75.1
158.06,344.24,672.97,945.36,150.0,98.0,6.2,2.8,33.64,1992.3,398.3,0,1,1.0,1.0,1.0,1,1,24.7
103.75,263.5,468.58,884.46,135.24,98.0,3.09,0.78,15.36,1653.6,240.5,0,0,0.7381,0.97,0.97,1,1,46.0
19.16,49.48,102.57,181.14,33.63,98.0,1.31,0.05,17.38,1261.4,23.9,4,2,0.4436,0.5988,0.5988,0,0,58.3
0.92,4.05,18.08,55.05,18.57,59.13,1.22,-0.02,13.48,1800.3,144.7,3,0,0.2758,0.2955,0.2955,0,0,67.7
19.49,47.91,97.13,184.59,14.19,98.0,2.05,0.13,22.29,1928.8,168.4,0,0,0.4263,0.5715,0.5715,0,0,56.9
7.39,25.67,49.8,111.6,0.0,76.73,1.62,0.06,40.57,1802.3,10.0,2,2,0.3642,0.6603,0.6603,0,1,59.5
9.2,20.39,41.94,74.93,27.8,60.47,1.65,-0.1,21.99,1996.4,389.2,2,4,0.2674,0.5165,0.5165,0,0,70.9
29.37,75.97,121.16,204.32,24.44,98.0,1.46,0.25,18.37,1210.8,31.8,1,0,0.4646,0.5695,0.5695,0,0,59.1
33.31,70.38,123.46,226.22,39.04,94.8,2.76,0.49,33.33,1587.9,286.8,2,0,0.5252,0.683,0.683,0,1,53.2
10.23,30.93,45.9,101.11,13.53,72.67,1.88,0.06,39.31,1655.3,127.4,4,1,0.3778,0.604,0.604,0,0,67.5
58.81,148.85,219.34,421.63,41.09,98.0,2.25,0.46,16.79,898.3,86.1,2,2,0.5966,0.7368,0.7368,0,1,48.6
10.43,24.93,41.25,86.04,8.24,56.93,1.41,0.1,37.09,1041.3,184.9,3,1,0.3096,0.5365,0.5365,0,0,66.8
29.55,68.0,146.93,313.06,29.94,98.0,2.28,0.28,18.97,1255.9,134.9,1,2,0.491,0.6658,0.6658,0,1,54.3
13.23,48.0,85.64,142.75,33.1,86.02,1.97,-0.01,16.9,828.8,161.8,1,2,0.3771,0.5408,0.5408,0,0,67.3
45.56,89.1,148.95,330.86,62.46,98.0,3.12,0.66,25.03,1135.4,234.2,1,1,0.5933,0.6867,0.6867,0,1,50.3
47.67,119.36,191.41,344.58,60.62,98.0,1.98,0.11,10.4,1611.6,76.5,0,1,0.5037,0.6216,0.6216,0,1,57.9
79.62,155.69,303.59,577.54,116.99,98.0,4.75,1.68,39.04,1643.9,66.6,2,1,0.8853,0.9878,0.9878,1,1,37.7
55.13,128.84,233.95,460.52,93.51,98.0,4.09,1.26,39.48,1161.6,276.0,4,3,0.745,0.9661,0.9661,1,1,50.5
34.92,86.17,167.67,285.22,38.47,98.0,1.66,0.55,32.39,2311.7,191.9,1,0,0.4957,0.7384,0.7384,0,1,47.9
114.44,219.78,439.76,881.63,108.08,98.0,3.33,1.07,18.9,1520.8,10.0,1,6,0.8459,1.0,1.0,1,1,37.8
4.49,12.53,23.42,70.12,0.0,59.66,0.97,0.0,14.0,1801.5,127.3,2,5,0.2692,0.4577,0.4577,0,0,67.2
32.71,91.22,148.63,254.77,38.74,98.0,2.7,0.63,33.16,800.1,281.1,1,1,0.5331,0.7513,0.7513,0,1,54.9
37.96,86.63,164.62,278.05,69.16,98.0,1.41,0.19,11.71,1408.7,138.1,0,2,0.4538,0.6293,0.6293,0,1,55.0
6.83,19.95,37.17,63.87,10.15,60.5,1.78,-0.04,22.8,1644.5,96.7,1,1,0.3026,0.4272,0.4272,0,0,64.1
60.84,134.24,292.73,535.82,98.14,98.0,2.24,0.29,11.2,1265.2,23.2,2,6,0.5933,0.9018,0.9018,0,1,46.6
1.02,2.01,27.17,64.82,0.0,75.94,1.47,-0.08,23.35,1032.8,360.9,0,2,0.2588,0.4927,0.4927,0,0,69.6
3.25,16.55,28.99,69.72,2.34,57.0,1.55,-0.12,12.84,1081.9,118.1,2,1,0.2751,0.3278,0.3278,0,0,63.7
15.43,36.4,81.37,158.88,28.61,80.96,1.97,-0.09,9.16,1519.8,12.8,1,2,0.3841,0.4594,0.4594,0,0,61.8
17.15,42.54,86.82,185.71,33.67,98.0,1.19,0.23,24.19,867.2,315.1,1,5,0.3826,0.724,0.724,0,1,61.9
148.66,317.09,530.92,814.66,150.0,98.0,6.2,2.4,28.44,1136.9,87.2,0,0,1.0,1.0,1.0,1,1,27.5
149.86,394.16,601.06,861.06,150.0,98.0,5.46,2.07,23.82,1937.2,20.5,1,3,1.0,1.0,1.0,1,1,20.6
64.56,159.45,306.22,612.36,65.83,98.0,2.85,0.41,14.34,1104.3,30.8,2,2,0.6411,0.8234,0.8234,1,1,47.4
70.99,153.6,323.47,599.1,108.01,98.0,2.29,0.32,10.79,942.9,412.3,1,1,0.5615,0.7861,0.7861,0,1,42.1
3.09,7.73,21.94,46.08,11.28,49.75,1.39,-0.15,12.55,888.2,68.9,2,4,0.2545,0.3865,0.3865,0,0,73.9
0.28,15.27,47.43,70.75,16.39,47.92,1.7,-0.17,34.18,2381.4,65.3,2,4,0.2563,0.5856,0.5856,0,0,75.1
16.73,40.41,72.76,112.9,34.91,84.68,1.13,-0.13,8.57,893.3,79.9,1,4,0.3451,0.5146,0.5146,0,0,67.1
53.84,122.55,251.49,408.82,45.35,98.0,3.02,1.22,39.08,1465.3,144.7,2,4,0.6874,1.0,1.0,1,1,41.5
21.93,58.39,113.04,242.18,27.66,95.88,3.03,0.31,38.24,1593.3,54.5,0,2,0.5042,0.7726,0.7726,0,1,60.0
34.59,79.94,149.19,307.96,31.75,98.0,2.58,0.62,39.7,2341.6,65.6,3,1,0.5801,0.8043,0.8043,0,1,54.4
149.77,351.59,611.64,1011.67,150.0,98.0,6.2,2.8,39.63,2220.3,164.5,0,0,1.0,1.0,1.0,1,1,28.3
15.62,34.31,74.57,143.92,21.65,77.19,1.83,0.22,32.03,1142.2,74.2,1,1,0.3926,0.5935,0.5935,0,0,65.5
12.31,35.56,87.49,154.81,34.0,90.08,2.2,0.12,38.51,889.8,150.0,4,2,0.4393,0.7272,0.7272,0,1,52.3
94.43,233.34,473.12,800.93,98.16,98.0,5.15,1.73,34.29,1472.6,393.1,2,4,0.9015,1.0,1.0,1,1,33.9
1.5,11.86,36.43,85.23,11.36,59.77,1.39,-0.03,18.8,916.5,394.1,0,2,0.2219,0.4223,0.4223,0,0,73.1
73.51,141.63,225.44,323.16,93.88,98.0,3.92,1.41,35.18,2187.3,71.1,1,2,0.7947,0.8914,0.8914,1,1,38.3
13.99,31.71,69.6,127.87,9.83,65.44,1.19,0.07,30.16,1911.2,32.0,1,1,0.325,0.5396,0.5396,0,0,67.0
28.98,73.42,167.87,293.05,27.5,98.0,0.92,0.12,8.99,2307.2,34.7,3,2,0.4459,0.6115,0.6115,0,0,55.3
13.28,40.67,88.28,175.13,17.23,76.25,1.27,0.14,36.31,1689.6,205.3,1,0,0.3344,0.6119,0.6119,0,0,64.4
3.24,9.74,21.61,46.12,18.48,48.5,1.5,-0.02,39.35,1351.3,10.0,3,3,0.2878,0.567,0.567,0,0,77.4
